record,method,removed,n_removed,share_removed,power_kept,seconds,wall_s,threshold
chb01_11.edf,infomax,"[0, 1]",2.0,0.125,0.3276730062005759,20.1,21.8,
chb01_11.edf,gedai,,,,0.9995707135590968,18.2,19.9,4.0271379187577133e-13
chb01_11.edf,amica,"[0, 2, 7]",3.0,0.1875,0.29420453942197566,186.5,188.2,
chb03_08.edf,infomax,"[0, 1]",2.0,0.125,0.5695990965201855,19.0,20.6,
chb03_08.edf,gedai,,,,0.9990978842605517,15.2,16.8,1.2146139068665534e-13
chb03_08.edf,amica,"[0, 1]",2.0,0.125,0.6268153962626486,187.2,189.2,
chb05_14.edf,infomax,[0],1.0,0.0625,0.774652624463851,18.5,20.2,
chb05_14.edf,gedai,,,,0.9993097945791699,15.0,16.6,2.082132827837605e-11
chb05_14.edf,amica,[0],1.0,0.0625,0.7701774920626379,187.7,189.6,
chb07_10.edf,infomax,[],0.0,0.0,1.0,71.2,75.9,
chb07_10.edf,gedai,,,,0.9993791123346751,75.5,82.8,1.2157358662725693e-12
chb07_10.edf,amica,[],0.0,0.0,1.0,726.2,731.0,
chb08_15.edf,infomax,"[6, 14]",2.0,0.125,0.9183085135633499,18.7,20.4,
chb08_15.edf,gedai,,,,0.9992666781216593,14.8,16.4,3.723130180195859e-11
chb08_15.edf,amica,[14],1.0,0.0625,0.9702429098031812,187.7,189.3,
chb13_03.edf,infomax,[0],1.0,0.0625,0.7883309761674532,18.4,20.0,
chb13_03.edf,gedai,,,,0.9995841668140382,15.0,16.6,3.0615144368215884e-11
chb13_03.edf,amica,"[0, 6]",2.0,0.125,0.7377746977191775,186.1,187.7,
chb17b_59.edf,infomax,[0],1.0,0.0625,0.62139227567175,20.7,22.3,
chb17b_59.edf,gedai,,,,0.9989998896116989,14.9,16.5,2.3656252152695163e-11
chb17b_59.edf,amica,"[0, 3]",2.0,0.125,0.5525289742646741,183.8,185.5,
chb22_10.edf,infomax,"[0, 1]",2.0,0.125,0.2972269971203801,19.9,21.5,
chb22_10.edf,gedai,,,,0.9994563977617229,15.5,17.4,2.739458049086997e-11
chb22_10.edf,amica,"[0, 1]",2.0,0.125,0.2919148918453791,199.5,201.5,
