metric,model_a,model_b,n,mean_a,mean_b,mean_diff,p_naive_wilcoxon,p_corrected,p_corrected_conservative,p_sign,delta_min_naive,delta_min_corrected,bayes_p_b_better_r02,bayes_p_equiv_r02,bayes_p_a_better_r02,bayes_p_b_better_r05,bayes_p_equiv_r05,bayes_p_a_better_r05,p_naive_wilcoxon_holm,p_corrected_holm,p_corrected_conservative_holm,p_sign_holm,sig_naive,sig_corrected
log_loss,attention,early,24,0.8486504279155668,1.030978632034558,-0.18232820411899098,0.28966712951660156,0.3252023786243512,0.3565797847541998,0.8388197422027588,0.39976963667335,0.49316134122206035,0.8099826836709615,0.05195962738172055,0.13805768894731796,0.7635091633702925,0.13001270668614598,0.10647812994356151,1.0,1.0,1.0,1.0,False,False
log_loss,attention,gated,24,0.8486504279155668,0.6546367229582399,0.19401370495732698,0.017870306968688965,0.09588480427673352,0.11780941149914732,0.15158963203430176,0.3279797401306234,0.3855185276077474,0.0339840154425049,0.032538745480495956,0.9334772390769992,0.019716758539234002,0.08541502499901943,0.8948682164617465,0.8220341205596924,1.0,1.0,1.0,False,False
log_loss,attention,late,24,0.8486504279155668,0.9361035466961768,-0.0874531187806098,0.9888126850128174,0.6867993982378856,0.7058669350108328,1.0,0.34422329222929127,0.4545068011904708,0.6221828751330236,0.06750291970337918,0.3103142051635972,0.5686473167603832,0.1676802119096682,0.26367247132994864,1.0,1.0,1.0,1.0,False,False
log_loss,attention,logvar,24,0.8486504279155668,0.6091908031346828,0.23945962478088414,0.03148162364959717,0.08796719118761495,0.10895584658098678,0.30745625495910645,0.4005727908140069,0.46977134706115237,0.03296441199560507,0.02506617261510513,0.9419694153892898,0.020976590444359563,0.06500253799487565,0.9140208715607648,1.0,1.0,1.0,1.0,False,False
log_loss,attention,raw1d,24,0.8486504279155668,0.8045084007032539,0.044142027212312966,0.8774070739746094,0.7455713609050029,0.7613519936928148,0.8388197422027588,0.20529057034364678,0.2745043211535999,0.31885797073954636,0.11065627239775566,0.570485756862698,0.24534917966812397,0.271844219051793,0.482806601280083,1.0,1.0,1.0,1.0,False,False
log_loss,attention,raw1d_wide,24,0.8486504279155668,0.8692208724639906,-0.020570444548423703,0.7257407903671265,0.8814717649469319,0.8890235147962461,0.5412561893463135,0.18414749888567405,0.25440430206320896,0.5016499619957528,0.1139191099131327,0.38443092809111445,0.4155606650672831,0.27947622811906414,0.3049631068136527,1.0,1.0,1.0,1.0,False,False
log_loss,attention,score,24,0.8486504279155668,0.5010496217774681,0.34760080613809885,0.0004298686981201172,0.014188807228505193,0.02073662310483842,0.022655844688415527,0.5046427605071362,0.572092719937102,0.005010438158278939,0.004963476180254722,0.9900260856614663,0.0029395132045573454,0.013436787179375465,0.9836236996160672,0.022353172302246094,0.73781797588227,1.0,1.0,True,False
log_loss,attention,shallow,24,0.8486504279155668,0.6204340294424108,0.22821639847315608,0.029131293296813965,0.10324804691933928,0.12598073515978309,0.06391465663909912,0.38947971765029854,0.45874276509352674,0.03894744676716703,0.02868844629179168,0.9323641069410413,0.025011701089854267,0.07408600050319392,0.9009022984069518,1.0,1.0,1.0,1.0,False,False
log_loss,attention,spec2d,24,0.8486504279155668,0.8200949359184252,0.02855549199714152,0.899570107460022,0.8912037947012774,0.8981433696061273,0.8388197422027588,0.2760967848659085,0.3824164637588731,0.4080785763889837,0.07557390365764438,0.5163475199533719,0.3535433359988265,0.18736752211731944,0.4590891418838541,1.0,1.0,1.0,1.0,False,False
log_loss,attention,spec2d_wide,24,0.8486504279155668,0.8606414843870059,-0.011991056471439054,1.0,0.9511519480000662,0.9542827778869509,0.8388197422027588,0.24412294098839638,0.34382423581739985,0.4836809291843184,0.08121547433469462,0.435103596480987,0.4230455558410303,0.20109135038776071,0.37586309377120897,1.0,1.0,1.0,1.0,False,False
log_loss,early,gated,24,1.030978632034558,0.6546367229582399,0.376341909076318,0.0020009279251098633,0.08672988733108615,0.10756557792737108,0.006610751152038574,0.6284986541987256,0.7368006827670353,0.036099795996135206,0.015754777325560076,0.9481454266783047,0.027196539466152216,0.04000197402845773,0.9328014865053901,0.0980454683303833,1.0,1.0,0.35036981105804443,False,False
log_loss,early,late,24,1.030978632034558,0.9361035466961768,0.09487508533838114,0.49079859256744385,0.7197738332928996,0.737022873878109,0.5412561893463135,0.40806089767366177,0.5425750816121451,0.3321072753943249,0.05637191608875458,0.6115208085169206,0.29225866515451143,0.14029414715979605,0.5674471876856926,1.0,1.0,1.0,1.0,False,False
log_loss,early,logvar,24,1.030978632034558,0.6091908031346828,0.4217878288998751,0.015044927597045898,0.0614256696454878,0.07866764371820355,0.06391465663909912,0.6789460400113392,0.7893962122359579,0.025459240432094955,0.011441589244807426,0.9630991703230977,0.019077258588548,0.029132894632020068,0.9517898467794319,0.7071115970611572,1.0,1.0,1.0,False,False
log_loss,early,raw1d,24,1.030978632034558,0.8045084007032539,0.22647023133130395,0.15998530387878418,0.24547960350351855,0.276217910558883,0.5412561893463135,0.45428863037537515,0.5521372711074726,0.10373134282240534,0.04050826098383431,0.8557603961937603,0.07959595767310551,0.10174845476002137,0.8186555875668731,1.0,1.0,1.0,1.0,False,False
log_loss,early,raw1d_wide,24,1.030978632034558,0.8692208724639906,0.16175775957056723,0.47316575050354004,0.43614543294931807,0.4657870182988876,0.5412561893463135,0.4064597976114108,0.5115600086002462,0.1912011740645574,0.055946453736752555,0.7528523721986901,0.15514026855504687,0.1394934163241548,0.7053663151207983,1.0,1.0,1.0,1.0,False,False
log_loss,early,score,24,1.030978632034558,0.5010496217774681,0.5299290102570898,3.6597251892089844e-05,0.007208515855075764,0.011163354650435721,0.001543879508972168,0.7454067373460634,0.8379550248951266,0.0027753403277464964,0.0018915100161261966,0.9953331496561273,0.0018660279973355183,0.004967271837279297,0.9931667001653852,0.0020128488540649414,0.38239107009191836,0.5939815148128641,0.08336949348449707,True,False
log_loss,early,shallow,24,1.030978632034558,0.6204340294424108,0.4105446025921469,0.005897641181945801,0.04587775402151392,0.060358614176561354,0.022655844688415527,0.6437428937735892,0.7439022132530394,0.018527464111324197,0.009743743437997443,0.9717287924506783,0.013341507063283433,0.024988790969360686,0.9616697019673559,0.28308677673339844,1.0,1.0,1.0,False,False
log_loss,early,spec2d,24,1.030978632034558,0.8200949359184252,0.21088369611613247,0.2405325174331665,0.4254636098438205,0.4553762680666722,0.30745625495910645,0.5224931632255359,0.6563303024726166,0.19177897794235998,0.04327485826343391,0.7649461637942061,0.16296937526731586,0.10802851790980839,0.7290021068228758,1.0,1.0,1.0,1.0,False,False
log_loss,early,spec2d_wide,24,1.030978632034558,0.8606414843870059,0.17033714764755192,0.45587432384490967,0.44059691406209023,0.4701198842270903,1.0,0.43056865695587376,0.5423388193673637,0.1948005731815115,0.052938387969107215,0.7522610388493813,0.16030245089790396,0.13202143047199655,0.7076761186300995,1.0,1.0,1.0,1.0,False,False
log_loss,gated,late,24,0.6546367229582399,0.9361035466961768,-0.2814668237379368,0.09509599208831787,0.14034358404148625,0.1663854717441269,0.5412561893463135,0.5024301133347833,0.5973344653514161,0.9153016003036338,0.02694425813651398,0.05775414155985219,0.8891231272202755,0.06825957387332993,0.04261729890639454,1.0,1.0,1.0,1.0,False,False
log_loss,gated,logvar,24,0.6546367229582399,0.6091908031346828,0.045445919823557133,0.7898378372192383,0.7175156366981856,0.7348913871997456,1.0,0.19420853509973826,0.25810249519077727,0.30146598306754446,0.11819194144427192,0.5803420754881836,0.22479205957903897,0.28968863332962724,0.48551930709133384,1.0,1.0,1.0,1.0,False,False
log_loss,gated,raw1d,24,0.6546367229582399,0.8045084007032539,-0.149871677745014,0.1779801845550537,0.28211550974205934,0.31338844438995617,0.8388197422027588,0.3130143257782633,0.38308455023103183,0.8251026955546023,0.06267183526657051,0.11222546917882724,0.7648030060923594,0.15748729255806,0.07770970134958059,1.0,1.0,1.0,1.0,False,False
log_loss,gated,raw1d_wide,24,0.6546367229582399,0.8692208724639906,-0.21458414950575075,0.036649227142333984,0.16353961788879762,0.19112484295763515,0.15158963203430176,0.3933324640942858,0.47010536605931996,0.8976248297959513,0.0377383654459149,0.06463680475813384,0.8594789870113394,0.09592464734835597,0.04459636564030463,1.0,1.0,1.0,1.0,False,False
log_loss,gated,score,24,0.6546367229582399,0.5010496217774681,0.15358710118077182,0.02112710475921631,0.1862699179951948,0.21505311192762433,0.15158963203430176,0.2887471188547601,0.34679872516144666,0.06862844199733603,0.05543505199893528,0.8759365060037287,0.04201926192795848,0.1418326488617916,0.81614808921025,0.9295926094055176,1.0,1.0,1.0,False,False
log_loss,gated,shallow,24,0.6546367229582399,0.6204340294424108,0.03420269351582906,0.9664472341537476,0.7996793604129528,0.8122696956320761,1.0,0.19393697065159074,0.2625432902537001,0.34394596004009004,0.1140685435368235,0.5419854964230865,0.26680774092618,0.27986985631993067,0.45332240275388935,1.0,1.0,1.0,1.0,False,False
log_loss,gated,spec2d,24,0.6546367229582399,0.8200949359184252,-0.16545821296018548,0.26434290409088135,0.33499153492104505,0.36632358676072474,1.0,0.3669019858049677,0.45342265068328724,0.8022077958961473,0.05724213110930118,0.1405500729945515,0.7505767149604436,0.14317395737352112,0.10624932766603523,1.0,1.0,1.0,1.0,False,False
log_loss,gated,spec2d_wide,24,0.6546367229582399,0.8606414843870059,-0.20600476142876603,0.2405325174331665,0.2511753648164321,0.28202692193058726,0.5412561893463135,0.4158213419167772,0.5059381511383059,0.8505616836180218,0.0447468546023016,0.10469146177967664,0.8090373421995694,0.11244318278049281,0.07851947501993783,1.0,1.0,1.0,1.0,False,False
log_loss,late,logvar,24,0.9361035466961768,0.6091908031346828,0.32691274356149397,0.26434290409088135,0.16280596257558866,0.19034761743744502,0.8388197422027588,0.5987355953001435,0.7154842717641727,0.06981201056128364,0.024681256874875768,0.9055067325638406,0.0549964937795608,0.06216101302414012,0.882842493196299,1.0,1.0,1.0,1.0,False,False
log_loss,late,raw1d,24,0.9361035466961768,0.8045084007032539,0.13159514599292277,0.8774070739746094,0.5233343847294867,0.5501120856616433,1.0,0.37503239837120494,0.47958938037406573,0.23143275414972536,0.06251081124991764,0.7060564346003569,0.1901976864907452,0.15555221567884037,0.6542500978304144,1.0,1.0,1.0,1.0,False,False
log_loss,late,raw1d_wide,24,0.9361035466961768,0.8692208724639906,0.06688267423218607,0.8774070739746094,0.7292364635348938,0.7459512707460834,0.8388197422027588,0.2957364687027151,0.39402981467163384,0.3266292474059741,0.07745171823822938,0.5959190343557965,0.27316322011566685,0.19198083373677466,0.5348559461475585,1.0,1.0,1.0,1.0,False,False
log_loss,late,score,24,0.9361035466961768,0.5010496217774681,0.43505392491870865,0.0012379884719848633,0.029041050298083976,0.039830998534540696,0.06391465663909912,0.6590692555211187,0.7552844677013999,0.01151854185989715,0.006706661168496941,0.9817747969716059,0.008076831547373996,0.01732587801985197,0.974597290432774,0.061899423599243164,1.0,1.0,1.0,False,False
log_loss,late,shallow,24,0.9361035466961768,0.6204340294424108,0.31566951725376585,0.22918963432312012,0.17874981302928553,0.20716808407836879,0.5412561893463135,0.588543386732125,0.7057434782602903,0.0769076416245291,0.02648593310872349,0.8966064252667474,0.06088771515113351,0.06664179871630138,0.8724704861325651,1.0,1.0,1.0,1.0,False,False
log_loss,late,spec2d,24,0.9361035466961768,0.8200949359184252,0.11600861077775132,0.8774070739746094,0.5488595443041693,0.5746083749895237,0.5412561893463135,0.34460398070721643,0.4427863326116477,0.24140781842138653,0.0682781032216686,0.6903140783569448,0.19646417707725056,0.16970571847392057,0.6338301044488288,1.0,1.0,1.0,1.0,False,False
log_loss,late,spec2d_wide,24,0.9361035466961768,0.8606414843870059,0.07546206230917075,0.8333734273910522,0.707199755892099,0.7251503914982758,1.0,0.3133520356981907,0.4155264458317967,0.31749047956884763,0.0736814929501789,0.6088280274809735,0.26671037635403616,0.1827933214796601,0.5504963021663037,1.0,1.0,1.0,1.0,False,False
log_loss,logvar,raw1d,24,0.6091908031346828,0.8045084007032539,-0.19531759756857117,0.08937323093414307,0.11593730761090168,0.1399355255452811,0.5412561893463135,0.33865582866598404,0.4002200005532245,0.9219622133411918,0.03562155281440977,0.04241623384439846,0.8817444560087673,0.09238999057081314,0.025865553420419584,1.0,1.0,1.0,1.0,False,False
log_loss,logvar,raw1d_wide,24,0.6091908031346828,0.8692208724639906,-0.2600300693293079,0.02112710475921631,0.08482042077073902,0.10541632647776396,0.30745625495910645,0.4331265192433571,0.507471929494286,0.9450122661846397,0.022592357226002953,0.03239537658935731,0.9203735832388648,0.05835907214712767,0.021267344614007578,0.9295926094055176,1.0,1.0,1.0,False,False
log_loss,logvar,score,24,0.6091908031346828,0.5010496217774681,0.10814118135721472,0.03148162364959717,0.21997770309994533,0.25005793911351504,0.006610751152038574,0.2109654952939884,0.25512882624153593,0.07436868047071787,0.08301508576838024,0.8426162337609019,0.03905810564233466,0.21323345775109281,0.7477084366065725,1.0,1.0,1.0,0.35036981105804443,False,False
log_loss,logvar,shallow,24,0.6091908031346828,0.6204340294424108,-0.011243226307728088,0.6230943202972412,0.8997168266972173,0.9061192321119422,0.8388197422027588,0.11703514188483036,0.16247306605206047,0.46090397453377785,0.17584238816039066,0.3632536373058315,0.33229822916474827,0.4204047726776185,0.24729699815763323,1.0,1.0,1.0,1.0,False,False
log_loss,logvar,spec2d,24,0.6091908031346828,0.8200949359184252,-0.21090413278374262,0.5456695556640625,0.31291913219083733,0.3443188473937401,0.8388197422027588,0.4559828835352028,0.5612448936887896,0.819972805439285,0.04488005208202289,0.13514714247869214,0.7803833045681173,0.11233111886116143,0.10728557657072124,1.0,1.0,1.0,1.0,False,False
log_loss,logvar,spec2d_wide,24,0.6091908031346828,0.8606414843870059,-0.25145068125232317,0.22918963432312012,0.19710782743080305,0.2263661862056568,0.30745625495910645,0.47840996735915897,0.5758896166774964,0.883079221194933,0.034400286091302176,0.08252049271376484,0.8508531293667192,0.08667744716200176,0.06246942347127903,1.0,1.0,1.0,1.0,False,False
log_loss,raw1d,raw1d_wide,24,0.8045084007032539,0.8692208724639906,-0.0647124717607367,0.6033114194869995,0.6564046555227487,0.6770828704879079,0.8388197422027588,0.2368457384492621,0.31077745880600816,0.6208595645888164,0.09867959017429528,0.2804608452368883,0.5403657103174695,0.24339800374924164,0.21623628593328886,1.0,1.0,1.0,1.0,False,False
log_loss,raw1d,score,24,0.8045084007032539,0.5010496217774681,0.3034587789257858,0.0001270771026611328,0.007075695717718248,0.01097477162296003,0.0002771615982055664,0.42651784928236675,0.4793720648096107,0.0022339794138115663,0.003318217656462674,0.9944478029297258,0.001105734927700488,0.009588238199421784,0.9893060268728777,0.006735086441040039,0.38239107009191836,0.5939815148128641,0.015243887901306152,True,False
log_loss,raw1d,shallow,24,0.8045084007032539,0.6204340294424108,0.18407437126084306,0.1355280876159668,0.1761553094498952,0.20444067582123795,0.5412561893463135,0.34220523976129996,0.4101228908618266,0.06772478548583478,0.04529133931636353,0.8869838751978016,0.04459106208380447,0.11538361682489318,0.8400253210913023,1.0,1.0,1.0,1.0,False,False
log_loss,raw1d,spec2d,24,0.8045084007032539,0.8200949359184252,-0.015586535215171457,0.7257407903671265,0.9462236809754059,0.9496694952060064,0.5412561893463135,0.2896313890885076,0.4073344216953908,0.49238071766355196,0.06880092980730079,0.43881835252914725,0.44081902570085907,0.17081607717559322,0.3883648971235477,1.0,1.0,1.0,1.0,False,False
log_loss,raw1d,spec2d_wide,24,0.8045084007032539,0.8606414843870059,-0.05613308368375203,0.6431422233581543,0.7779454272281486,0.7918335997082824,0.30745625495910645,0.29199914511412056,0.3933042793905244,0.5720581269657428,0.07678176521116942,0.3511601078230878,0.512300541941467,0.19033059989584666,0.2973688581626863,1.0,1.0,1.0,1.0,False,False
log_loss,raw1d_wide,score,24,0.8692208724639906,0.5010496217774681,0.3681712506865226,9.083747863769531e-05,0.006952564910762152,0.010799663905688438,0.006610751152038574,0.5170944629564361,0.5810573999062727,0.0023783065216397875,0.0026717297826600594,0.9949499636957001,0.0013329390388898657,0.007390736332568371,0.9912763246285418,0.004905223846435547,0.38239107009191836,0.5939815148128641,0.35036981105804443,True,False
log_loss,raw1d_wide,shallow,24,0.8692208724639906,0.6204340294424108,0.24878684302157975,0.07872927188873291,0.15421133587851377,0.18121795658200338,0.5412561893463135,0.45123519165963777,0.5381873246559709,0.06254143919800154,0.031761750525182375,0.9056968102768161,0.045038241492568104,0.08053038724169514,0.8744313712657368,1.0,1.0,1.0,1.0,False,False
log_loss,raw1d_wide,spec2d,24,0.8692208724639906,0.8200949359184252,0.04912593654556524,0.746925950050354,0.8125260051190639,0.8243399971912513,0.8388197422027588,0.29462927841596875,0.4000736516448376,0.36937060335206473,0.07469471566886476,0.5559346809790705,0.31645093137569913,0.18523355843534717,0.4983155101889537,1.0,1.0,1.0,1.0,False,False
log_loss,raw1d_wide,spec2d_wide,24,0.8692208724639906,0.8606414843870059,0.008579388076984662,0.899570107460022,0.9679437967129854,0.9699997976270577,0.8388197422027588,0.261761947985795,0.37050456687917743,0.4467619596448001,0.07456941985481147,0.4786686205003885,0.39197605592570794,0.18491402702465765,0.4231099170496344,1.0,1.0,1.0,1.0,False,False
log_loss,score,shallow,24,0.5010496217774681,0.6204340294424108,-0.1193844076649428,0.1779801845550537,0.3436851206619336,0.3749572401075524,0.30745625495910645,0.26742806042604067,0.3310132241023327,0.7854294627159408,0.07926140798081568,0.13530912930324349,0.7101930833346495,0.1981202447903459,0.09168667187500462,1.0,1.0,1.0,1.0,False,False
log_loss,score,spec2d,24,0.5010496217774681,0.8200949359184252,-0.3190453141409573,0.019441962242126465,0.046018729326438426,0.06052703705861614,0.15158963203430176,0.5003982937552347,0.5782899066470454,0.9699248123835891,0.012604183397174912,0.017471004219236013,0.9557413175738511,0.03284833315119637,0.011410349274952577,0.8748883008956909,1.0,1.0,1.0,False,False
log_loss,score,spec2d_wide,24,0.5010496217774681,0.8606414843870059,-0.35959186260953785,0.0006498098373413086,0.01526407800091467,0.022166330625778843,0.006610751152038574,0.5240631164078864,0.5947039807594923,0.9894486096184524,0.005067539299279268,0.005483851082268352,0.9830869875309178,0.013609285329415521,0.003303727139666646,0.03314030170440674,0.7784679780466481,1.0,0.35036981105804443,True,False
log_loss,shallow,spec2d,24,0.6204340294424108,0.8200949359184252,-0.19966090647601453,0.3305051326751709,0.3847613681714316,0.4155191648507853,0.5412561893463135,0.469825305530148,0.5858616719192256,0.7832828050732843,0.046817881200109324,0.16989931372660638,0.7434045295882046,0.11692515234173384,0.13967031807006158,1.0,1.0,1.0,1.0,False,False
log_loss,shallow,spec2d_wide,24,0.6204340294424108,0.8606414843870059,-0.24020745494459508,0.22918963432312012,0.2843135352105403,0.3156047039514169,0.5412561893463135,0.5029124041415782,0.6157449159157782,0.8373182279173877,0.039112594484687874,0.12356917759792438,0.8028370205506672,0.097979720733168,0.0991832587161648,1.0,1.0,1.0,1.0,False,False
log_loss,spec2d,spec2d_wide,24,0.8200949359184252,0.8606414843870059,-0.04054654846858056,0.4389305114746094,0.7952182285062862,0.8080766061405414,0.30745625495910645,0.225686024420535,0.3052039480990662,0.5523466451103425,0.09835196420034753,0.34930139068931,0.47585692379104844,0.24247153627689372,0.2816715399320579,1.0,1.0,1.0,1.0,False,False
