acc,f1_macro,precision_macro,recall_macro,auc,log_loss,brier,f1_c0,recall_c0,f1_c1,recall_c1,f1_c2,recall_c2,recall_ictal,cm,model,repeat,fold,params,sec,blend_w
0.96,0.96231078158789,0.9679722562219503,0.9583333333333334,0.9979166666666667,0.10731052187430361,0.06392426934024777,0.963855421686747,1.0,0.9487179487179487,0.925,0.9743589743589743,0.95,0.95,"[[40, 0, 0], [3, 37, 0], [0, 1, 19]]",raw1d,0,0,27075,28.3805044000037,
0.96,0.9622778662789798,0.9608711701734958,0.9666666666666667,0.9986805555555556,0.12027305202450328,0.0668306528737184,0.963855421686747,1.0,0.9473684210526315,0.9,0.975609756097561,1.0,1.0,"[[40, 0, 0], [3, 36, 1], [0, 0, 20]]",spec2d,0,0,32227,11.637468899978558,
0.97,0.9749647942419027,0.9767441860465116,0.975,0.9972222222222222,0.12607714647964435,0.06049174766107634,0.963855421686747,1.0,0.961038961038961,0.925,1.0,1.0,1.0,"[[40, 0, 0], [3, 37, 0], [0, 0, 20]]",raw1d_wide,0,0,99795,48.075004199985415,
0.98,0.9790044317822096,0.9835365853658536,0.975,0.9995138888888889,0.059924037114295815,0.032904882992709765,0.9876543209876543,1.0,0.975,0.975,0.9743589743589743,0.95,0.95,"[[40, 0, 0], [1, 39, 0], [0, 1, 19]]",spec2d_wide,0,0,97775,17.064708699996118,
0.97,0.9706646823040771,0.9755799755799756,0.9666666666666667,0.9994444444444444,0.06613490784496841,0.0389660511826157,0.975609756097561,1.0,0.9620253164556962,0.95,0.9743589743589743,0.95,0.95,"[[40, 0, 0], [2, 38, 0], [0, 1, 19]]",late,0,0,98571,27.725286600005347,
0.95,0.9458346531517262,0.9433719433719433,0.9499999999999998,0.9965972222222222,0.14495150930591963,0.08447052560618631,0.975609756097561,1.0,0.935064935064935,0.9,0.926829268292683,0.95,0.95,"[[40, 0, 0], [2, 36, 2], [0, 1, 19]]",gated,0,0,98698,29.956761099980213,
0.96,0.96231078158789,0.9679722562219503,0.9583333333333334,0.9984722222222223,0.09980111093718598,0.05809578200590973,0.963855421686747,1.0,0.9487179487179487,0.925,0.9743589743589743,0.95,0.95,"[[40, 0, 0], [3, 37, 0], [0, 1, 19]]",attention,0,0,98544,26.065004900010535,
0.84,0.8324856546687532,0.8307013600089919,0.8583333333333334,0.9710416666666667,0.5467562315029825,0.26401827927557925,0.8888888888888888,0.9,0.8169014084507042,0.725,0.7916666666666666,0.95,0.95,"[[36, 2, 2], [4, 29, 7], [1, 0, 19]]",early,0,0,97507,32.52988460002234,
0.96,0.9622778662789798,0.9608711701734958,0.9666666666666667,0.9986805555555556,0.12027305202450328,0.0668306528737184,0.963855421686747,1.0,0.9473684210526315,0.9,0.975609756097561,1.0,1.0,"[[40, 0, 0], [3, 36, 1], [0, 0, 20]]",score,0,0,59302,0.0972786000056658,0.0
0.6,0.6443989950056684,0.6358799766783275,0.6666666666666666,0.7473611111111111,0.6516383035776222,0.44588189135649636,0.5681818181818182,0.625,0.43478260869565216,0.375,0.9302325581395349,1.0,1.0,"[[25, 14, 1], [23, 15, 2], [0, 0, 20]]",logvar,0,0,3,0.07568360000732355,
0.96,0.9584530431770482,0.9538239538239538,0.9666666666666667,0.9971527777777777,0.1196313352540575,0.06174263060902855,0.975609756097561,1.0,0.9473684210526315,0.9,0.9523809523809523,1.0,1.0,"[[40, 0, 0], [2, 36, 2], [0, 0, 20]]",shallow,0,0,21,0.03417349999654107,
0.98,0.9791035008694781,0.9841269841269842,0.975,0.9959027777777777,0.09611346566771935,0.036260498898863236,0.975609756097561,1.0,0.9873417721518988,0.975,0.9743589743589743,0.95,0.95,"[[40, 0, 0], [1, 39, 0], [1, 0, 19]]",raw1d,0,1,27075,22.13817999997991,
0.97,0.9708577901348986,0.9767441860465116,0.9666666666666667,0.9995833333333333,0.08385460121985461,0.042506881431302226,0.963855421686747,1.0,0.9743589743589743,0.95,0.9743589743589743,0.95,0.95,"[[40, 0, 0], [2, 38, 0], [1, 0, 19]]",spec2d,0,1,32227,12.166234699980123,
0.97,0.9708577901348986,0.9767441860465116,0.9666666666666667,0.9997916666666667,0.05359088249181772,0.030374526804959258,0.963855421686747,1.0,0.9743589743589743,0.95,0.9743589743589743,0.95,0.95,"[[40, 0, 0], [2, 38, 0], [1, 0, 19]]",raw1d_wide,0,1,99795,45.79027859997586,
0.97,0.9667682450382872,0.9670731707317074,0.9666666666666667,0.999375,0.06877686820103017,0.03924186056667216,0.9629629629629629,0.975,0.9873417721518988,0.975,0.95,0.95,0.95,"[[39, 0, 1], [1, 39, 0], [1, 0, 19]]",spec2d_wide,0,1,97775,13.064534700009972,
0.99,0.991665364379851,0.991869918699187,0.9916666666666667,1.0,0.030194770465751954,0.014644918900316762,0.9876543209876543,1.0,0.9873417721518988,0.975,1.0,1.0,1.0,"[[40, 0, 0], [1, 39, 0], [0, 0, 20]]",late,0,1,98571,28.11716080000042,
0.99,0.991665364379851,0.991869918699187,0.9916666666666667,1.0,0.012405180792591038,0.008593361982911907,0.9876543209876543,1.0,0.9873417721518988,0.975,1.0,1.0,1.0,"[[40, 0, 0], [1, 39, 0], [0, 0, 20]]",gated,0,1,98698,64.21614699999918,
0.99,0.9873377651155429,0.991869918699187,0.9833333333333334,1.0,0.019016746593135327,0.010320196243371082,0.9876543209876543,1.0,1.0,1.0,0.9743589743589743,0.95,0.95,"[[40, 0, 0], [0, 40, 0], [1, 0, 19]]",attention,0,1,98544,39.89255960000446,
0.97,0.9659927257167308,0.9757936507936508,0.9583333333333334,0.9944444444444445,0.1237082125176333,0.057516736812594754,0.975609756097561,1.0,0.975,0.975,0.9473684210526315,0.9,0.9,"[[40, 0, 0], [1, 39, 0], [1, 1, 18]]",early,0,1,97507,21.727187199983746,
0.99,0.991665364379851,0.991869918699187,0.9916666666666667,1.0,0.05376473027007577,0.02611275317681535,0.9876543209876543,1.0,0.9873417721518988,0.975,1.0,1.0,1.0,"[[40, 0, 0], [1, 39, 0], [0, 0, 20]]",score,0,1,59302,0.09608139999909326,0.42500000000000004
0.61,0.6477588699810922,0.63012912482066,0.6749999999999999,0.7744444444444444,0.6514118955093153,0.4375995264674827,0.5679012345679012,0.575,0.4864864864864865,0.45,0.8888888888888888,1.0,1.0,"[[23, 16, 1], [18, 18, 4], [0, 0, 20]]",logvar,0,1,3,0.029167899978347123,
0.98,0.9755799755799757,0.9696969696969697,0.9833333333333334,1.0,0.0721983340893591,0.03425229959273385,1.0,1.0,0.9743589743589743,0.95,0.9523809523809523,1.0,1.0,"[[40, 0, 0], [0, 38, 2], [0, 0, 20]]",shallow,0,1,21,0.031867199984844774,
0.95,0.9458346531517262,0.9433719433719433,0.9499999999999998,0.9927083333333333,0.19409488291064356,0.10662033597573423,0.975609756097561,1.0,0.935064935064935,0.9,0.926829268292683,0.95,0.95,"[[40, 0, 0], [2, 36, 2], [0, 1, 19]]",raw1d,0,2,27075,18.959987799986266,
0.97,0.9661885382970924,0.9767441860465116,0.9583333333333334,0.9991666666666665,0.10667097154167741,0.054226838559760626,0.9873417721518988,0.975,0.963855421686747,1.0,0.9473684210526315,0.9,0.9,"[[39, 1, 0], [0, 40, 0], [0, 2, 18]]",spec2d,0,2,32227,8.935416199994506,
0.98,0.975,0.975,0.975,0.9815277777777777,0.13507427274717723,0.045124073330474135,1.0,1.0,0.975,0.975,0.95,0.95,0.95,"[[40, 0, 0], [0, 39, 1], [0, 1, 19]]",raw1d_wide,0,2,99795,74.89646760001779,
0.97,0.9659952350010829,0.975609756097561,0.9583333333333334,0.9990972222222222,0.0683290282175616,0.04131793396552548,0.9876543209876543,1.0,0.9629629629629629,0.975,0.9473684210526315,0.9,0.9,"[[40, 0, 0], [1, 39, 0], [0, 2, 18]]",spec2d_wide,0,2,97775,12.625455500005046,
0.98,0.9791035008694781,0.9841269841269842,0.975,0.9989583333333333,0.05952526430641343,0.030186292758027724,0.9873417721518988,0.975,0.975609756097561,1.0,0.9743589743589743,0.95,0.95,"[[39, 1, 0], [0, 40, 0], [0, 1, 19]]",late,0,2,98571,52.18171319999965,
0.98,0.97422568767598,0.983739837398374,0.9666666666666667,0.9983333333333332,0.11627369995120708,0.047244564511634814,0.9876543209876543,1.0,0.9876543209876543,1.0,0.9473684210526315,0.9,0.9,"[[40, 0, 0], [0, 40, 0], [1, 1, 18]]",gated,0,2,98698,34.48251200001687,
0.97,0.9659927257167308,0.9757936507936508,0.9583333333333334,0.9934722222222222,0.10138551677170428,0.04913489066543195,0.975609756097561,1.0,0.975,0.975,0.9473684210526315,0.9,0.9,"[[40, 0, 0], [1, 39, 0], [1, 1, 18]]",attention,0,2,98544,37.09372090001125,
0.87,0.8597168597168597,0.8591800356506237,0.8666666666666667,0.9754861111111112,0.4589911988571012,0.19687813174169005,0.8648648648648649,0.8,0.9047619047619048,0.95,0.8095238095238095,0.85,0.85,"[[32, 4, 4], [1, 38, 1], [1, 2, 17]]",early,0,2,97507,16.705795100016985,
0.97,0.9661885382970924,0.9767441860465116,0.9583333333333334,0.9991666666666665,0.10667097154167741,0.054226838559760626,0.9873417721518988,0.975,0.963855421686747,1.0,0.9473684210526315,0.9,0.9,"[[39, 1, 0], [0, 40, 0], [0, 2, 18]]",score,0,2,59302,0.09562739997636527,0.0
0.6,0.65,0.65,0.65,0.7381944444444444,0.7016843745183844,0.44961506686741215,0.55,0.55,0.5,0.5,0.9,0.9,0.9,"[[22, 18, 0], [18, 20, 2], [0, 2, 18]]",logvar,0,2,3,0.030544999986886978,
0.94,0.9382324992081089,0.9365079365079364,0.9416666666666668,0.9943055555555556,0.13787929922561287,0.08226782959295548,0.961038961038961,0.925,0.926829268292683,0.95,0.926829268292683,0.95,0.95,"[[37, 3, 0], [0, 38, 2], [0, 1, 19]]",shallow,0,2,21,0.03248310001799837,
0.99,0.991665364379851,0.991869918699187,0.9916666666666667,0.9974999999999999,0.09078505162742666,0.038081500039803595,0.9876543209876543,1.0,0.9873417721518988,0.975,1.0,1.0,1.0,"[[40, 0, 0], [1, 39, 0], [0, 0, 20]]",raw1d,0,3,27075,20.592562399979215,
0.98,0.9793171760831533,0.9757936507936508,0.9833333333333334,0.9979166666666667,0.11780630193071334,0.042621982607834744,0.975,0.975,0.9873417721518988,0.975,0.975609756097561,1.0,1.0,"[[39, 0, 1], [1, 39, 0], [0, 0, 20]]",spec2d,0,3,32227,8.584513700014213,
0.99,0.991665364379851,0.991869918699187,0.9916666666666667,0.9965277777777778,0.10670698144031697,0.021732594730643092,0.9876543209876543,1.0,0.9873417721518988,0.975,1.0,1.0,1.0,"[[40, 0, 0], [1, 39, 0], [0, 0, 20]]",raw1d_wide,0,3,99795,85.6902958000137,
0.99,0.991665364379851,0.991869918699187,0.9916666666666667,0.9993055555555556,0.07603062596946801,0.02856408468332355,0.9876543209876543,1.0,0.9873417721518988,0.975,1.0,1.0,1.0,"[[40, 0, 0], [1, 39, 0], [0, 0, 20]]",spec2d_wide,0,3,97775,20.732848300016485,
0.99,0.991665364379851,0.991869918699187,0.9916666666666667,0.9970833333333333,0.0844023437742199,0.031246145839719457,0.9876543209876543,1.0,0.9873417721518988,0.975,1.0,1.0,1.0,"[[40, 0, 0], [1, 39, 0], [0, 0, 20]]",late,0,3,98571,27.998366600018926,
0.98,0.9791035008694781,0.9841269841269842,0.975,0.9983333333333334,0.09687806565907754,0.04213862780212566,0.975609756097561,1.0,0.9873417721518988,0.975,0.9743589743589743,0.95,0.95,"[[40, 0, 0], [1, 39, 0], [1, 0, 19]]",gated,0,3,98698,30.646549100027187,
0.96,0.9665831244778613,0.9696969696969697,0.9666666666666667,0.998611111111111,0.1174720013159033,0.057072118671860475,0.9523809523809523,1.0,0.9473684210526315,0.9,1.0,1.0,1.0,"[[40, 0, 0], [4, 36, 0], [0, 0, 20]]",attention,0,3,98544,41.09757160002482,
0.95,0.946284861582793,0.9430402930402929,0.9499999999999998,0.9934027777777779,0.2023185038287118,0.07595126901833954,0.95,0.95,0.9620253164556962,0.95,0.926829268292683,0.95,0.95,"[[38, 0, 2], [2, 38, 0], [0, 1, 19]]",early,0,3,97507,33.96395259999554,
0.99,0.991665364379851,0.991869918699187,0.9916666666666667,0.9977777777777778,0.09251305342842331,0.036014143771116135,0.9876543209876543,1.0,0.9873417721518988,0.975,1.0,1.0,1.0,"[[40, 0, 0], [1, 39, 0], [0, 0, 20]]",score,0,3,59302,0.09191000001737848,0.9
0.6,0.6483709273182957,0.6484848484848484,0.65,0.7502777777777778,0.6830680976371509,0.45087024264898995,0.5714285714285714,0.6,0.47368421052631576,0.45,0.9,0.9,0.9,"[[24, 16, 0], [20, 18, 2], [0, 2, 18]]",logvar,0,3,3,0.02574599999934435,
0.93,0.928182928182928,0.9341350920298289,0.9249999999999999,0.9955555555555556,0.14012074159712398,0.0822942947578159,0.9523809523809523,1.0,0.9090909090909091,0.875,0.9230769230769231,0.9,0.9,"[[40, 0, 0], [4, 35, 1], [0, 2, 18]]",shallow,0,3,21,0.03152160000172444,
0.94,0.9375624375624376,0.9445773524720892,0.9333333333333332,0.993263888888889,0.14246545959295348,0.08094722984780478,0.961038961038961,0.925,0.9285714285714286,0.975,0.9230769230769231,0.9,0.9,"[[37, 3, 0], [0, 39, 1], [0, 2, 18]]",raw1d,0,4,27075,22.9587716999813,
0.96,0.966645820304357,0.9674185463659147,0.9666666666666667,0.9977777777777778,0.09597218099519682,0.05628912357228659,0.9487179487179487,0.925,0.9512195121951219,0.975,1.0,1.0,1.0,"[[37, 3, 0], [1, 39, 0], [0, 0, 20]]",spec2d,0,4,32227,11.79873600002611,
0.95,0.9498612842266092,0.9629629629629629,0.9416666666666668,0.9985416666666667,0.13437126574192942,0.07688269346279233,0.961038961038961,0.925,0.9411764705882353,1.0,0.9473684210526315,0.9,0.9,"[[37, 3, 0], [0, 40, 0], [0, 2, 18]]",raw1d_wide,0,4,99795,64.61972600000445,
0.97,0.974996093139553,0.9751928288513655,0.975,0.9980555555555556,0.09022144969055546,0.04987642685422787,0.9620253164556962,0.95,0.9629629629629629,0.975,1.0,1.0,1.0,"[[38, 2, 0], [1, 39, 0], [0, 0, 20]]",spec2d_wide,0,4,97775,13.038112299982458,
0.97,0.9706646823040771,0.9755799755799756,0.9666666666666667,0.9987499999999999,0.0731527222196679,0.03821745776968717,0.9620253164556962,0.95,0.975609756097561,1.0,0.9743589743589743,0.95,0.95,"[[38, 2, 0], [0, 40, 0], [1, 0, 19]]",late,0,4,98571,41.4803856999788,
0.95,0.9581699346405229,0.9629629629629629,0.9583333333333334,1.0,0.15797338286108822,0.084348544655606,0.9333333333333333,0.875,0.9411764705882353,1.0,1.0,1.0,1.0,"[[35, 5, 0], [0, 40, 0], [0, 0, 20]]",gated,0,4,98698,23.867433999985224,
0.94,0.9457316445268252,0.9514483884128927,0.9416666666666668,0.9974999999999999,0.09773863247366946,0.06276557012150077,0.9230769230769231,0.9,0.9397590361445783,0.975,0.9743589743589743,0.95,0.95,"[[36, 4, 0], [1, 39, 0], [1, 0, 19]]",attention,0,4,98544,29.342202600004384,
0.88,0.8478044440104061,0.8574958438660016,0.8416666666666667,0.9727777777777776,0.4047804532435565,0.19853541806197242,0.9024390243902439,0.925,0.9382716049382716,0.95,0.7027027027027027,0.65,0.65,"[[37, 0, 3], [1, 38, 1], [4, 3, 13]]",early,0,4,97507,23.332201499986695,
0.96,0.966645820304357,0.9674185463659147,0.9666666666666667,0.9981944444444445,0.09133382511471215,0.04973336232592893,0.9487179487179487,0.925,0.9512195121951219,0.975,1.0,1.0,1.0,"[[37, 3, 0], [1, 39, 0], [0, 0, 20]]",score,0,4,59302,0.09182900001178496,0.30000000000000004
0.57,0.629255518144407,0.6187850821997163,0.6416666666666667,0.7635416666666667,0.6331248790999726,0.4298381905024111,0.49382716049382713,0.5,0.44155844155844154,0.425,0.9523809523809523,1.0,1.0,"[[20, 20, 0], [21, 17, 2], [0, 0, 20]]",logvar,0,4,3,0.03352830000221729,
0.95,0.9542786530738337,0.9602203182374541,0.9499999999999998,0.9979861111111111,0.1179659515934108,0.06316368443242627,0.9487179487179487,0.925,0.9397590361445783,0.975,0.9743589743589743,0.95,0.95,"[[37, 3, 0], [1, 39, 0], [0, 1, 19]]",shallow,0,4,21,0.03199570000288077,
0.96,0.9583294264728863,0.9585261621846989,0.9583333333333334,0.9979166666666668,0.107106956728029,0.05896614772666535,0.9620253164556962,0.95,0.9629629629629629,0.975,0.95,0.95,0.95,"[[38, 2, 0], [0, 39, 1], [1, 0, 19]]",raw1d,1,0,27075,20.90219690001686,
0.96,0.9581092349385032,0.9586883876357559,0.9583333333333334,0.9974305555555555,0.11989431745666332,0.056428156456032365,0.975609756097561,1.0,0.9487179487179487,0.925,0.95,0.95,0.95,"[[40, 0, 0], [2, 37, 1], [0, 1, 19]]",spec2d,1,0,32227,9.661389000015333,
0.96,0.96231078158789,0.9679722562219503,0.9583333333333334,0.9984722222222221,0.1215766478473958,0.07553166105145424,0.9487179487179487,0.925,0.963855421686747,1.0,0.9743589743589743,0.95,0.95,"[[37, 3, 0], [0, 40, 0], [1, 0, 19]]",raw1d_wide,1,0,99795,45.362865700008115,
0.95,0.9543012886666138,0.9629629629629629,0.9499999999999998,0.9972916666666666,0.14263516106458185,0.08648740080459527,0.9473684210526315,0.9,0.9411764705882353,1.0,0.9743589743589743,0.95,0.95,"[[36, 4, 0], [0, 40, 0], [0, 1, 19]]",spec2d_wide,1,0,97775,14.036811800004216,
0.94,0.9420329670329671,0.9359250398724083,0.9500000000000001,0.9980555555555556,0.09876115984285272,0.061139034355172386,0.9487179487179487,0.925,0.925,0.925,0.9523809523809523,1.0,1.0,"[[37, 3, 0], [1, 37, 2], [0, 0, 20]]",late,1,0,98571,16356.666952900006,
0.99,0.991665364379851,0.991869918699187,0.9916666666666667,0.9997222222222222,0.026970681313509156,0.014945338242341611,0.9876543209876543,1.0,0.9873417721518988,0.975,1.0,1.0,1.0,"[[40, 0, 0], [1, 39, 0], [0, 0, 20]]",gated,1,0,98698,20055.79016559999,
0.97,0.9708783575177523,0.9672466422466423,0.975,0.9991666666666666,0.07312653995580308,0.041910624720618433,0.9620253164556962,0.95,0.975,0.975,0.975609756097561,1.0,1.0,"[[38, 1, 1], [1, 39, 0], [0, 0, 20]]",attention,1,0,98544,45.34447369998088,
0.91,0.9159932659932659,0.9277777777777777,0.9166666666666666,0.9869444444444445,0.4036401892473417,0.15901774351722825,0.8888888888888888,0.8,0.9090909090909091,1.0,0.95,0.95,0.95,"[[32, 7, 1], [0, 40, 0], [0, 1, 19]]",early,1,0,97507,41.193124099983834,
0.96,0.9583294264728863,0.9585261621846989,0.9583333333333334,0.9977777777777778,0.10343955451868127,0.05546790095192234,0.9620253164556962,0.95,0.9629629629629629,0.975,0.95,0.95,0.95,"[[38, 2, 0], [0, 39, 1], [1, 0, 19]]",score,1,0,59302,0.036729799991007894,0.9500000000000001
0.64,0.6885789108011329,0.6792113621381914,0.7000000000000001,0.7752083333333334,0.6156453595402815,0.42345261467836415,0.5679012345679012,0.575,0.5454545454545454,0.525,0.9523809523809523,1.0,1.0,"[[23, 16, 1], [18, 21, 1], [0, 0, 20]]",logvar,1,0,3,0.022519899997860193,
0.95,0.9498906079074855,0.9499791536376901,0.9499999999999998,0.997013888888889,0.11737347488915542,0.06505785814181114,0.9629629629629629,0.975,0.9367088607594937,0.925,0.95,0.95,0.95,"[[39, 1, 0], [2, 37, 1], [0, 1, 19]]",shallow,1,0,21,0.016281899996101856,
0.93,0.9256853066062507,0.9211886304909561,0.9416666666666668,0.999375,0.17967449305913624,0.09171400888101237,0.963855421686747,1.0,0.9041095890410958,0.825,0.9090909090909091,1.0,1.0,"[[40, 0, 0], [3, 33, 4], [0, 0, 20]]",raw1d,1,1,27075,19.173198699980276,
0.95,0.9543012886666138,0.9629629629629629,0.9499999999999998,0.9927083333333333,0.19184129328882238,0.10269849944302173,0.9411764705882353,1.0,0.9473684210526315,0.9,0.9743589743589743,0.95,0.95,"[[40, 0, 0], [4, 36, 0], [1, 0, 19]]",spec2d,1,1,32227,8.654722400009632,
0.93,0.9222580734122059,0.9458689458689458,0.9083333333333333,0.9963194444444445,0.1864854375266932,0.09714844227605253,0.9411764705882353,1.0,0.9367088607594937,0.925,0.8888888888888888,0.8,0.8,"[[40, 0, 0], [3, 37, 0], [2, 2, 16]]",raw1d_wide,1,1,99795,59.72239239999908,
0.94,0.9459749552772809,0.9565217391304347,0.9416666666666668,0.9927777777777779,0.19709179607913752,0.1045482213972373,0.9302325581395349,1.0,0.9333333333333333,0.875,0.9743589743589743,0.95,0.95,"[[40, 0, 0], [5, 35, 0], [1, 0, 19]]",spec2d_wide,1,1,97775,10.126146399998106,
0.97,0.9659927257167308,0.9757936507936508,0.9583333333333334,0.9995833333333333,0.07209145142857963,0.044484741330045666,0.975609756097561,1.0,0.975,0.975,0.9473684210526315,0.9,0.9,"[[40, 0, 0], [1, 39, 0], [1, 1, 18]]",late,1,1,98571,32.07200130002457,
0.96,0.9521531100478469,0.9444444444444445,0.9666666666666667,0.9991666666666666,0.10944892618777523,0.059706608918685,1.0,1.0,0.9473684210526315,0.9,0.9090909090909091,1.0,1.0,"[[40, 0, 0], [0, 36, 4], [0, 0, 20]]",gated,1,1,98698,27.16203829998267,
0.99,0.9873377651155429,0.991869918699187,0.9833333333333334,0.9986805555555556,0.05056400545993048,0.023366488161310886,1.0,1.0,0.9876543209876543,1.0,0.9743589743589743,0.95,0.95,"[[40, 0, 0], [0, 40, 0], [0, 1, 19]]",attention,1,1,98544,47.079778399987845,
0.91,0.9063441431862485,0.9351851851851851,0.8916666666666666,0.994236111111111,0.3191257191149866,0.16584032714958608,0.9090909090909091,1.0,0.9210526315789473,0.875,0.8888888888888888,0.8,0.8,"[[40, 0, 0], [5, 35, 0], [3, 1, 16]]",early,1,1,97507,37.47645250000642,
0.93,0.928974885933279,0.9312169312169312,0.9333333333333332,0.9995833333333334,0.14835677451254403,0.07823278301887564,0.9411764705882353,1.0,0.918918918918919,0.85,0.926829268292683,0.95,0.95,"[[40, 0, 0], [4, 34, 2], [1, 0, 19]]",score,1,1,59302,0.053759400005219504,0.45
0.56,0.610132253917338,0.597420084284099,0.6333333333333333,0.7213194444444445,0.7434287292742343,0.45695417258965604,0.5287356321839081,0.575,0.37142857142857144,0.325,0.9302325581395349,1.0,1.0,"[[23, 17, 0], [24, 13, 3], [0, 0, 20]]",logvar,1,1,3,0.03356100001838058,
0.95,0.9498565691336776,0.9464411557434813,0.9583333333333334,0.9958333333333332,0.1420368393970868,0.0805962380238392,0.963855421686747,1.0,0.9333333333333333,0.875,0.9523809523809523,1.0,1.0,"[[40, 0, 0], [3, 35, 2], [0, 0, 20]]",shallow,1,1,21,0.036820100009208545,
0.98,0.9833229101521784,0.9841269841269842,0.9833333333333334,0.995,0.11767526466241521,0.050929524814843044,0.975609756097561,1.0,0.9743589743589743,0.95,1.0,1.0,1.0,"[[40, 0, 0], [2, 38, 0], [0, 0, 20]]",raw1d,1,2,27075,21.652926400012802,
0.95,0.9505638394527282,0.9453067257945307,0.9583333333333334,0.9930555555555555,0.17112813375854563,0.07659331397278635,0.9382716049382716,0.95,0.961038961038961,0.925,0.9523809523809523,1.0,1.0,"[[38, 0, 2], [3, 37, 0], [0, 0, 20]]",spec2d,1,2,32227,14.795158699998865,
0.97,0.9708577901348986,0.9767441860465116,0.9666666666666667,0.9925694444444444,0.21936785195721994,0.06772027778547302,0.963855421686747,1.0,0.9743589743589743,0.95,0.9743589743589743,0.95,0.95,"[[40, 0, 0], [2, 38, 0], [1, 0, 19]]",raw1d_wide,1,2,99795,59.01615350000793,
0.98,0.9833229101521784,0.9841269841269842,0.9833333333333334,0.9973611111111111,0.11132201924220393,0.04386302435320568,0.975609756097561,1.0,0.9743589743589743,0.95,1.0,1.0,1.0,"[[40, 0, 0], [2, 38, 0], [0, 0, 20]]",spec2d_wide,1,2,97775,22.661989699990954,
0.98,0.9833229101521784,0.9841269841269842,0.9833333333333334,0.9979166666666667,0.07479230916789154,0.03273109696767649,0.975609756097561,1.0,0.9743589743589743,0.95,1.0,1.0,1.0,"[[40, 0, 0], [2, 38, 0], [0, 0, 20]]",late,1,2,98571,35.41911660000915,
0.96,0.9580361159308527,0.9696969696969697,0.9500000000000001,0.9948611111111111,0.1431405345217862,0.05980982900958914,0.9523809523809523,1.0,0.9743589743589743,0.95,0.9473684210526315,0.9,0.9,"[[40, 0, 0], [2, 38, 0], [2, 0, 18]]",gated,1,2,98698,29.079240799997933,
0.96,0.9666666666666667,0.9666666666666667,0.9666666666666667,0.9952777777777778,0.10937561602986025,0.06692817685496849,0.95,0.95,0.95,0.95,1.0,1.0,1.0,"[[38, 2, 0], [2, 38, 0], [0, 0, 20]]",attention,1,2,98544,48.78246029998991,
0.88,0.8740740740740741,0.8714285714285714,0.9,0.9869444444444445,0.503570077960111,0.20358721391954812,0.9,0.9,0.8888888888888888,0.8,0.8333333333333334,1.0,1.0,"[[36, 0, 4], [4, 32, 4], [0, 0, 20]]",early,1,2,97507,34.096611300017685,
0.95,0.9505638394527282,0.9453067257945307,0.9583333333333334,0.9930555555555555,0.17112813375854563,0.07659331397278635,0.9382716049382716,0.95,0.961038961038961,0.925,0.9523809523809523,1.0,1.0,"[[38, 0, 2], [3, 37, 0], [0, 0, 20]]",score,1,2,59302,0.10672779998276383,0.0
0.67,0.716520810543314,0.7164998957681884,0.7166666666666667,0.7916666666666666,0.6440167479856478,0.4316576491806138,0.6172839506172839,0.625,0.5822784810126582,0.575,0.95,0.95,0.95,"[[25, 15, 0], [16, 23, 1], [0, 1, 19]]",logvar,1,2,3,0.0359601000091061,
0.95,0.954210193099082,0.9589430894308943,0.9499999999999998,0.9964583333333333,0.11925869194367494,0.06518733431556668,0.95,0.95,0.9382716049382716,0.95,0.9743589743589743,0.95,0.95,"[[38, 2, 0], [2, 38, 0], [0, 1, 19]]",shallow,1,2,21,0.043997000000672415,
0.93,0.928066402749947,0.945027195027195,0.9166666666666666,0.9922916666666667,0.1852788312262654,0.10429085312725377,0.9285714285714286,0.975,0.9367088607594937,0.925,0.918918918918919,0.85,0.85,"[[39, 1, 0], [3, 37, 0], [2, 1, 17]]",raw1d,1,3,27075,18.030985799996415,
0.94,0.9362259850211657,0.9523255813953488,0.9249999999999999,0.9987499999999999,0.0955553624511807,0.06596343287908034,0.95,0.95,0.9397590361445783,0.975,0.918918918918919,0.85,0.85,"[[38, 2, 0], [1, 39, 0], [1, 2, 17]]",spec2d,1,3,32227,23.942471199989086,
0.95,0.9495293110825845,0.9595238095238096,0.9416666666666665,0.9984722222222221,0.11264282620002489,0.06733363631315291,0.9512195121951219,0.975,0.95,0.95,0.9473684210526315,0.9,0.9,"[[39, 1, 0], [2, 38, 0], [1, 1, 18]]",raw1d_wide,1,3,99795,49.330491300002905,
0.99,0.991665364379851,0.991869918699187,0.9916666666666667,0.9995833333333333,0.056851146789813484,0.02805388306715406,0.9876543209876543,1.0,0.9873417721518988,0.975,1.0,1.0,1.0,"[[40, 0, 0], [1, 39, 0], [0, 0, 20]]",spec2d_wide,1,3,97775,22.07213089999277,
0.99,0.991665364379851,0.991869918699187,0.9916666666666667,0.9997222222222222,0.025965025282574064,0.014628610266396619,0.9876543209876543,1.0,0.9873417721518988,0.975,1.0,1.0,1.0,"[[40, 0, 0], [1, 39, 0], [0, 0, 20]]",late,1,3,98571,36.544687900022836,
0.98,0.9790044317822096,0.9835365853658536,0.975,0.9977083333333333,0.09819282939666246,0.03349191144538612,0.975,0.975,0.9876543209876543,1.0,0.9743589743589743,0.95,0.95,"[[39, 1, 0], [0, 40, 0], [1, 0, 19]]",gated,1,3,98698,41.593440500000725,
0.98,0.9833333333333334,0.9833333333333334,0.9833333333333334,0.9997222222222222,0.03693137509339504,0.022491767060438247,0.975,0.975,0.975,0.975,1.0,1.0,1.0,"[[39, 1, 0], [1, 39, 0], [0, 0, 20]]",attention,1,3,98544,49.86726600001566,
0.91,0.8981589248399326,0.9071092559464652,0.8916666666666666,0.9897916666666665,0.325382442445734,0.14240366818925057,0.9367088607594937,0.925,0.9156626506024096,0.95,0.8421052631578947,0.8,0.8,"[[37, 1, 2], [2, 38, 0], [0, 4, 16]]",early,1,3,97507,40.97540979998303,
0.94,0.9362259850211657,0.9523255813953488,0.9249999999999999,0.9987499999999999,0.0955553624511807,0.06596343287908034,0.95,0.95,0.9397590361445783,0.975,0.918918918918919,0.85,0.85,"[[38, 2, 0], [1, 39, 0], [1, 2, 17]]",score,1,3,59302,0.0712492999737151,0.0
0.55,0.6069389912413169,0.5923325499412456,0.625,0.7396527777777777,0.6653749389590676,0.44761115795316664,0.475,0.475,0.4155844155844156,0.4,0.9302325581395349,1.0,1.0,"[[19, 21, 0], [21, 16, 3], [0, 0, 20]]",logvar,1,3,3,0.03284850000636652,
0.96,0.9547236801481939,0.9515873015873016,0.9583333333333334,0.9979166666666667,0.0982651035296308,0.05202466638876,0.9873417721518988,0.975,0.95,0.95,0.926829268292683,0.95,0.95,"[[39, 1, 0], [0, 38, 2], [0, 1, 19]]",shallow,1,3,21,0.028122999996412545,
0.96,0.9580361159308527,0.9696969696969697,0.9500000000000001,0.9929166666666666,0.11764444987841749,0.06252530748913872,0.9743589743589743,0.95,0.9523809523809523,1.0,0.9473684210526315,0.9,0.9,"[[38, 2, 0], [0, 40, 0], [0, 2, 18]]",raw1d,1,4,27075,17.73188669999945,
0.97,0.9666666666666667,0.9666666666666667,0.9666666666666667,0.9981944444444443,0.07733435770110844,0.04190707503607553,0.975,0.975,0.975,0.975,0.95,0.95,0.95,"[[39, 0, 1], [1, 39, 0], [0, 1, 19]]",spec2d,1,4,32227,19.726034999999683,
0.96,0.9580361159308527,0.9696969696969697,0.9500000000000001,0.9926388888888887,0.14582327842130513,0.07290948896759138,0.9743589743589743,0.95,0.9523809523809523,1.0,0.9473684210526315,0.9,0.9,"[[38, 2, 0], [0, 40, 0], [0, 2, 18]]",raw1d_wide,1,4,99795,43.87533819998498,
0.96,0.9582981275752361,0.960077519379845,0.9583333333333334,0.9990277777777777,0.07585947151110857,0.046563959203077744,0.961038961038961,0.925,0.963855421686747,1.0,0.95,0.95,0.95,"[[37, 2, 1], [0, 40, 0], [0, 1, 19]]",spec2d_wide,1,4,97775,23.253396199987037,
0.98,0.9790044317822096,0.9835365853658536,0.975,0.9998611111111111,0.045181662047128236,0.024856540145761746,0.9876543209876543,1.0,0.975,0.975,0.9743589743589743,0.95,0.95,"[[40, 0, 0], [1, 39, 0], [0, 1, 19]]",late,1,4,98571,29.279251200001454,
0.95,0.9448181212887095,0.9629629629629629,0.9333333333333332,0.9988888888888888,0.186083999984432,0.08734236128107999,0.9743589743589743,0.95,0.9411764705882353,1.0,0.918918918918919,0.85,0.85,"[[38, 2, 0], [0, 40, 0], [0, 3, 17]]",gated,1,4,98698,18.84835529999691,
0.99,0.9876505094164866,0.9841269841269842,0.9916666666666667,0.9991666666666665,0.055387663477543016,0.02977168092378378,1.0,1.0,0.9873417721518988,0.975,0.975609756097561,1.0,1.0,"[[40, 0, 0], [0, 39, 1], [0, 0, 20]]",attention,1,4,98544,22.41304799998761,
0.87,0.8358857391115455,0.9037940379403794,0.8166666666666668,0.9750694444444444,0.6168716919560032,0.2207407077004547,0.8888888888888888,0.9,0.9090909090909091,1.0,0.7096774193548387,0.55,0.55,"[[36, 4, 0], [0, 40, 0], [5, 4, 11]]",early,1,4,97507,11.08706190000521,
0.98,0.9790044317822096,0.9835365853658536,0.975,0.9986111111111112,0.07347283168125061,0.038373602059801504,0.9876543209876543,1.0,0.975,0.975,0.9743589743589743,0.95,0.95,"[[40, 0, 0], [1, 39, 0], [0, 1, 19]]",score,1,4,59302,0.04268099999171682,0.1
0.6,0.6400647914525122,0.6367781155015199,0.65,0.7385416666666668,0.6598751576330016,0.45057683398967296,0.5977011494252874,0.65,0.4444444444444444,0.4,0.8780487804878049,0.9,0.9,"[[26, 14, 0], [21, 16, 3], [0, 2, 18]]",logvar,1,4,3,0.017462700023315847,
0.98,0.9791035008694781,0.9841269841269842,0.975,0.997013888888889,0.10191623289530817,0.05027927029903492,0.9873417721518988,0.975,0.975609756097561,1.0,0.9743589743589743,0.95,0.95,"[[39, 1, 0], [0, 40, 0], [0, 1, 19]]",shallow,1,4,21,0.01591809999081306,
0.93,0.9286256291134339,0.9284271284271285,0.9333333333333332,0.9944444444444445,0.17429156483077793,0.09654894385095146,0.9523809523809523,1.0,0.9066666666666666,0.85,0.926829268292683,0.95,0.95,"[[40, 0, 0], [4, 34, 2], [0, 1, 19]]",raw1d,2,0,27075,17.198386500007473,
0.94,0.9362711127417009,0.9541910331384016,0.9249999999999999,0.9968749999999998,0.17702641459365773,0.09717220177623903,0.9411764705882353,1.0,0.9487179487179487,0.925,0.918918918918919,0.85,0.85,"[[40, 0, 0], [3, 37, 0], [2, 1, 17]]",spec2d,2,0,32227,4.379025000002002,
0.97,0.9665598791477835,0.9666562434855118,0.9666666666666667,0.9961111111111111,0.09909011253161774,0.052344498934634755,0.9876543209876543,1.0,0.9620253164556962,0.95,0.95,0.95,0.95,"[[40, 0, 0], [1, 38, 1], [0, 1, 19]]",raw1d_wide,2,0,99795,35.20975800001179,
0.98,0.9790044317822096,0.9835365853658536,0.975,0.9994444444444444,0.06491523835803757,0.03784903982798237,0.9876543209876543,1.0,0.975,0.975,0.9743589743589743,0.95,0.95,"[[40, 0, 0], [1, 39, 0], [0, 1, 19]]",spec2d_wide,2,0,97775,24.76717700000154,
0.97,0.970752824411361,0.9682539682539683,0.975,0.9994444444444444,0.0446415325632514,0.029562245127499002,0.975609756097561,1.0,0.961038961038961,0.925,0.975609756097561,1.0,1.0,"[[40, 0, 0], [2, 37, 1], [0, 0, 20]]",late,2,0,98571,36.8746382999816,
0.99,0.991665364379851,0.991869918699187,0.9916666666666667,1.0,0.04006288884901325,0.021308545426844475,0.9876543209876543,1.0,0.9873417721518988,0.975,1.0,1.0,1.0,"[[40, 0, 0], [1, 39, 0], [0, 0, 20]]",gated,2,0,98698,40.89475829998264,
1.0,1.0,1.0,1.0,1.0,0.03175519536992686,0.012051745225202071,1.0,1.0,1.0,1.0,1.0,1.0,1.0,"[[40, 0, 0], [0, 40, 0], [0, 0, 20]]",attention,2,0,98544,37.57342620001873,
0.82,0.7705696636925189,0.8339265672599007,0.7583333333333333,0.930625,0.9566572556521519,0.3155248546866515,0.851063829787234,1.0,0.88,0.825,0.5806451612903226,0.45,0.45,"[[40, 0, 0], [5, 33, 2], [9, 2, 9]]",early,2,0,97507,20.09317799998098,
0.95,0.9494891073838442,0.9609250398724084,0.9416666666666668,0.9994444444444444,0.1342553873175782,0.08090064672286211,0.9523809523809523,1.0,0.9487179487179487,0.925,0.9473684210526315,0.9,0.9,"[[40, 0, 0], [3, 37, 0], [1, 1, 18]]",score,2,0,59302,0.05786289999377914,0.2
0.53,0.5903977617254038,0.5757300162334488,0.6083333333333333,0.7536805555555555,0.6795591080571322,0.4523765169089276,0.4358974358974359,0.425,0.4050632911392405,0.4,0.9302325581395349,1.0,1.0,"[[17, 23, 0], [21, 16, 3], [0, 0, 20]]",logvar,2,0,3,0.017091499990783632,
0.94,0.9366697559468644,0.941656466748266,0.9333333333333332,0.9966666666666666,0.12916610808128312,0.07349678803630848,0.963855421686747,1.0,0.9230769230769231,0.9,0.9230769230769231,0.9,0.9,"[[40, 0, 0], [3, 36, 1], [0, 2, 18]]",shallow,2,0,21,0.018600799987325445,
0.96,0.9580361159308527,0.9696969696969697,0.9500000000000001,0.9997222222222222,0.11114285209183133,0.05943252333279507,0.9743589743589743,0.95,0.9523809523809523,1.0,0.9473684210526315,0.9,0.9,"[[38, 2, 0], [0, 40, 0], [0, 2, 18]]",raw1d,2,1,27075,33.71493079999345,
0.97,0.9707739791073124,0.9754065040650407,0.9666666666666667,0.9989583333333333,0.0728751809400388,0.04786357256375033,0.975,0.975,0.9629629629629629,0.975,0.9743589743589743,0.95,0.95,"[[39, 1, 0], [1, 39, 0], [0, 1, 19]]",spec2d,2,1,32227,17.389126699999906,
0.97,0.9708577901348986,0.9767441860465116,0.9666666666666667,0.9996527777777778,0.06514306353052551,0.03593841219909353,0.9743589743589743,0.95,0.963855421686747,1.0,0.9743589743589743,0.95,0.95,"[[38, 2, 0], [0, 40, 0], [0, 1, 19]]",raw1d_wide,2,1,99795,45.33695420000004,
0.97,0.9707739791073124,0.9754065040650407,0.9666666666666667,0.9980555555555556,0.07952657222242963,0.04880740037064353,0.975,0.975,0.9629629629629629,0.975,0.9743589743589743,0.95,0.95,"[[39, 1, 0], [1, 39, 0], [0, 1, 19]]",spec2d_wide,2,1,97775,22.81383790000109,
1.0,1.0,1.0,1.0,1.0,0.016473027541564277,0.007049674196286088,1.0,1.0,1.0,1.0,1.0,1.0,1.0,"[[40, 0, 0], [0, 40, 0], [0, 0, 20]]",late,2,1,98571,43.666634299996076,
0.97,0.9708577901348986,0.9767441860465116,0.9666666666666667,0.9994444444444444,0.1078298622304983,0.0509291456482511,0.9743589743589743,0.95,0.963855421686747,1.0,0.9743589743589743,0.95,0.95,"[[38, 2, 0], [0, 40, 0], [0, 1, 19]]",gated,2,1,98698,42.05224059999455,
0.96,0.9625929625929626,0.9696969696969697,0.9583333333333334,0.9946527777777777,0.11746276433611681,0.0632635158043972,0.961038961038961,0.925,0.9523809523809523,1.0,0.9743589743589743,0.95,0.95,"[[37, 3, 0], [0, 40, 0], [0, 1, 19]]",attention,2,1,98544,26.50835439999355,
0.86,0.8600254387925621,0.8721092503987241,0.8583333333333334,0.9669444444444445,0.47413173448423196,0.22526673499091512,0.821917808219178,0.75,0.8863636363636364,0.975,0.8717948717948718,0.85,0.85,"[[30, 8, 2], [1, 39, 0], [2, 1, 17]]",early,2,1,97507,16.374125800008187,
0.97,0.9707739791073124,0.9754065040650407,0.9666666666666667,0.9989583333333333,0.0728751809400388,0.04786357256375033,0.975,0.975,0.9629629629629629,0.975,0.9743589743589743,0.95,0.95,"[[39, 1, 0], [1, 39, 0], [0, 1, 19]]",score,2,1,59302,0.08114470000145957,0.0
0.54,0.6029204107830552,0.616005291005291,0.5916666666666667,0.7569444444444443,0.6529213877651239,0.4488249286570218,0.475,0.475,0.43902439024390244,0.45,0.8947368421052632,0.85,0.85,"[[19, 21, 0], [21, 18, 1], [0, 3, 17]]",logvar,2,1,3,0.029023500013863668,
0.94,0.9458768597657486,0.950609756097561,0.9416666666666668,0.9938194444444445,0.14309522004298514,0.08027829547170659,0.9382716049382716,0.95,0.925,0.925,0.9743589743589743,0.95,0.95,"[[38, 2, 0], [3, 37, 0], [0, 1, 19]]",shallow,2,1,21,0.02768540001125075,
0.95,0.9500989737979891,0.9503960808838858,0.9499999999999998,0.9946527777777777,0.11430577966670478,0.05393801214123662,0.9620253164556962,0.95,0.9382716049382716,0.95,0.95,0.95,0.95,"[[38, 2, 0], [1, 38, 1], [0, 1, 19]]",raw1d,2,2,27075,22.300706500012893,
0.98,0.9790044317822096,0.9835365853658536,0.975,0.9963888888888889,0.09847456563097731,0.04188840811600873,0.9876543209876543,1.0,0.975,0.975,0.9743589743589743,0.95,0.95,"[[40, 0, 0], [1, 39, 0], [0, 1, 19]]",spec2d,2,2,32227,10.412913199979812,
0.96,0.9625346010032642,0.9676434676434676,0.9583333333333334,0.9963888888888889,0.12882502439132046,0.07615543807801255,0.9620253164556962,0.95,0.9512195121951219,0.975,0.9743589743589743,0.95,0.95,"[[38, 2, 0], [1, 39, 0], [0, 1, 19]]",raw1d_wide,2,2,99795,77.75407949998043,
0.99,0.991665364379851,0.991869918699187,0.9916666666666667,0.998611111111111,0.09659841374049581,0.02433907373519585,0.9876543209876543,1.0,0.9873417721518988,0.975,1.0,1.0,1.0,"[[40, 0, 0], [1, 39, 0], [0, 0, 20]]",spec2d_wide,2,2,97775,15.97152880000067,
0.97,0.9707739791073124,0.9754065040650407,0.9666666666666667,0.9979166666666667,0.08008967215674144,0.04005010550433623,0.975,0.975,0.9629629629629629,0.975,0.9743589743589743,0.95,0.95,"[[39, 1, 0], [1, 39, 0], [0, 1, 19]]",late,2,2,98571,31.19510579999769,
0.98,0.9790044317822096,0.9835365853658536,0.975,0.9981944444444445,0.08613282969776584,0.030111342918445336,0.9876543209876543,1.0,0.975,0.975,0.9743589743589743,0.95,0.95,"[[40, 0, 0], [1, 39, 0], [0, 1, 19]]",gated,2,2,98698,38.493894000013825,
0.96,0.9625346010032642,0.9676434676434676,0.9583333333333334,0.995,0.1536030515350938,0.06352961312112933,0.9620253164556962,0.95,0.9512195121951219,0.975,0.9743589743589743,0.95,0.95,"[[38, 2, 0], [1, 39, 0], [0, 1, 19]]",attention,2,2,98544,41.939611900015734,
0.93,0.9211613787700744,0.9147435897435897,0.9416666666666668,0.9902083333333334,0.1996005033077185,0.09904486259738071,0.975,0.975,0.918918918918919,0.85,0.8695652173913043,1.0,1.0,"[[39, 0, 1], [1, 34, 5], [0, 0, 20]]",early,2,2,97507,18.41428279998945,
0.97,0.9707739791073124,0.9754065040650407,0.9666666666666667,0.9953472222222222,0.10513268467531148,0.04752569622714728,0.975,0.975,0.9629629629629629,0.975,0.9743589743589743,0.95,0.95,"[[39, 1, 0], [1, 39, 0], [0, 1, 19]]",score,2,2,59302,0.036086500011151657,0.775
0.64,0.6934129328610977,0.6886920142734096,0.7000000000000001,0.7604861111111111,0.6638143890876548,0.43766563218842947,0.5783132530120482,0.6,0.5263157894736842,0.5,0.975609756097561,1.0,1.0,"[[24, 16, 0], [19, 20, 1], [0, 0, 20]]",logvar,2,2,3,0.014644800015958026,
0.97,0.9665598791477835,0.9666562434855118,0.9666666666666667,0.9938194444444445,0.12348324191593801,0.06361109890625144,0.9876543209876543,1.0,0.9620253164556962,0.95,0.95,0.95,0.95,"[[40, 0, 0], [1, 38, 1], [0, 1, 19]]",shallow,2,2,21,0.015260199987096712,
0.99,0.991665364379851,0.991869918699187,0.9916666666666667,0.9986111111111112,0.06639896820352727,0.028329272704006835,0.9876543209876543,1.0,0.9873417721518988,0.975,1.0,1.0,1.0,"[[40, 0, 0], [1, 39, 0], [0, 0, 20]]",raw1d,2,3,27075,22.21809339997708,
0.98,0.9793171760831533,0.9757936507936508,0.9833333333333334,0.9995833333333333,0.062410804590187864,0.03211749647269681,0.975,0.975,0.9873417721518988,0.975,0.975609756097561,1.0,1.0,"[[39, 0, 1], [1, 39, 0], [0, 0, 20]]",spec2d,2,3,32227,6.2018391999881715,
0.97,0.9706646823040771,0.9755799755799756,0.9666666666666667,0.9984027777777778,0.0843051016400605,0.047240255215415236,0.975609756097561,1.0,0.9620253164556962,0.95,0.9743589743589743,0.95,0.95,"[[40, 0, 0], [2, 38, 0], [0, 1, 19]]",raw1d_wide,2,3,99795,49.48781650001183,
0.98,0.9793171760831533,0.9757936507936508,0.9833333333333334,0.9991666666666666,0.06254205716140086,0.03108583008435538,0.975,0.975,0.9873417721518988,0.975,0.975609756097561,1.0,1.0,"[[39, 0, 1], [1, 39, 0], [0, 0, 20]]",spec2d_wide,2,3,97775,7.653475800005253,
0.96,0.9554238397261653,0.9481884057971014,0.9666666666666667,0.9993055555555556,0.07731551283485164,0.04561766511428292,0.975,0.975,0.961038961038961,0.925,0.9302325581395349,1.0,1.0,"[[39, 0, 1], [1, 37, 2], [0, 0, 20]]",late,2,3,98571,21.555156200018246,
0.97,0.9666666666666667,0.9666666666666667,0.9666666666666667,0.9983333333333334,0.0741348922367013,0.046860611499965905,0.975,0.975,0.975,0.975,0.95,0.95,0.95,"[[39, 0, 1], [1, 39, 0], [0, 1, 19]]",gated,2,3,98698,26.333168300014222,
0.98,0.9790044317822096,0.9835365853658536,0.975,0.9988194444444445,0.0772233810698368,0.0378400897902784,0.9876543209876543,1.0,0.975,0.975,0.9743589743589743,0.95,0.95,"[[40, 0, 0], [1, 39, 0], [0, 1, 19]]",attention,2,3,98544,26.304549199994653,
0.93,0.9197469197469198,0.9256002413897151,0.9166666666666666,0.9909722222222221,0.1899419913786254,0.1053141944837403,0.9523809523809523,1.0,0.935064935064935,0.9,0.8717948717948718,0.85,0.85,"[[40, 0, 0], [2, 36, 2], [2, 1, 17]]",early,2,3,97507,11.805640400008997,
0.99,0.991665364379851,0.991869918699187,0.9916666666666667,0.9997222222222222,0.05423967137278909,0.024691371264779067,0.9876543209876543,1.0,0.9873417721518988,0.975,1.0,1.0,1.0,"[[40, 0, 0], [1, 39, 0], [0, 0, 20]]",score,2,3,59302,0.03775400001904927,0.30000000000000004
0.64,0.6619098494098493,0.6571895424836601,0.7000000000000001,0.7410416666666667,0.6313505176264271,0.4335933739107336,0.6593406593406593,0.75,0.4375,0.35,0.8888888888888888,1.0,1.0,"[[30, 10, 0], [21, 14, 5], [0, 0, 20]]",logvar,2,3,3,0.018251400004373863,
0.98,0.9793171760831533,0.9757936507936508,0.9833333333333334,0.9990277777777777,0.08047706681504624,0.04022908476431955,0.9873417721518988,0.975,0.975,0.975,0.975609756097561,1.0,1.0,"[[39, 1, 0], [0, 39, 1], [0, 0, 20]]",shallow,2,3,21,0.01811840001028031,
0.99,0.991665364379851,0.991869918699187,0.9916666666666667,0.9997222222222222,0.028291638071964206,0.014693023424683671,0.9876543209876543,1.0,0.9873417721518988,0.975,1.0,1.0,1.0,"[[40, 0, 0], [1, 39, 0], [0, 0, 20]]",raw1d,2,4,27075,18.927911000006134,
0.97,0.9708577901348986,0.9767441860465116,0.9666666666666667,0.9995833333333333,0.08528455920159671,0.04625441409239825,0.963855421686747,1.0,0.9743589743589743,0.95,0.9743589743589743,0.95,0.95,"[[40, 0, 0], [2, 38, 0], [1, 0, 19]]",spec2d,2,4,32227,4.5902691000083,
0.99,0.991665364379851,0.991869918699187,0.9916666666666667,1.0,0.040672443812980845,0.019988666389660077,0.9876543209876543,1.0,0.9873417721518988,0.975,1.0,1.0,1.0,"[[40, 0, 0], [1, 39, 0], [0, 0, 20]]",raw1d_wide,2,4,99795,42.150083000015,
0.97,0.9659952350010829,0.975609756097561,0.9583333333333334,0.9990277777777777,0.07458934077230514,0.050657418811613245,0.9629629629629629,0.975,0.9876543209876543,1.0,0.9473684210526315,0.9,0.9,"[[39, 1, 0], [0, 40, 0], [2, 0, 18]]",spec2d_wide,2,4,97775,10.444407600007253,
0.98,0.9791035008694781,0.9841269841269842,0.975,1.0,0.04653279707980485,0.030971556126468392,0.975609756097561,1.0,0.9873417721518988,0.975,0.9743589743589743,0.95,0.95,"[[40, 0, 0], [1, 39, 0], [1, 0, 19]]",late,2,4,98571,22.50957429999835,
0.99,0.9873377651155429,0.991869918699187,0.9833333333333334,1.0,0.02206281832275638,0.013123966274677832,0.9876543209876543,1.0,1.0,1.0,0.9743589743589743,0.95,0.95,"[[40, 0, 0], [0, 40, 0], [1, 0, 19]]",gated,2,4,98698,22.301055699994322,
0.97,0.9706646823040771,0.9755799755799756,0.9666666666666667,0.9997222222222222,0.07277991118611421,0.04714119688752102,0.9620253164556962,0.95,0.975609756097561,1.0,0.9743589743589743,0.95,0.95,"[[38, 2, 0], [0, 40, 0], [1, 0, 19]]",attention,2,4,98544,21.902678300015396,
0.88,0.8555433527639323,0.8875283446712018,0.8416666666666667,0.9386111111111112,0.5511979692337176,0.17969436744409792,0.8764044943820225,0.975,0.9473684210526315,0.9,0.7428571428571429,0.65,0.65,"[[39, 0, 1], [3, 36, 1], [7, 0, 13]]",early,2,4,97507,8.977627099986421,
0.99,0.991665364379851,0.991869918699187,0.9916666666666667,0.9997222222222222,0.04472590179624656,0.019284867844007996,0.9876543209876543,1.0,0.9873417721518988,0.975,1.0,1.0,1.0,"[[40, 0, 0], [1, 39, 0], [0, 0, 20]]",score,2,4,59302,0.036726799997268245,0.65
0.65,0.6810492585140473,0.6679374389051809,0.7083333333333334,0.7770138888888889,0.7038287098323375,0.447618676343243,0.6190476190476191,0.65,0.5352112676056338,0.475,0.8888888888888888,1.0,1.0,"[[26, 12, 2], [18, 19, 3], [0, 0, 20]]",logvar,2,4,3,0.012498500000219792,
0.95,0.947100131086001,0.9394277220364177,0.9583333333333334,0.9980555555555556,0.1055656304797556,0.06270354903324461,0.9743589743589743,0.95,0.9367088607594937,0.925,0.9302325581395349,1.0,1.0,"[[38, 2, 0], [0, 37, 3], [0, 0, 20]]",shallow,2,4,21,0.014411800017114729,
0.99,0.991665364379851,0.991869918699187,0.9916666666666667,0.9995833333333333,0.059213926393642195,0.024226626015816953,0.9876543209876543,1.0,0.9873417721518988,0.975,1.0,1.0,1.0,"[[40, 0, 0], [1, 39, 0], [0, 0, 20]]",raw1d,3,0,27075,19.379393199982587,
0.99,0.991665364379851,0.991869918699187,0.9916666666666667,1.0,0.029643876394862746,0.014523732696252883,0.9873417721518988,0.975,0.9876543209876543,1.0,1.0,1.0,1.0,"[[39, 1, 0], [0, 40, 0], [0, 0, 20]]",spec2d,3,0,32227,18.89911050000228,
0.98,0.9792076838147299,0.9759969028261711,0.9833333333333334,0.9995833333333333,0.08621302677249419,0.04095819330408012,0.9876543209876543,1.0,0.9743589743589743,0.95,0.975609756097561,1.0,1.0,"[[40, 0, 0], [1, 38, 1], [0, 0, 20]]",raw1d_wide,3,0,99795,45.847448900021845,
0.97,0.9670247448025225,0.9615668883961567,0.975,1.0,0.05520866522785533,0.03226883448200569,0.961038961038961,0.925,0.9876543209876543,1.0,0.9523809523809523,1.0,1.0,"[[37, 1, 2], [0, 40, 0], [0, 0, 20]]",spec2d_wide,3,0,97775,30.8573409000237,
1.0,1.0,1.0,1.0,1.0,0.016689153952609958,0.005469576341811667,1.0,1.0,1.0,1.0,1.0,1.0,1.0,"[[40, 0, 0], [0, 40, 0], [0, 0, 20]]",late,3,0,98571,41.83122089999961,
1.0,1.0,1.0,1.0,1.0,0.011441686942098213,0.004030992083249134,1.0,1.0,1.0,1.0,1.0,1.0,1.0,"[[40, 0, 0], [0, 40, 0], [0, 0, 20]]",gated,3,0,98698,54.685703600000124,
0.98,0.9792076838147299,0.9759969028261711,0.9833333333333334,0.9997222222222222,0.064203718050592,0.03568505661857577,0.9876543209876543,1.0,0.9743589743589743,0.95,0.975609756097561,1.0,1.0,"[[40, 0, 0], [1, 38, 1], [0, 0, 20]]",attention,3,0,98544,35.75673769999412,
0.89,0.87821772769784,0.875557904627672,0.8916666666666666,0.9876388888888888,0.2752316463267756,0.14803900748912419,0.8767123287671232,0.8,0.9397590361445783,0.975,0.8181818181818182,0.9,0.9,"[[32, 3, 5], [0, 39, 1], [1, 1, 18]]",early,3,0,97507,26.669353000004776,
0.99,0.991665364379851,0.991869918699187,0.9916666666666667,1.0,0.029643876394862746,0.014523732696252883,0.9873417721518988,0.975,0.9876543209876543,1.0,1.0,1.0,1.0,"[[39, 1, 0], [0, 40, 0], [0, 0, 20]]",score,3,0,59302,0.1150873999868054,0.0
0.66,0.6905217502232427,0.6938337624612134,0.7083333333333334,0.75875,0.6711045854053603,0.4421162252055658,0.6593406593406593,0.75,0.5074626865671642,0.425,0.9047619047619048,0.95,0.95,"[[30, 9, 1], [21, 17, 2], [0, 1, 19]]",logvar,3,0,3,0.033442099986132234,
0.99,0.9876505094164866,0.9841269841269842,0.9916666666666667,0.9972916666666668,0.08425785275946135,0.03928185062584854,1.0,1.0,0.9873417721518988,0.975,0.975609756097561,1.0,1.0,"[[40, 0, 0], [0, 39, 1], [0, 0, 20]]",shallow,3,0,21,0.031129700015299022,
0.96,0.9622778662789798,0.9608711701734958,0.9666666666666667,0.9925,0.19483272135436702,0.08590764789354836,0.963855421686747,1.0,0.9473684210526315,0.9,0.975609756097561,1.0,1.0,"[[40, 0, 0], [3, 36, 1], [0, 0, 20]]",raw1d,3,1,27075,35.54474260000279,
0.96,0.9625929625929626,0.9696969696969697,0.9583333333333334,0.9983333333333334,0.10897081685679381,0.05419955410408189,0.9523809523809523,1.0,0.961038961038961,0.925,0.9743589743589743,0.95,0.95,"[[40, 0, 0], [3, 37, 0], [1, 0, 19]]",spec2d,3,1,32227,9.786044600012247,
0.98,0.9833333333333334,0.9833333333333334,0.9833333333333334,0.9969444444444444,0.090609244456107,0.04754486789553775,0.975,0.975,0.975,0.975,1.0,1.0,1.0,"[[39, 1, 0], [1, 39, 0], [0, 0, 20]]",raw1d_wide,3,1,99795,54.82458310000948,
0.95,0.9391357105430077,0.9629629629629629,0.9250000000000002,0.9979166666666668,0.11470247269415253,0.07009269576904587,0.9411764705882353,1.0,0.9873417721518988,0.975,0.8888888888888888,0.8,0.8,"[[40, 0, 0], [1, 39, 0], [4, 0, 16]]",spec2d_wide,3,1,97775,17.33085219998611,
0.97,0.9749647942419027,0.9767441860465116,0.975,0.9965277777777777,0.16281847858142864,0.05608191819116631,0.963855421686747,1.0,0.961038961038961,0.925,1.0,1.0,1.0,"[[40, 0, 0], [3, 37, 0], [0, 0, 20]]",late,3,1,98571,33.79946419998305,
0.95,0.9498612842266092,0.9629629629629629,0.9416666666666668,0.9963194444444445,0.23244745589893334,0.09337783414225002,0.9411764705882353,1.0,0.961038961038961,0.925,0.9473684210526315,0.9,0.9,"[[40, 0, 0], [3, 37, 0], [2, 0, 18]]",gated,3,1,98698,39.965010899992194,
0.95,0.9498612842266092,0.9629629629629629,0.9416666666666668,0.9949305555555555,0.15954482626497818,0.0776957155925836,0.9411764705882353,1.0,0.961038961038961,0.925,0.9473684210526315,0.9,0.9,"[[40, 0, 0], [3, 37, 0], [2, 0, 18]]",attention,3,1,98544,42.623205899988534,
0.92,0.9100483847319291,0.9254193518899401,0.9,0.9797222222222223,0.294566889522001,0.12399436680599184,0.9367088607594937,0.925,0.9285714285714286,0.975,0.8648648648648649,0.8,0.8,"[[37, 2, 1], [1, 39, 0], [1, 3, 16]]",early,3,1,97507,30.14449030000833,
0.96,0.9625929625929626,0.9696969696969697,0.9583333333333334,0.9983333333333334,0.10897081685679381,0.05419955410408189,0.9523809523809523,1.0,0.961038961038961,0.925,0.9743589743589743,0.95,0.95,"[[40, 0, 0], [3, 37, 0], [1, 0, 19]]",score,3,1,59302,0.0931523000181187,0.0
0.6,0.6499043592066848,0.636701919310615,0.6666666666666666,0.7480555555555556,0.680743710670584,0.4543398207695473,0.5194805194805194,0.5,0.5,0.5,0.9302325581395349,1.0,1.0,"[[20, 20, 0], [17, 20, 3], [0, 0, 20]]",logvar,3,1,3,0.020894800021778792,
0.95,0.9458346531517262,0.9433719433719433,0.9499999999999998,0.9950694444444445,0.14592888589522504,0.07752904595719161,0.975609756097561,1.0,0.935064935064935,0.9,0.926829268292683,0.95,0.95,"[[40, 0, 0], [2, 36, 2], [0, 1, 19]]",shallow,3,1,21,0.02038250002078712,
0.95,0.9543012886666138,0.9629629629629629,0.9499999999999998,0.9976388888888889,0.12108621095355865,0.07594335921925703,0.9473684210526315,0.9,0.9411764705882353,1.0,0.9743589743589743,0.95,0.95,"[[36, 4, 0], [0, 40, 0], [0, 1, 19]]",raw1d,3,2,27075,25.05321169999661,
0.92,0.9138690363647823,0.908695652173913,0.9249999999999999,0.9944444444444445,0.16472285013832352,0.10070493211322346,0.9066666666666666,0.85,0.9512195121951219,0.975,0.8837209302325582,0.95,0.95,"[[34, 2, 4], [1, 39, 0], [0, 1, 19]]",spec2d,3,2,32227,16.35937570000533,
0.95,0.9543012886666138,0.9629629629629629,0.9499999999999998,0.9971527777777777,0.10503337663040956,0.07172013482953908,0.9473684210526315,0.9,0.9411764705882353,1.0,0.9743589743589743,0.95,0.95,"[[36, 4, 0], [0, 40, 0], [0, 1, 19]]",raw1d_wide,3,2,99795,75.61875120000332,
0.93,0.9376862215871503,0.9462962962962963,0.9333333333333332,0.9960416666666667,0.1488887225167961,0.09350702292344984,0.9210526315789473,0.875,0.9176470588235294,0.975,0.9743589743589743,0.95,0.95,"[[35, 5, 0], [1, 39, 0], [0, 1, 19]]",spec2d_wide,3,2,97775,21.973677800007863,
0.97,0.9708577901348986,0.9767441860465116,0.9666666666666667,0.998611111111111,0.10332974939425049,0.06043341399770472,0.9743589743589743,0.95,0.963855421686747,1.0,0.9743589743589743,0.95,0.95,"[[38, 2, 0], [0, 40, 0], [0, 1, 19]]",late,3,2,98571,43.13863949998631,
0.99,0.991665364379851,0.991869918699187,0.9916666666666667,1.0,0.042687702781554974,0.019115279561127664,0.9873417721518988,0.975,0.9876543209876543,1.0,1.0,1.0,1.0,"[[39, 1, 0], [0, 40, 0], [0, 0, 20]]",gated,3,2,98698,37.470033499994315,
0.94,0.9459749552772809,0.9565217391304347,0.9416666666666668,0.9979166666666668,0.17647890812110617,0.08728205550690732,0.9333333333333333,0.875,0.9302325581395349,1.0,0.9743589743589743,0.95,0.95,"[[35, 5, 0], [0, 40, 0], [0, 1, 19]]",attention,3,2,98544,32.07336809998378,
0.91,0.893994893994894,0.8990473727315832,0.8916666666666666,0.9825694444444445,0.38324529556243625,0.13459732364802104,0.9090909090909091,0.875,0.9523809523809523,1.0,0.8205128205128205,0.8,0.8,"[[35, 2, 3], [0, 40, 0], [2, 2, 16]]",early,3,2,97507,30.02174600001308,
0.95,0.9543012886666138,0.9629629629629629,0.9499999999999998,0.9972222222222222,0.12578992125816113,0.0699947879563338,0.9473684210526315,0.9,0.9411764705882353,1.0,0.9743589743589743,0.95,0.95,"[[36, 4, 0], [0, 40, 0], [0, 1, 19]]",score,3,2,59302,0.06865319999633357,0.7000000000000001
0.67,0.7193153128112478,0.7143366546447419,0.725,0.77375,0.6357095013273258,0.4309645310167294,0.5897435897435898,0.575,0.5925925925925926,0.6,0.975609756097561,1.0,1.0,"[[23, 17, 0], [15, 24, 1], [0, 0, 20]]",logvar,3,2,3,0.014048899989575148,
0.94,0.9459984459984461,0.9531122031122031,0.9416666666666668,0.9940277777777778,0.1376237705326433,0.08129180031547532,0.935064935064935,0.9,0.9285714285714286,0.975,0.9743589743589743,0.95,0.95,"[[36, 4, 0], [1, 39, 0], [0, 1, 19]]",shallow,3,2,21,0.02279730001464486,
0.96,0.9625929625929626,0.9696969696969697,0.9583333333333334,0.9998611111111111,0.10665707171266169,0.04951306296383602,0.961038961038961,0.925,0.9523809523809523,1.0,0.9743589743589743,0.95,0.95,"[[37, 3, 0], [0, 40, 0], [0, 1, 19]]",raw1d,3,3,27075,26.468568000011146,
0.98,0.9792076838147299,0.9759969028261711,0.9833333333333334,0.9997916666666667,0.06460979512686249,0.03340080304053066,0.9743589743589743,0.95,0.9876543209876543,1.0,0.975609756097561,1.0,1.0,"[[38, 1, 1], [0, 40, 0], [0, 0, 20]]",spec2d,3,3,32227,19.042812500003492,
0.95,0.9385690911795329,0.9604840234448856,0.9250000000000002,0.9984722222222221,0.10675807136714845,0.06566367122906196,0.9629629629629629,0.975,0.963855421686747,1.0,0.8888888888888888,0.8,0.8,"[[39, 1, 0], [0, 40, 0], [2, 2, 16]]",raw1d_wide,3,3,99795,47.16313900001114,
0.94,0.941656466748266,0.9565217391304347,0.9333333333333332,0.9983333333333332,0.14397711940641525,0.08794805651597766,0.9473684210526315,0.9,0.9302325581395349,1.0,0.9473684210526315,0.9,0.9,"[[36, 4, 0], [0, 40, 0], [0, 2, 18]]",spec2d_wide,3,3,97775,15.088095500017516,
1.0,1.0,1.0,1.0,1.0,0.019205766323488544,0.00590954161598904,1.0,1.0,1.0,1.0,1.0,1.0,1.0,"[[40, 0, 0], [0, 40, 0], [0, 0, 20]]",late,3,3,98571,34.08805839999695,
0.99,0.9873377651155429,0.991869918699187,0.9833333333333334,0.9986805555555556,0.06642942250568985,0.02936577439217907,1.0,1.0,0.9876543209876543,1.0,0.9743589743589743,0.95,0.95,"[[40, 0, 0], [0, 40, 0], [0, 1, 19]]",gated,3,3,98698,29.96655959999771,
0.97,0.9607276653347113,0.9759969028261711,0.9500000000000001,0.9993055555555556,0.07665007961070179,0.04995881871396273,0.9876543209876543,1.0,0.975609756097561,1.0,0.918918918918919,0.85,0.85,"[[40, 0, 0], [0, 40, 0], [1, 2, 17]]",attention,3,3,98544,48.8026049999753,
0.96,0.9544005126660954,0.9513519571285939,0.9583333333333334,0.9850694444444444,0.2563095319089968,0.08502295697119078,0.9487179487179487,0.925,0.9876543209876543,1.0,0.926829268292683,0.95,0.95,"[[37, 1, 2], [0, 40, 0], [1, 0, 19]]",early,3,3,97507,37.961352800019085,
0.98,0.9792076838147299,0.9759969028261711,0.9833333333333334,1.0,0.06995906192974331,0.0297172303515272,0.9743589743589743,0.95,0.9876543209876543,1.0,0.975609756097561,1.0,1.0,"[[38, 1, 1], [0, 40, 0], [0, 0, 20]]",score,3,3,59302,0.07527370000025257,0.30000000000000004
0.55,0.5976450503376767,0.5805256869772999,0.625,0.7254861111111112,0.7214509063921392,0.46420549912504216,0.5176470588235295,0.55,0.36619718309859156,0.325,0.9090909090909091,1.0,1.0,"[[22, 18, 0], [23, 13, 4], [0, 0, 20]]",logvar,3,3,3,0.027517399983480573,
0.95,0.9498906079074855,0.9499791536376901,0.9499999999999998,0.9972916666666666,0.11177482445746893,0.062030667060834946,0.9629629629629629,0.975,0.9367088607594937,0.925,0.95,0.95,0.95,"[[39, 1, 0], [2, 37, 1], [0, 1, 19]]",shallow,3,3,21,0.024154100014129654,
0.95,0.953934953934954,0.9606879606879607,0.9499999999999998,0.9957638888888889,0.156373301602592,0.07955693975566731,0.9523809523809523,1.0,0.935064935064935,0.9,0.9743589743589743,0.95,0.95,"[[40, 0, 0], [4, 36, 0], [0, 1, 19]]",raw1d,3,4,27075,28.59806670001126,
0.99,0.991665364379851,0.991869918699187,0.9916666666666667,0.9998611111111111,0.05078194600455805,0.027348726051246875,0.9876543209876543,1.0,0.9873417721518988,0.975,1.0,1.0,1.0,"[[40, 0, 0], [1, 39, 0], [0, 0, 20]]",spec2d,3,4,32227,14.798199399985606,
0.97,0.9706646823040771,0.9755799755799756,0.9666666666666667,0.9984722222222221,0.11246374600662708,0.052932959141787084,0.975609756097561,1.0,0.9620253164556962,0.95,0.9743589743589743,0.95,0.95,"[[40, 0, 0], [2, 38, 0], [0, 1, 19]]",raw1d_wide,3,4,99795,97.45333700001356,
0.99,0.991665364379851,0.991869918699187,0.9916666666666667,1.0,0.02090411974389512,0.009668534347356093,0.9876543209876543,1.0,0.9873417721518988,0.975,1.0,1.0,1.0,"[[40, 0, 0], [1, 39, 0], [0, 0, 20]]",spec2d_wide,3,4,97775,24.228735999990022,
0.99,0.991665364379851,0.991869918699187,0.9916666666666667,1.0,0.024573252663779032,0.014952615746169186,0.9876543209876543,1.0,0.9873417721518988,0.975,1.0,1.0,1.0,"[[40, 0, 0], [1, 39, 0], [0, 0, 20]]",late,3,4,98571,43.65169890000834,
0.96,0.9665831244778613,0.9696969696969697,0.9666666666666667,1.0,0.12790017690504493,0.061435204022297255,0.9523809523809523,1.0,0.9473684210526315,0.9,1.0,1.0,1.0,"[[40, 0, 0], [4, 36, 0], [0, 0, 20]]",gated,3,4,98698,53.09122780000325,
0.99,0.991665364379851,0.991869918699187,0.9916666666666667,0.9990277777777777,0.0618772053836518,0.02500744348023294,0.9876543209876543,1.0,0.9873417721518988,0.975,1.0,1.0,1.0,"[[40, 0, 0], [1, 39, 0], [0, 0, 20]]",attention,3,4,98544,37.81333609999274,
0.9,0.9073907043795338,0.9129593810444874,0.9166666666666666,0.9772222222222222,0.5495646309100589,0.18502739637620935,0.896551724137931,0.975,0.8732394366197183,0.775,0.9523809523809523,1.0,1.0,"[[39, 0, 1], [8, 31, 1], [0, 0, 20]]",early,3,4,97507,33.96192100000917,
0.99,0.991665364379851,0.991869918699187,0.9916666666666667,0.9998611111111111,0.05188347608493868,0.027688650941552803,0.9876543209876543,1.0,0.9873417721518988,0.975,1.0,1.0,1.0,"[[40, 0, 0], [1, 39, 0], [0, 0, 20]]",score,3,4,59302,0.05324909999035299,0.025
0.59,0.6496165471371184,0.6457431457431457,0.6583333333333333,0.7461111111111111,0.6180830070183787,0.4250040940230392,0.5348837209302325,0.575,0.4383561643835616,0.4,0.975609756097561,1.0,1.0,"[[23, 17, 0], [23, 16, 1], [0, 0, 20]]",logvar,3,4,3,0.016981499997200444,
0.94,0.9372457738527924,0.9357388950412205,0.9416666666666668,0.9987499999999999,0.11427641573033855,0.06261343435926164,0.963855421686747,1.0,0.9210526315789473,0.875,0.926829268292683,0.95,0.95,"[[40, 0, 0], [3, 35, 2], [0, 1, 19]]",shallow,3,4,21,0.017194399988511577,
0.95,0.953934953934954,0.9606879606879607,0.9499999999999998,0.9926388888888887,0.1780170478684521,0.0811596700112149,0.9523809523809523,1.0,0.935064935064935,0.9,0.9743589743589743,0.95,0.95,"[[40, 0, 0], [4, 36, 0], [0, 1, 19]]",raw1d,4,0,27075,23.927470099995844,
0.95,0.9495293110825845,0.9595238095238096,0.9416666666666665,0.9923611111111111,0.17653963228947422,0.0934061443678364,0.9512195121951219,0.975,0.95,0.95,0.9473684210526315,0.9,0.9,"[[39, 1, 0], [2, 38, 0], [1, 1, 18]]",spec2d,4,0,32227,4.405432600004133,
0.96,0.96231078158789,0.9679722562219503,0.9583333333333334,0.990138888888889,0.2237068558790326,0.08266438517701662,0.963855421686747,1.0,0.9487179487179487,0.925,0.9743589743589743,0.95,0.95,"[[40, 0, 0], [3, 37, 0], [0, 1, 19]]",raw1d_wide,4,0,99795,41.75651300000027,
0.96,0.9577497197316917,0.9681971774995031,0.9500000000000001,0.9950694444444445,0.14800161278754598,0.06844478237942091,0.963855421686747,1.0,0.9620253164556962,0.95,0.9473684210526315,0.9,0.9,"[[40, 0, 0], [2, 38, 0], [1, 1, 18]]",spec2d_wide,4,0,97775,6.606687599996803,
0.92,0.9249908839922906,0.9251719824890557,0.9250000000000002,0.9910416666666667,0.21707368955110795,0.11827225020054671,0.9113924050632911,0.9,0.9135802469135802,0.925,0.95,0.95,0.95,"[[36, 3, 1], [3, 37, 0], [0, 1, 19]]",late,4,0,98571,13.187709199992241,
0.94,0.9458768597657486,0.950609756097561,0.9416666666666668,0.992638888888889,0.16384768879041,0.08633585726531953,0.9382716049382716,0.95,0.925,0.925,0.9743589743589743,0.95,0.95,"[[38, 2, 0], [3, 37, 0], [0, 1, 19]]",gated,4,0,98698,14.469426399999065,
0.93,0.9375268825716495,0.9426129426129427,0.9333333333333332,0.9909027777777778,0.19977850682291634,0.0966109539484036,0.926829268292683,0.95,0.9113924050632911,0.9,0.9743589743589743,0.95,0.95,"[[38, 2, 0], [4, 36, 0], [0, 1, 19]]",attention,4,0,98544,13.207486600003904,
0.87,0.8613315093479251,0.9014492753623188,0.8416666666666668,0.9490277777777777,0.7667882132701515,0.23507892265698296,0.9,0.9,0.8604651162790697,0.925,0.8235294117647058,0.7,0.7,"[[36, 4, 0], [3, 37, 0], [1, 5, 14]]",early,4,0,97507,9.57406159999664,
0.95,0.9495293110825845,0.9595238095238096,0.9416666666666665,0.9923611111111111,0.17653963228947422,0.0934061443678364,0.9512195121951219,0.975,0.95,0.95,0.9473684210526315,0.9,0.9,"[[39, 1, 0], [2, 38, 0], [1, 1, 18]]",score,4,0,59302,0.04082090000156313,0.0
0.59,0.6448499304313258,0.6516072790672333,0.6416666666666666,0.7591666666666667,0.6348345083053721,0.4373997286510585,0.5581395348837209,0.6,0.4533333333333333,0.425,0.9230769230769231,0.9,0.9,"[[24, 16, 0], [22, 17, 1], [0, 2, 18]]",logvar,4,0,3,0.010900499997660518,
0.92,0.9293968012708365,0.9346764346764346,0.9250000000000002,0.9892361111111111,0.1865786425099306,0.10975716069312041,0.9113924050632911,0.9,0.9024390243902439,0.925,0.9743589743589743,0.95,0.95,"[[36, 4, 0], [3, 37, 0], [0, 1, 19]]",shallow,4,0,21,0.011544100008904934,
0.94,0.941656466748266,0.9565217391304347,0.9333333333333332,0.9973611111111111,0.17057551292679438,0.0978547119261409,0.9302325581395349,1.0,0.9473684210526315,0.9,0.9473684210526315,0.9,0.9,"[[40, 0, 0], [4, 36, 0], [2, 0, 18]]",raw1d,4,1,27075,12.231565199996112,
0.97,0.970752824411361,0.9682539682539683,0.975,0.9993055555555556,0.10542258260593161,0.05201217347486918,0.975609756097561,1.0,0.961038961038961,0.925,0.975609756097561,1.0,1.0,"[[40, 0, 0], [2, 37, 1], [0, 0, 20]]",spec2d,4,1,32227,5.181600600015372,
0.94,0.9362259850211657,0.9523255813953488,0.9249999999999999,0.9974305555555555,0.13231056394131463,0.08316744099689019,0.9397590361445783,0.975,0.95,0.95,0.918918918918919,0.85,0.85,"[[39, 1, 0], [2, 38, 0], [2, 1, 17]]",raw1d_wide,4,1,99795,31.005626800004393,
0.97,0.9706646823040771,0.9755799755799756,0.9666666666666667,0.9975,0.09644099439048393,0.0470705368216153,0.975609756097561,1.0,0.9620253164556962,0.95,0.9743589743589743,0.95,0.95,"[[40, 0, 0], [2, 38, 0], [0, 1, 19]]",spec2d_wide,4,1,97775,8.04086360000656,
0.97,0.9706646823040771,0.9755799755799756,0.9666666666666667,0.9987499999999999,0.07437086782238646,0.04456310002596045,0.975609756097561,1.0,0.9620253164556962,0.95,0.9743589743589743,0.95,0.95,"[[40, 0, 0], [2, 38, 0], [0, 1, 19]]",late,4,1,98571,15.578466500010109,
0.95,0.9543012886666138,0.9629629629629629,0.9499999999999998,0.9986805555555556,0.1576822081315146,0.08923533785051388,0.9411764705882353,1.0,0.9473684210526315,0.9,0.9743589743589743,0.95,0.95,"[[40, 0, 0], [4, 36, 0], [1, 0, 19]]",gated,4,1,98698,15.386395899986383,
0.93,0.9284353417480352,0.9361598440545809,0.9249999999999999,0.9815277777777777,0.2232092480879101,0.09935302485827174,0.9411764705882353,1.0,0.9210526315789473,0.875,0.9230769230769231,0.9,0.9,"[[40, 0, 0], [4, 35, 1], [1, 1, 18]]",attention,4,1,98544,15.618643800000427,
0.92,0.9198605231737762,0.9362403100775194,0.9083333333333333,0.9815277777777777,0.3369522039678056,0.13687887667999868,0.9156626506024096,0.95,0.925,0.925,0.918918918918919,0.85,0.85,"[[38, 2, 0], [3, 37, 0], [2, 1, 17]]",early,4,1,97507,11.272164100024384,
0.94,0.941656466748266,0.9565217391304347,0.9333333333333332,0.9973611111111111,0.17057551292679438,0.0978547119261409,0.9302325581395349,1.0,0.9473684210526315,0.9,0.9473684210526315,0.9,0.9,"[[40, 0, 0], [4, 36, 0], [2, 0, 18]]",score,4,1,59302,0.034397799987345934,1.0
0.55,0.5970306992925661,0.5834431269213879,0.6166666666666667,0.7304861111111111,0.6751105817035049,0.46269821390260646,0.5238095238095238,0.55,0.3835616438356164,0.35,0.8837209302325582,0.95,0.95,"[[22, 18, 0], [22, 14, 4], [0, 1, 19]]",logvar,4,1,3,0.010336899984395131,
0.97,0.970752824411361,0.9682539682539683,0.975,0.9964583333333334,0.12868947920159315,0.06881265605950976,0.975609756097561,1.0,0.961038961038961,0.925,0.975609756097561,1.0,1.0,"[[40, 0, 0], [2, 37, 1], [0, 0, 20]]",shallow,4,1,21,0.01668279999285005,
0.99,0.9873377651155429,0.991869918699187,0.9833333333333334,0.9991666666666665,0.05260900355645941,0.025085797013580335,1.0,1.0,0.9876543209876543,1.0,0.9743589743589743,0.95,0.95,"[[40, 0, 0], [0, 40, 0], [0, 1, 19]]",raw1d,4,2,27075,21.166670599981444,
0.98,0.9833229101521784,0.9841269841269842,0.9833333333333334,0.9990277777777777,0.11352822224887897,0.054361681690007185,0.9743589743589743,0.95,0.975609756097561,1.0,1.0,1.0,1.0,"[[38, 2, 0], [0, 40, 0], [0, 0, 20]]",spec2d,4,2,32227,3.7278612999944016,
0.96,0.9550851000599402,0.9483916578296218,0.9666666666666667,0.9998611111111111,0.09699473126687075,0.05380262686770875,0.9876543209876543,1.0,0.9473684210526315,0.9,0.9302325581395349,1.0,1.0,"[[40, 0, 0], [1, 36, 3], [0, 0, 20]]",raw1d_wide,4,2,99795,45.90274190000491,
0.98,0.9793171760831533,0.9757936507936508,0.9833333333333334,0.9993055555555556,0.09483909968139301,0.05165120605720182,0.975,0.975,0.9873417721518988,0.975,0.975609756097561,1.0,1.0,"[[39, 0, 1], [1, 39, 0], [0, 0, 20]]",spec2d_wide,4,2,97775,7.773109000001568,
0.98,0.9792076838147299,0.9759969028261711,0.9833333333333334,1.0,0.04747419805370959,0.028525165949952087,0.9743589743589743,0.95,0.9876543209876543,1.0,0.975609756097561,1.0,1.0,"[[38, 1, 1], [0, 40, 0], [0, 0, 20]]",late,4,2,98571,29.837865600013174,
0.96,0.9550851000599402,0.9483916578296218,0.9666666666666667,0.9998611111111111,0.07430835092352518,0.046667702815604735,0.9876543209876543,1.0,0.9473684210526315,0.9,0.9302325581395349,1.0,1.0,"[[40, 0, 0], [1, 36, 3], [0, 0, 20]]",gated,4,2,98698,43.51842409998062,
0.94,0.9418244406196212,0.9386892177589852,0.9500000000000001,0.9963888888888889,0.16759346858410706,0.08584706854067115,0.9333333333333333,0.875,0.9397590361445783,0.975,0.9523809523809523,1.0,1.0,"[[35, 4, 1], [0, 39, 1], [0, 0, 20]]",attention,4,2,98544,34.1743835999805,
0.86,0.8459046416948187,0.8457142857142858,0.8583333333333334,0.9844444444444446,0.3474397250547696,0.2008797853454306,0.9041095890410958,0.825,0.8780487804878049,0.9,0.7555555555555555,0.85,0.85,"[[33, 3, 4], [0, 36, 4], [0, 3, 17]]",early,4,2,97507,27.543496999976924,
0.99,0.9873377651155429,0.991869918699187,0.9833333333333334,0.9991666666666665,0.05260900355645941,0.025085797013580335,1.0,1.0,0.9876543209876543,1.0,0.9743589743589743,0.95,0.95,"[[40, 0, 0], [0, 40, 0], [0, 1, 19]]",score,4,2,59302,0.0751587999984622,1.0
0.5,0.5517732090027337,0.535032483758121,0.5833333333333334,0.7801388888888888,0.6660107772022157,0.441559159663655,0.34782608695652173,0.3,0.4186046511627907,0.45,0.8888888888888888,1.0,1.0,"[[12, 28, 0], [17, 18, 5], [0, 0, 20]]",logvar,4,2,3,0.022789000009652227,
0.94,0.9342796092796092,0.9286682615629984,0.9416666666666668,0.9970833333333333,0.11116988652341334,0.06278206583724816,0.975,0.975,0.9230769230769231,0.9,0.9047619047619048,0.95,0.95,"[[39, 1, 0], [1, 36, 3], [0, 1, 19]]",shallow,4,2,21,0.02451319998363033,
0.98,0.9790044317822096,0.9835365853658536,0.975,0.9977777777777778,0.10535428219287848,0.04625437144682933,0.9876543209876543,1.0,0.975,0.975,0.9743589743589743,0.95,0.95,"[[40, 0, 0], [1, 39, 0], [0, 1, 19]]",raw1d,4,3,27075,38.303426300000865,
0.97,0.9637571730594986,0.9565217391304347,0.975,0.9991666666666666,0.07834334864189299,0.04430447993723992,1.0,1.0,0.961038961038961,0.925,0.9302325581395349,1.0,1.0,"[[40, 0, 0], [0, 37, 3], [0, 0, 20]]",spec2d,4,3,32227,10.712171999999555,
0.98,0.97422568767598,0.983739837398374,0.9666666666666667,0.9995138888888889,0.06505110560502848,0.033629502986276226,0.9876543209876543,1.0,0.9876543209876543,1.0,0.9473684210526315,0.9,0.9,"[[40, 0, 0], [0, 40, 0], [1, 1, 18]]",raw1d_wide,4,3,99795,41.9222146999964,
0.99,0.9876505094164866,0.9841269841269842,0.9916666666666667,1.0,0.030047540940224004,0.014838105429839814,1.0,1.0,0.9873417721518988,0.975,0.975609756097561,1.0,1.0,"[[40, 0, 0], [0, 39, 1], [0, 0, 20]]",spec2d_wide,4,3,97775,15.383756499999436,
0.99,0.991665364379851,0.991869918699187,0.9916666666666667,0.9998611111111111,0.04185796714542175,0.02045198103468315,0.9876543209876543,1.0,0.9873417721518988,0.975,1.0,1.0,1.0,"[[40, 0, 0], [1, 39, 0], [0, 0, 20]]",late,4,3,98571,41.3760631000041,
1.0,1.0,1.0,1.0,1.0,0.007358094181494598,0.00214066566864325,1.0,1.0,1.0,1.0,1.0,1.0,1.0,"[[40, 0, 0], [0, 40, 0], [0, 0, 20]]",gated,4,3,98698,42.294316400017124,
1.0,1.0,1.0,1.0,1.0,0.005980417043364697,0.0007604297727109942,1.0,1.0,1.0,1.0,1.0,1.0,1.0,"[[40, 0, 0], [0, 40, 0], [0, 0, 20]]",attention,4,3,98544,50.37241730000824,
0.94,0.928252611585945,0.9319854514334617,0.9249999999999999,0.9885416666666668,0.2019166873954167,0.1082195478412212,0.95,0.95,0.9629629629629629,0.975,0.8717948717948718,0.85,0.85,"[[38, 1, 1], [0, 39, 1], [2, 1, 17]]",early,4,3,97507,12.566568299982464,
0.97,0.9637571730594986,0.9565217391304347,0.975,0.9995833333333334,0.06457563010925438,0.03567542612864804,1.0,1.0,0.961038961038961,0.925,0.9302325581395349,1.0,1.0,"[[40, 0, 0], [0, 37, 3], [0, 0, 20]]",score,4,3,59302,0.03842290001921356,0.125
0.6,0.653103615875574,0.6451178451178451,0.6666666666666666,0.7310416666666666,0.6312280164229909,0.4366499166376684,0.5411764705882353,0.575,0.4657534246575342,0.425,0.9523809523809523,1.0,1.0,"[[23, 16, 1], [22, 17, 1], [0, 0, 20]]",logvar,4,3,3,0.011545700021088123,
0.97,0.9620132953466287,0.9661959777492511,0.9583333333333334,0.998611111111111,0.06918876860486571,0.03550524648742981,1.0,1.0,0.9629629629629629,0.975,0.9230769230769231,0.9,0.9,"[[40, 0, 0], [0, 39, 1], [0, 2, 18]]",shallow,4,3,21,0.012880800000857562,
0.97,0.9637571730594986,0.9565217391304347,0.975,1.0,0.09446531593570456,0.051271003518175734,1.0,1.0,0.961038961038961,0.925,0.9302325581395349,1.0,1.0,"[[40, 0, 0], [0, 37, 3], [0, 0, 20]]",raw1d,4,4,27075,16.886420399998315,
0.98,0.9755799755799757,0.9696969696969697,0.9833333333333334,0.9992361111111111,0.06558222979777846,0.037144283583139724,0.9743589743589743,0.95,1.0,1.0,0.9523809523809523,1.0,1.0,"[[38, 0, 2], [0, 40, 0], [0, 0, 20]]",spec2d,4,4,32227,8.485506199998781,
0.98,0.9755799755799757,0.9696969696969697,0.9833333333333334,1.0,0.08498460851484525,0.03878423257722338,1.0,1.0,0.9743589743589743,0.95,0.9523809523809523,1.0,1.0,"[[40, 0, 0], [0, 38, 2], [0, 0, 20]]",raw1d_wide,4,4,99795,43.90518179998617,
0.98,0.9833229101521784,0.9841269841269842,0.9833333333333334,0.9990277777777777,0.11886353294728584,0.046687593966656206,0.975609756097561,1.0,0.9743589743589743,0.95,1.0,1.0,1.0,"[[40, 0, 0], [2, 38, 0], [0, 0, 20]]",spec2d_wide,4,4,97775,10.924746899981983,
1.0,1.0,1.0,1.0,1.0,0.0294892180864274,0.0070308062951835795,1.0,1.0,1.0,1.0,1.0,1.0,1.0,"[[40, 0, 0], [0, 40, 0], [0, 0, 20]]",late,4,4,98571,28.999956599989673,
1.0,1.0,1.0,1.0,1.0,0.029083197066460852,0.008934957068991388,1.0,1.0,1.0,1.0,1.0,1.0,1.0,"[[40, 0, 0], [0, 40, 0], [0, 0, 20]]",gated,4,4,98698,34.29674780002097,
1.0,1.0,1.0,1.0,1.0,0.007040618357648295,0.0006483390473205023,1.0,1.0,1.0,1.0,1.0,1.0,1.0,"[[40, 0, 0], [0, 40, 0], [0, 0, 20]]",attention,4,4,98544,21.054279599979054,
0.92,0.90585437953859,0.9151160730108098,0.9,0.9713888888888889,0.46711020475896264,0.16075148506189302,0.9230769230769231,0.9,0.9523809523809523,1.0,0.8421052631578947,0.8,0.8,"[[36, 2, 2], [0, 40, 0], [2, 2, 16]]",early,4,4,97507,13.96269260000554,
0.99,0.9876505094164866,0.9841269841269842,0.9916666666666667,0.9998611111111111,0.058247235157017296,0.02634808373361649,0.9873417721518988,0.975,1.0,1.0,0.975609756097561,1.0,1.0,"[[39, 0, 1], [0, 40, 0], [0, 0, 20]]",score,4,4,59302,0.05765249999240041,0.25
0.64,0.6835884572182681,0.6712913868269118,0.7000000000000001,0.7884027777777778,0.7328530259488284,0.44369462258359116,0.5526315789473685,0.525,0.5679012345679012,0.575,0.9302325581395349,1.0,1.0,"[[21, 18, 1], [15, 23, 2], [0, 0, 20]]",logvar,4,4,3,0.01615370000945404,
0.96,0.9586996336996337,0.9525917065390749,0.9666666666666667,0.9968055555555556,0.11112786946730109,0.05590858467110908,0.975,0.975,0.9487179487179487,0.925,0.9523809523809523,1.0,1.0,"[[39, 1, 0], [1, 37, 2], [0, 0, 20]]",shallow,4,4,21,0.018812599999364465,
