metric,model_a,model_b,n,mean_a,mean_b,mean_diff,p_naive_wilcoxon,p_corrected,p_corrected_conservative,p_sign,delta_min_naive,delta_min_corrected,bayes_p_b_better_r01,bayes_p_equiv_r01,bayes_p_a_better_r01,bayes_p_b_better_r02,bayes_p_equiv_r02,bayes_p_a_better_r02,p_naive_wilcoxon_holm,p_corrected_holm,p_corrected_conservative_holm,p_sign_holm,sig_naive,sig_corrected
f1_macro,attention,early,23,0.668434347743269,0.6655342671655836,0.002900080577685306,1.0,0.9287382059264523,0.9324603084225469,0.6776394844055176,0.041390527828142946,0.057948882822648644,0.34563862728550454,0.24097624352741576,0.4133851291870797,0.24126861598296773,0.45917898620644093,0.2995523978105913,1.0,1.0,1.0,1.0,False,False
f1_macro,attention,gated,23,0.668434347743269,0.6591172386959888,0.00931710904728028,0.9095312825191832,0.7858710663369279,0.7968151061709912,0.8318119049072266,0.04999297953220177,0.0674914902358377,0.28716429356636586,0.22078580017322247,0.4920499062604117,0.19809032263423604,0.42416790242310776,0.37774177494265615,1.0,1.0,1.0,1.0,False,False
f1_macro,attention,late,23,0.668434347743269,0.6485986447265779,0.019835703016691127,0.24910310970315597,0.34603634163272645,0.37138425782609774,0.28627872467041016,0.0445673954879123,0.05520681832674551,0.08080163556815367,0.2380601415439726,0.6811382228878737,0.03304727955366345,0.47009872559551613,0.4968539948508204,1.0,1.0,1.0,1.0,False,False
f1_macro,attention,logvar,23,0.668434347743269,0.6221550159194988,0.04627933182377012,0.11142587661743164,0.3332079138859525,0.3586197001760666,0.21003961563110352,0.10243727320803464,0.1265960761221847,0.12083753799321084,0.10227251532305626,0.7768899466837329,0.08524043188733418,0.20471082074513103,0.7100487473675348,1.0,1.0,1.0,1.0,False,False
f1_macro,attention,raw1d,23,0.668434347743269,0.6679051251082475,0.0005292226350214251,0.9168474674224854,0.9869285278434619,0.9876130078590902,0.6776394844055176,0.03887447652615623,0.055370370225502945,0.3723789685374755,0.24282211795399256,0.384798913508532,0.263500019943225,0.46233175598453646,0.2741682240722386,1.0,1.0,1.0,1.0,False,False
f1_macro,attention,raw1d_wide,23,0.668434347743269,0.6571084240168219,0.011325923726447154,0.5480967583988466,0.7128602324313944,0.7272391595761244,0.28627872467041016,0.04780150282316719,0.06349307386113377,0.2450297240791509,0.23776107451322703,0.517209201407622,0.15684149621416232,0.45419925054285315,0.3889592532429845,1.0,1.0,1.0,1.0,False,False
f1_macro,attention,score,23,0.668434347743269,0.6659385360822826,0.0024958116609863743,0.9405548572540283,0.9293272841602835,0.9330187787088416,1.0,0.03589761263347986,0.05026686312203574,0.32885289576475096,0.2762100672685143,0.3949370369667347,0.21369650331111023,0.5184524249456894,0.26785107174320033,1.0,1.0,1.0,1.0,False,False
f1_macro,attention,shallow,23,0.668434347743269,0.6711080174132082,-0.002673669669939311,0.9643125534057617,0.9628184499626062,0.9647642204091753,1.0,0.07075539323024789,0.10004373430911098,0.44918604531285233,0.13821082842627008,0.4126031262608776,0.3814083397443353,0.27203232301889013,0.34655933723677457,1.0,1.0,1.0,1.0,False,False
f1_macro,attention,spec2d,23,0.668434347743269,0.6706872587747547,-0.0022529110314854638,0.7539846897125244,0.9590537568326174,0.9611962134999241,0.6776394844055176,0.054341722934511644,0.07675001123316441,0.4299551803198233,0.17991686374456178,0.39012795593561483,0.34322271614292266,0.35021947866992637,0.306557805187151,1.0,1.0,1.0,1.0,False,False
f1_macro,attention,spec2d_wide,23,0.668434347743269,0.6734771464929914,-0.005042798749722536,0.869666576385498,0.9144450547873975,0.91890849821729,1.0,0.060755237042324516,0.08472238725119689,0.45794573368526253,0.16762298025505373,0.3744312860596837,0.3751203046726487,0.32746302174483,0.29741667358252133,1.0,1.0,1.0,1.0,False,False
f1_macro,early,gated,23,0.6655342671655836,0.6591172386959888,0.0064170284695949705,0.8462316989898682,0.8587162123453859,0.866038296351558,1.0,0.04919419391695252,0.06759666886163188,0.32473920906537646,0.21485714529242456,0.460403645642199,0.2331302192891701,0.41352749292969926,0.35334228778113064,1.0,1.0,1.0,1.0,False,False
f1_macro,early,late,23,0.6655342671655836,0.6485986447265779,0.01693562243900582,0.4274179935455322,0.6455732939554351,0.6628777381953124,0.21003961563110352,0.06054021198986824,0.0792986397232407,0.23306792957590705,0.19208231988407376,0.5748497505400192,0.16010177050025248,0.37313816236528485,0.4667600671344626,1.0,1.0,1.0,1.0,False,False
f1_macro,early,logvar,23,0.6655342671655836,0.6221550159194988,0.043379251246084806,0.16010499000549316,0.3443330325387084,0.36969128635692394,0.4048728942871094,0.09727108495649359,0.12045502220916368,0.12351575281591129,0.10896424252010761,0.7675200046639811,0.08596882000817946,0.2178655880722229,0.6961655919195977,1.0,1.0,1.0,1.0,False,False
f1_macro,early,raw1d,23,0.6655342671655836,0.6679051251082475,-0.002370857942663881,0.869666576385498,0.9556046522169188,0.9579272245505903,0.6776394844055176,0.052923830003962724,0.07467140939610299,0.4289375966788218,0.18523345949241693,0.38582894382876126,0.33974968641733716,0.35998632274947323,0.3002639908331896,1.0,1.0,1.0,1.0,False,False
f1_macro,early,raw1d_wide,23,0.6655342671655836,0.6571084240168219,0.008425843148761849,0.5803380012512207,0.8476312373937733,0.8555141935140835,0.6776394844055176,0.06045952435039316,0.0828440957584925,0.3374240850287031,0.1768995127833285,0.48567640218796837,0.2593434634319465,0.34470316166726916,0.39595337490078436,1.0,1.0,1.0,1.0,False,False
f1_macro,early,score,23,0.6655342671655836,0.6659385360822826,-0.00040426891669893166,0.8328664161727948,0.9908625020244688,0.9913410033830437,0.8318119049072266,0.042307874280298655,0.06033454901975385,0.3929637772708082,0.22282683297496902,0.38420938975422275,0.290078167226573,0.4275497409549499,0.2823720918184771,1.0,1.0,1.0,1.0,False,False
f1_macro,early,shallow,23,0.6655342671655836,0.6711080174132082,-0.005573750247624617,0.8932116031646729,0.907121049669607,0.9119632884041733,0.6776394844055176,0.06227542097226328,0.08666813292312209,0.46308827748344294,0.1645646319662718,0.37234709055028525,0.38143964651546697,0.3217629020899282,0.2967974513946048,1.0,1.0,1.0,1.0,False,False
f1_macro,early,spec2d,23,0.6655342671655836,0.6706872587747547,-0.005152991609170772,0.9405548572540283,0.8868846234286916,0.8927690382524761,1.0,0.04814541005099328,0.06664048551737582,0.44677863823544306,0.21508295337547045,0.3381384083890865,0.3412146084752051,0.4139000463587684,0.24488534516602656,1.0,1.0,1.0,1.0,False,False
f1_macro,early,spec2d_wide,23,0.6655342671655836,0.6734771464929914,-0.007942879327407839,0.8838460571465129,0.840125267298353,0.8483862512818248,0.8318119049072266,0.05465980020677819,0.07475713384224673,0.47915688678473467,0.19622961792450572,0.3246134952907596,0.37978751266702043,0.3800980682813592,0.2401144190516203,1.0,1.0,1.0,1.0,False,False
f1_macro,gated,late,23,0.6591172386959888,0.6485986447265779,0.01051859396941085,0.7997725009918213,0.642426019740352,0.6598605000197533,1.0,0.0373438259137872,0.04888387662960882,0.18419326760463034,0.3066522941223293,0.5091544382730404,0.09287943655549723,0.5694107610645652,0.33770980237993753,1.0,1.0,1.0,1.0,False,False
f1_macro,gated,logvar,23,0.6591172386959888,0.6221550159194988,0.03696222277648984,0.25945234298706055,0.3236386553401056,0.3490764862415149,1.0,0.08091622622632223,0.09982496968197016,0.1064549288668096,0.12815085271760995,0.7653942184155804,0.06699270272593667,0.25684454773443766,0.6761627495396256,1.0,1.0,1.0,1.0,False,False
f1_macro,gated,raw1d,23,0.6591172386959888,0.6679051251082475,-0.00878788641225885,0.9405548572540283,0.7899582753480626,0.8007035676657152,0.6776394844055176,0.04791962366076179,0.06475385769021254,0.48533446090232846,0.22958389688108333,0.2850816422165882,0.3670527889337001,0.4396263030561242,0.1933209080101757,1.0,1.0,1.0,1.0,False,False
f1_macro,gated,raw1d_wide,23,0.6591172386959888,0.6571084240168219,0.002008814679166879,0.9643125534057617,0.952101703161824,0.9546071149764785,1.0,0.0417059384371788,0.05878339828504201,0.3599588073550615,0.23441286310652598,0.40562832953841255,0.2562753896102816,0.4478165090568993,0.2959081013328191,1.0,1.0,1.0,1.0,False,False
f1_macro,gated,score,23,0.6591172386959888,0.6659385360822826,-0.006821297386293902,0.9095312825191832,0.8158675331817797,0.8253395614967333,0.8318119049072266,0.041572636666061674,0.056522450280453045,0.45677300158362355,0.25970900872730085,0.2835179896890756,0.32667181727668015,0.49124903486465166,0.1820791478586682,1.0,1.0,1.0,1.0,False,False
f1_macro,gated,shallow,23,0.6591172386959888,0.6711080174132082,-0.01199077871721959,0.8229274749755859,0.8091257080177241,0.8189311838128754,0.6776394844055176,0.07087757640191009,0.09621031660645912,0.5160054867851724,0.1548583011868458,0.32913621202798177,0.4358868093782534,0.30361682315508753,0.26049636746665905,1.0,1.0,1.0,1.0,False,False
f1_macro,gated,spec2d,23,0.6591172386959888,0.6706872587747547,-0.011570020078765737,0.7577599676939444,0.7250528341248639,0.7388749322321801,0.8318119049072266,0.0505642733039274,0.06733936254740712,0.5190597100073107,0.22419044787614179,0.25674984211654756,0.39880833104055324,0.43039398257651,0.17079768638293674,1.0,1.0,1.0,1.0,False,False
f1_macro,gated,spec2d_wide,23,0.6591172386959888,0.6734771464929914,-0.014359907797002813,0.7997725009918213,0.710915775795653,0.7253828126365718,0.6776394844055176,0.06027997285445223,0.08003450398900547,0.5448622455117561,0.18976313483979151,0.2653746196484524,0.4420531864944649,0.3685922648777992,0.18935454862773587,1.0,1.0,1.0,1.0,False,False
f1_macro,late,logvar,23,0.6485986447265779,0.6221550159194988,0.026443628807078994,0.23447084426879883,0.5001079941227444,0.5225968866323818,0.4048728942871094,0.07275022447974071,0.09267103872088615,0.17748376812308514,0.15951386456482575,0.6630023673120891,0.12065612928354255,0.31376425839874444,0.565579612317713,1.0,1.0,1.0,1.0,False,False
f1_macro,late,raw1d,23,0.6485986447265779,0.6679051251082475,-0.0193064803816697,0.5202305316925049,0.5066754272248303,0.5289728034541559,0.6776394844055176,0.053644646324209413,0.0684167152959478,0.6260243283168552,0.21565625632448662,0.1583194153586582,0.4904363064175481,0.4179780161192711,0.09158567746318078,1.0,1.0,1.0,1.0,False,False
f1_macro,late,raw1d_wide,23,0.6485986447265779,0.6571084240168219,-0.008509779290243972,0.4077418149342378,0.7212265717251214,0.7352242078994136,0.13380050659179688,0.03677855105743169,0.048939603776147214,0.47505238097094465,0.3048651810869334,0.220082437942122,0.3151837637465251,0.565420317124242,0.11939591912923289,1.0,1.0,1.0,1.0,False,False
f1_macro,late,score,23,0.6485986447265779,0.6659385360822826,-0.01733989135570475,0.5399188995361328,0.4773644168186568,0.5004790997654285,1.0,0.04613956041523151,0.058529001902073594,0.6187572550442846,0.24792491295946667,0.13331783199624875,0.45635136437694296,0.476739733143532,0.06690890247952494,1.0,1.0,1.0,1.0,False,False
f1_macro,late,shallow,23,0.6485986447265779,0.6711080174132082,-0.022509372686630436,0.6649994850158691,0.6491661697035521,0.666321363352302,1.0,0.08110488662499322,0.1063123183434018,0.5999574268563357,0.14391459095143777,0.25612798219222654,0.5202716580961146,0.28315601006301677,0.19657233184086859,1.0,1.0,1.0,1.0,False,False
f1_macro,late,spec2d,23,0.6485986447265779,0.6706872587747547,-0.022088614048176587,0.3294053077697754,0.5254886492432278,0.5472120141327002,1.0,0.06319468701626063,0.08087826819697808,0.6363082351928,0.18428957256776018,0.17940219223943982,0.524046903622867,0.3599868739731872,0.1159662224039458,1.0,1.0,1.0,1.0,False,False
f1_macro,late,spec2d_wide,23,0.6485986447265779,0.6734771464929914,-0.024878501766413662,0.4274179935455322,0.5632845358985739,0.5837487630918732,0.6776394844055176,0.07577822930508474,0.0976749807827884,0.6355209492722629,0.15473228945597678,0.20974676127176034,0.5452854326748366,0.3040824793407452,0.15063208798441813,1.0,1.0,1.0,1.0,False,False
f1_macro,logvar,raw1d,23,0.6221550159194988,0.6679051251082475,-0.045750109188748694,0.09798812866210938,0.2829885926232393,0.3083124209732618,0.21003961563110352,0.09566081460159717,0.11713209480976144,0.8004664047329202,0.1027496185683223,0.0967839766987575,0.7290045348430281,0.20699690463256773,0.0639985605244042,1.0,1.0,1.0,1.0,False,False
f1_macro,logvar,raw1d_wide,23,0.6221550159194988,0.6571084240168219,-0.03495340809732297,0.09175300598144531,0.33413068665822376,0.35953897013701097,0.21003961563110352,0.0774506487315775,0.09573270173371695,0.7558921363910943,0.13543630839894963,0.10867155520995606,0.6616072064405658,0.27099346602648333,0.06739932753295086,1.0,1.0,1.0,1.0,False,False
f1_macro,logvar,score,23,0.6221550159194988,0.6659385360822826,-0.043783520162783744,0.11142587661743164,0.3118450927853891,0.3372884241105829,0.21003961563110352,0.09456674278101523,0.11641337455450523,0.7835053554530534,0.10809246355819607,0.10840218098875049,0.7102015832987019,0.21690699219796133,0.0728914245033368,1.0,1.0,1.0,1.0,False,False
f1_macro,logvar,shallow,23,0.6221550159194988,0.6711080174132082,-0.04895300149370943,0.0448758602142334,0.2255226278704125,0.24995517847014612,0.21003961563110352,0.09608723630710099,0.1163640958446385,0.8340652279008031,0.09223771004754291,0.07369706205165402,0.7656975455676931,0.18783782248163244,0.046464631950674476,1.0,1.0,1.0,1.0,False,False
f1_macro,logvar,spec2d,23,0.6221550159194988,0.6706872587747547,-0.04853224285525558,0.16010499000549316,0.2967337300315066,0.32213894189559567,0.6776394844055176,0.10304940400160559,0.12650235329263268,0.7973784239895509,0.09723837589326191,0.10538320011718715,0.7318839792849117,0.19538955482715387,0.07272646588793445,1.0,1.0,1.0,1.0,False,False
f1_macro,logvar,spec2d_wide,23,0.6221550159194988,0.6734771464929914,-0.05132213057349266,0.18954229354858398,0.3264690140212634,0.3519011148678669,0.4048728942871094,0.11271855614810908,0.13913092292168977,0.7861503031942906,0.09224309114048357,0.12160660566522585,0.7267631477860763,0.1847274316068303,0.08850942060709337,1.0,1.0,1.0,1.0,False,False
f1_macro,raw1d,raw1d_wide,23,0.6679051251082475,0.6571084240168219,0.01079670109142573,0.5009052753448486,0.6260733735582382,0.6441726111038624,0.6776394844055176,0.03702757473126191,0.04831193613964396,0.17574356407138114,0.3098760503993606,0.5143803855292582,0.08631557207265085,0.5748555479889074,0.3388288799384418,1.0,1.0,1.0,1.0,False,False
f1_macro,raw1d,score,23,0.6679051251082475,0.6659385360822826,0.0019665890259649493,0.9611595909257591,0.888657949553318,0.8944513226584447,0.8318119049072266,0.018637426160894206,0.025809118335306778,0.1990372061477957,0.5165842765062816,0.2843785173459228,0.06395591796610657,0.8323083280776564,0.10373575395623705,1.0,1.0,1.0,1.0,False,False
f1_macro,raw1d,shallow,23,0.6679051251082475,0.6711080174132082,-0.003202892304960736,1.0,0.9483486288453917,0.9510498293027354,1.0,0.06189155220874989,0.08713905475179189,0.44533647798051723,0.15986361327124754,0.39479990874823523,0.3671931443246791,0.3129598442232192,0.3198470114521017,1.0,1.0,1.0,1.0,False,False
f1_macro,raw1d,spec2d,23,0.6679051251082475,0.6706872587747547,-0.002782133666506884,0.8462316989898682,0.9497391598035918,0.9523678330402583,1.0,0.05517344023137029,0.07771185988344827,0.4350659671244624,0.17877162962208037,0.3861624032534573,0.3484770579240388,0.34811107022812726,0.3034118718478339,1.0,1.0,1.0,1.0,False,False
f1_macro,raw1d,spec2d_wide,23,0.6679051251082475,0.6734771464929914,-0.005572021384743961,0.8932116031646729,0.9169758288291199,0.9213082034886048,1.0,0.06901536554039589,0.09630830416831461,0.46698761697730984,0.14751699527905637,0.3854953877436338,0.39368336654715036,0.28971097348636843,0.31660565996648116,1.0,1.0,1.0,1.0,False,False
f1_macro,raw1d_wide,score,23,0.6571084240168219,0.6659385360822826,-0.00883011206546078,0.5599584579467773,0.7287112515738416,0.742364847024847,0.6776394844055176,0.03900945280936825,0.051992420616577315,0.481649026217101,0.2874927316820611,0.230858242100838,0.33055556993302976,0.5375847888813534,0.13185964118561677,1.0,1.0,1.0,1.0,False,False
f1_macro,raw1d_wide,shallow,23,0.6571084240168219,0.6711080174132082,-0.013999593396386466,0.6010458469390869,0.7527321324996006,0.7652639246598323,1.0,0.066689857310146,0.0893568865852566,0.5358959833435345,0.16911828208002638,0.2949857345764391,0.4462440792655484,0.3303851991859716,0.22337072154847998,1.0,1.0,1.0,1.0,False,False
f1_macro,raw1d_wide,spec2d,23,0.6571084240168219,0.6706872587747547,-0.013578834757932621,0.5399188995361328,0.7334665750155953,0.7469001909497799,1.0,0.060852322883358775,0.08118908834404198,0.5358003879380266,0.18650409936849233,0.27769551269348103,0.43597102398397086,0.36255596812862156,0.20147300788740752,1.0,1.0,1.0,1.0,False,False
f1_macro,raw1d_wide,spec2d_wide,23,0.6571084240168219,0.6734771464929914,-0.01636872247616969,0.6010458469390869,0.7356446195230274,0.748977125096703,1.0,0.07384426551272438,0.09856989259906454,0.5523142900768602,0.1540353803469821,0.2936503295761577,0.4701097441764035,0.3021487033659472,0.22774155245764932,1.0,1.0,1.0,1.0,False,False
f1_macro,score,shallow,23,0.6659385360822826,0.6711080174132082,-0.005169481330925685,0.869666576385498,0.9154048834860269,0.9198186278040771,0.6776394844055176,0.06293215768124373,0.08778130776301976,0.46046582214892473,0.16178464944330195,0.3777495284077733,0.38039116097618586,0.31656426899464685,0.3030445700291673,1.0,1.0,1.0,1.0,False,False
f1_macro,score,spec2d,23,0.6659385360822826,0.6706872587747547,-0.004748722692471838,0.9861344018198014,0.8976433750979047,0.9029745747662347,0.6636238098144531,0.04856138583360656,0.06740932555290868,0.44344260374837385,0.2115633104695015,0.34499408578212465,0.3400195008583069,0.40762578972801444,0.25235470941367866,1.0,1.0,1.0,1.0,False,False
f1_macro,score,spec2d_wide,23,0.6659385360822826,0.6734771464929914,-0.007538610410708915,0.8462316989898682,0.871706859879485,0.878368000946682,1.0,0.06293618917747121,0.08676788874404963,0.47896886214881046,0.16727900393092077,0.35375213392026883,0.39480916480284906,0.3268396392670514,0.2783511959300995,1.0,1.0,1.0,1.0,False,False
f1_macro,shallow,spec2d,23,0.6711080174132082,0.6706872587747547,0.00042075863845384467,0.8462316989898682,0.993160689260001,0.9935188487463258,1.0,0.05868921380746256,0.08375594684362947,0.4159807600352031,0.1613491401162831,0.4226700998485138,0.3390005648157328,0.31573840080814364,0.34526103437612354,1.0,1.0,1.0,1.0,False,False
f1_macro,shallow,spec2d_wide,23,0.6711080174132082,0.6734771464929914,-0.0023691290797832297,0.988100528717041,0.9657830385089992,0.9675738634187354,0.6776394844055176,0.06792677223031386,0.09612926935449848,0.44506315602865987,0.14349684209963354,0.4114400018717066,0.37491153107769415,0.2820848644793099,0.34300360444299594,1.0,1.0,1.0,1.0,False,False
f1_macro,spec2d,spec2d_wide,23,0.6706872587747547,0.6734771464929914,-0.0027898877182370744,0.9405548572540283,0.9122070136051803,0.9167862905435534,1.0,0.03282332715964021,0.04574352911886346,0.38793194002558395,0.30494988279566115,0.3071181771787549,0.2493206767548602,0.5646110363140971,0.18606828693104271,1.0,1.0,1.0,1.0,False,False
