metric,model_a,model_b,n,mean_a,mean_b,mean_diff,p_naive_wilcoxon,p_corrected,p_corrected_conservative,p_sign,delta_min_naive,delta_min_corrected,bayes_p_b_better_r01,bayes_p_equiv_r01,bayes_p_a_better_r01,bayes_p_b_better_r02,bayes_p_equiv_r02,bayes_p_a_better_r02,p_naive_wilcoxon_holm,p_corrected_holm,p_corrected_conservative_holm,p_sign_holm,sig_naive,sig_corrected,bayes_p_b_better_r05,bayes_p_equiv_r05,bayes_p_a_better_r05
f1_macro,attention,early,23,0.668434347743269,0.6655342671655836,0.002900080577685306,1.0,0.9287382059264523,0.9324603084225469,0.6776394844055176,0.041390527828142946,0.057948882822648644,0.34563862728550454,0.24097624352741576,0.4133851291870797,0.24126861598296773,0.45917898620644093,0.2995523978105913,1.0,1.0,1.0,1.0,False,False,,,
f1_macro,attention,gated,23,0.668434347743269,0.6591172386959888,0.00931710904728028,0.9095312825191832,0.7858710663369279,0.7968151061709912,0.8318119049072266,0.04999297953220177,0.0674914902358377,0.28716429356636586,0.22078580017322247,0.4920499062604117,0.19809032263423604,0.42416790242310776,0.37774177494265615,1.0,1.0,1.0,1.0,False,False,,,
f1_macro,attention,late,23,0.668434347743269,0.6485986447265779,0.019835703016691127,0.24910310970315597,0.34603634163272645,0.37138425782609774,0.28627872467041016,0.0445673954879123,0.05520681832674551,0.08080163556815367,0.2380601415439726,0.6811382228878737,0.03304727955366345,0.47009872559551613,0.4968539948508204,1.0,1.0,1.0,1.0,False,False,,,
f1_macro,attention,logvar,23,0.668434347743269,0.6221550159194988,0.04627933182377012,0.11142587661743164,0.3332079138859525,0.3586197001760666,0.21003961563110352,0.10243727320803464,0.1265960761221847,0.12083753799321084,0.10227251532305626,0.7768899466837329,0.08524043188733418,0.20471082074513103,0.7100487473675348,1.0,1.0,1.0,1.0,False,False,,,
f1_macro,attention,raw1d,23,0.668434347743269,0.6679051251082475,0.0005292226350214251,0.9168474674224854,0.9869285278434619,0.9876130078590902,0.6776394844055176,0.03887447652615623,0.055370370225502945,0.3723789685374755,0.24282211795399256,0.384798913508532,0.263500019943225,0.46233175598453646,0.2741682240722386,1.0,1.0,1.0,1.0,False,False,,,
f1_macro,attention,raw1d_wide,23,0.668434347743269,0.6571084240168219,0.011325923726447154,0.5480967583988466,0.7128602324313944,0.7272391595761244,0.28627872467041016,0.04780150282316719,0.06349307386113377,0.2450297240791509,0.23776107451322703,0.517209201407622,0.15684149621416232,0.45419925054285315,0.3889592532429845,1.0,1.0,1.0,1.0,False,False,,,
f1_macro,attention,score,23,0.668434347743269,0.6659385360822826,0.0024958116609863743,0.9405548572540283,0.9293272841602835,0.9330187787088416,1.0,0.03589761263347986,0.05026686312203574,0.32885289576475096,0.2762100672685143,0.3949370369667347,0.21369650331111023,0.5184524249456894,0.26785107174320033,1.0,1.0,1.0,1.0,False,False,,,
f1_macro,attention,shallow,23,0.668434347743269,0.6711080174132082,-0.002673669669939311,0.9643125534057617,0.9628184499626062,0.9647642204091753,1.0,0.07075539323024789,0.10004373430911098,0.44918604531285233,0.13821082842627008,0.4126031262608776,0.3814083397443353,0.27203232301889013,0.34655933723677457,1.0,1.0,1.0,1.0,False,False,,,
f1_macro,attention,spec2d,23,0.668434347743269,0.6706872587747547,-0.0022529110314854638,0.7539846897125244,0.9590537568326174,0.9611962134999241,0.6776394844055176,0.054341722934511644,0.07675001123316441,0.4299551803198233,0.17991686374456178,0.39012795593561483,0.34322271614292266,0.35021947866992637,0.306557805187151,1.0,1.0,1.0,1.0,False,False,,,
f1_macro,attention,spec2d_wide,23,0.668434347743269,0.6734771464929914,-0.005042798749722536,0.869666576385498,0.9144450547873975,0.91890849821729,1.0,0.060755237042324516,0.08472238725119689,0.45794573368526253,0.16762298025505373,0.3744312860596837,0.3751203046726487,0.32746302174483,0.29741667358252133,1.0,1.0,1.0,1.0,False,False,,,
f1_macro,early,gated,23,0.6655342671655836,0.6591172386959888,0.0064170284695949705,0.8462316989898682,0.8587162123453859,0.866038296351558,1.0,0.04919419391695252,0.06759666886163188,0.32473920906537646,0.21485714529242456,0.460403645642199,0.2331302192891701,0.41352749292969926,0.35334228778113064,1.0,1.0,1.0,1.0,False,False,,,
f1_macro,early,late,23,0.6655342671655836,0.6485986447265779,0.01693562243900582,0.4274179935455322,0.6455732939554351,0.6628777381953124,0.21003961563110352,0.06054021198986824,0.0792986397232407,0.23306792957590705,0.19208231988407376,0.5748497505400192,0.16010177050025248,0.37313816236528485,0.4667600671344626,1.0,1.0,1.0,1.0,False,False,,,
f1_macro,early,logvar,23,0.6655342671655836,0.6221550159194988,0.043379251246084806,0.16010499000549316,0.3443330325387084,0.36969128635692394,0.4048728942871094,0.09727108495649359,0.12045502220916368,0.12351575281591129,0.10896424252010761,0.7675200046639811,0.08596882000817946,0.2178655880722229,0.6961655919195977,1.0,1.0,1.0,1.0,False,False,,,
f1_macro,early,raw1d,23,0.6655342671655836,0.6679051251082475,-0.002370857942663881,0.869666576385498,0.9556046522169188,0.9579272245505903,0.6776394844055176,0.052923830003962724,0.07467140939610299,0.4289375966788218,0.18523345949241693,0.38582894382876126,0.33974968641733716,0.35998632274947323,0.3002639908331896,1.0,1.0,1.0,1.0,False,False,,,
f1_macro,early,raw1d_wide,23,0.6655342671655836,0.6571084240168219,0.008425843148761849,0.5803380012512207,0.8476312373937733,0.8555141935140835,0.6776394844055176,0.06045952435039316,0.0828440957584925,0.3374240850287031,0.1768995127833285,0.48567640218796837,0.2593434634319465,0.34470316166726916,0.39595337490078436,1.0,1.0,1.0,1.0,False,False,,,
f1_macro,early,score,23,0.6655342671655836,0.6659385360822826,-0.00040426891669893166,0.8328664161727948,0.9908625020244688,0.9913410033830437,0.8318119049072266,0.042307874280298655,0.06033454901975385,0.3929637772708082,0.22282683297496902,0.38420938975422275,0.290078167226573,0.4275497409549499,0.2823720918184771,1.0,1.0,1.0,1.0,False,False,,,
f1_macro,early,shallow,23,0.6655342671655836,0.6711080174132082,-0.005573750247624617,0.8932116031646729,0.907121049669607,0.9119632884041733,0.6776394844055176,0.06227542097226328,0.08666813292312209,0.46308827748344294,0.1645646319662718,0.37234709055028525,0.38143964651546697,0.3217629020899282,0.2967974513946048,1.0,1.0,1.0,1.0,False,False,,,
f1_macro,early,spec2d,23,0.6655342671655836,0.6706872587747547,-0.005152991609170772,0.9405548572540283,0.8868846234286916,0.8927690382524761,1.0,0.04814541005099328,0.06664048551737582,0.44677863823544306,0.21508295337547045,0.3381384083890865,0.3412146084752051,0.4139000463587684,0.24488534516602656,1.0,1.0,1.0,1.0,False,False,,,
f1_macro,early,spec2d_wide,23,0.6655342671655836,0.6734771464929914,-0.007942879327407839,0.8838460571465129,0.840125267298353,0.8483862512818248,0.8318119049072266,0.05465980020677819,0.07475713384224673,0.47915688678473467,0.19622961792450572,0.3246134952907596,0.37978751266702043,0.3800980682813592,0.2401144190516203,1.0,1.0,1.0,1.0,False,False,,,
f1_macro,gated,late,23,0.6591172386959888,0.6485986447265779,0.01051859396941085,0.7997725009918213,0.642426019740352,0.6598605000197533,1.0,0.0373438259137872,0.04888387662960882,0.18419326760463034,0.3066522941223293,0.5091544382730404,0.09287943655549723,0.5694107610645652,0.33770980237993753,1.0,1.0,1.0,1.0,False,False,,,
f1_macro,gated,logvar,23,0.6591172386959888,0.6221550159194988,0.03696222277648984,0.25945234298706055,0.3236386553401056,0.3490764862415149,1.0,0.08091622622632223,0.09982496968197016,0.1064549288668096,0.12815085271760995,0.7653942184155804,0.06699270272593667,0.25684454773443766,0.6761627495396256,1.0,1.0,1.0,1.0,False,False,,,
f1_macro,gated,raw1d,23,0.6591172386959888,0.6679051251082475,-0.00878788641225885,0.9405548572540283,0.7899582753480626,0.8007035676657152,0.6776394844055176,0.04791962366076179,0.06475385769021254,0.48533446090232846,0.22958389688108333,0.2850816422165882,0.3670527889337001,0.4396263030561242,0.1933209080101757,1.0,1.0,1.0,1.0,False,False,,,
f1_macro,gated,raw1d_wide,23,0.6591172386959888,0.6571084240168219,0.002008814679166879,0.9643125534057617,0.952101703161824,0.9546071149764785,1.0,0.0417059384371788,0.05878339828504201,0.3599588073550615,0.23441286310652598,0.40562832953841255,0.2562753896102816,0.4478165090568993,0.2959081013328191,1.0,1.0,1.0,1.0,False,False,,,
f1_macro,gated,score,23,0.6591172386959888,0.6659385360822826,-0.006821297386293902,0.9095312825191832,0.8158675331817797,0.8253395614967333,0.8318119049072266,0.041572636666061674,0.056522450280453045,0.45677300158362355,0.25970900872730085,0.2835179896890756,0.32667181727668015,0.49124903486465166,0.1820791478586682,1.0,1.0,1.0,1.0,False,False,,,
f1_macro,gated,shallow,23,0.6591172386959888,0.6711080174132082,-0.01199077871721959,0.8229274749755859,0.8091257080177241,0.8189311838128754,0.6776394844055176,0.07087757640191009,0.09621031660645912,0.5160054867851724,0.1548583011868458,0.32913621202798177,0.4358868093782534,0.30361682315508753,0.26049636746665905,1.0,1.0,1.0,1.0,False,False,,,
f1_macro,gated,spec2d,23,0.6591172386959888,0.6706872587747547,-0.011570020078765737,0.7577599676939444,0.7250528341248639,0.7388749322321801,0.8318119049072266,0.0505642733039274,0.06733936254740712,0.5190597100073107,0.22419044787614179,0.25674984211654756,0.39880833104055324,0.43039398257651,0.17079768638293674,1.0,1.0,1.0,1.0,False,False,,,
f1_macro,gated,spec2d_wide,23,0.6591172386959888,0.6734771464929914,-0.014359907797002813,0.7997725009918213,0.710915775795653,0.7253828126365718,0.6776394844055176,0.06027997285445223,0.08003450398900547,0.5448622455117561,0.18976313483979151,0.2653746196484524,0.4420531864944649,0.3685922648777992,0.18935454862773587,1.0,1.0,1.0,1.0,False,False,,,
f1_macro,late,logvar,23,0.6485986447265779,0.6221550159194988,0.026443628807078994,0.23447084426879883,0.5001079941227444,0.5225968866323818,0.4048728942871094,0.07275022447974071,0.09267103872088615,0.17748376812308514,0.15951386456482575,0.6630023673120891,0.12065612928354255,0.31376425839874444,0.565579612317713,1.0,1.0,1.0,1.0,False,False,,,
f1_macro,late,raw1d,23,0.6485986447265779,0.6679051251082475,-0.0193064803816697,0.5202305316925049,0.5066754272248303,0.5289728034541559,0.6776394844055176,0.053644646324209413,0.0684167152959478,0.6260243283168552,0.21565625632448662,0.1583194153586582,0.4904363064175481,0.4179780161192711,0.09158567746318078,1.0,1.0,1.0,1.0,False,False,,,
f1_macro,late,raw1d_wide,23,0.6485986447265779,0.6571084240168219,-0.008509779290243972,0.4077418149342378,0.7212265717251214,0.7352242078994136,0.13380050659179688,0.03677855105743169,0.048939603776147214,0.47505238097094465,0.3048651810869334,0.220082437942122,0.3151837637465251,0.565420317124242,0.11939591912923289,1.0,1.0,1.0,1.0,False,False,,,
f1_macro,late,score,23,0.6485986447265779,0.6659385360822826,-0.01733989135570475,0.5399188995361328,0.4773644168186568,0.5004790997654285,1.0,0.04613956041523151,0.058529001902073594,0.6187572550442846,0.24792491295946667,0.13331783199624875,0.45635136437694296,0.476739733143532,0.06690890247952494,1.0,1.0,1.0,1.0,False,False,,,
f1_macro,late,shallow,23,0.6485986447265779,0.6711080174132082,-0.022509372686630436,0.6649994850158691,0.6491661697035521,0.666321363352302,1.0,0.08110488662499322,0.1063123183434018,0.5999574268563357,0.14391459095143777,0.25612798219222654,0.5202716580961146,0.28315601006301677,0.19657233184086859,1.0,1.0,1.0,1.0,False,False,,,
f1_macro,late,spec2d,23,0.6485986447265779,0.6706872587747547,-0.022088614048176587,0.3294053077697754,0.5254886492432278,0.5472120141327002,1.0,0.06319468701626063,0.08087826819697808,0.6363082351928,0.18428957256776018,0.17940219223943982,0.524046903622867,0.3599868739731872,0.1159662224039458,1.0,1.0,1.0,1.0,False,False,,,
f1_macro,late,spec2d_wide,23,0.6485986447265779,0.6734771464929914,-0.024878501766413662,0.4274179935455322,0.5632845358985739,0.5837487630918732,0.6776394844055176,0.07577822930508474,0.0976749807827884,0.6355209492722629,0.15473228945597678,0.20974676127176034,0.5452854326748366,0.3040824793407452,0.15063208798441813,1.0,1.0,1.0,1.0,False,False,,,
f1_macro,logvar,raw1d,23,0.6221550159194988,0.6679051251082475,-0.045750109188748694,0.09798812866210938,0.2829885926232393,0.3083124209732618,0.21003961563110352,0.09566081460159717,0.11713209480976144,0.8004664047329202,0.1027496185683223,0.0967839766987575,0.7290045348430281,0.20699690463256773,0.0639985605244042,1.0,1.0,1.0,1.0,False,False,,,
f1_macro,logvar,raw1d_wide,23,0.6221550159194988,0.6571084240168219,-0.03495340809732297,0.09175300598144531,0.33413068665822376,0.35953897013701097,0.21003961563110352,0.0774506487315775,0.09573270173371695,0.7558921363910943,0.13543630839894963,0.10867155520995606,0.6616072064405658,0.27099346602648333,0.06739932753295086,1.0,1.0,1.0,1.0,False,False,,,
f1_macro,logvar,score,23,0.6221550159194988,0.6659385360822826,-0.043783520162783744,0.11142587661743164,0.3118450927853891,0.3372884241105829,0.21003961563110352,0.09456674278101523,0.11641337455450523,0.7835053554530534,0.10809246355819607,0.10840218098875049,0.7102015832987019,0.21690699219796133,0.0728914245033368,1.0,1.0,1.0,1.0,False,False,,,
f1_macro,logvar,shallow,23,0.6221550159194988,0.6711080174132082,-0.04895300149370943,0.0448758602142334,0.2255226278704125,0.24995517847014612,0.21003961563110352,0.09608723630710099,0.1163640958446385,0.8340652279008031,0.09223771004754291,0.07369706205165402,0.7656975455676931,0.18783782248163244,0.046464631950674476,1.0,1.0,1.0,1.0,False,False,,,
f1_macro,logvar,spec2d,23,0.6221550159194988,0.6706872587747547,-0.04853224285525558,0.16010499000549316,0.2967337300315066,0.32213894189559567,0.6776394844055176,0.10304940400160559,0.12650235329263268,0.7973784239895509,0.09723837589326191,0.10538320011718715,0.7318839792849117,0.19538955482715387,0.07272646588793445,1.0,1.0,1.0,1.0,False,False,,,
f1_macro,logvar,spec2d_wide,23,0.6221550159194988,0.6734771464929914,-0.05132213057349266,0.18954229354858398,0.3264690140212634,0.3519011148678669,0.4048728942871094,0.11271855614810908,0.13913092292168977,0.7861503031942906,0.09224309114048357,0.12160660566522585,0.7267631477860763,0.1847274316068303,0.08850942060709337,1.0,1.0,1.0,1.0,False,False,,,
f1_macro,raw1d,raw1d_wide,23,0.6679051251082475,0.6571084240168219,0.01079670109142573,0.5009052753448486,0.6260733735582382,0.6441726111038624,0.6776394844055176,0.03702757473126191,0.04831193613964396,0.17574356407138114,0.3098760503993606,0.5143803855292582,0.08631557207265085,0.5748555479889074,0.3388288799384418,1.0,1.0,1.0,1.0,False,False,,,
f1_macro,raw1d,score,23,0.6679051251082475,0.6659385360822826,0.0019665890259649493,0.9611595909257591,0.888657949553318,0.8944513226584447,0.8318119049072266,0.018637426160894206,0.025809118335306778,0.1990372061477957,0.5165842765062816,0.2843785173459228,0.06395591796610657,0.8323083280776564,0.10373575395623705,1.0,1.0,1.0,1.0,False,False,,,
f1_macro,raw1d,shallow,23,0.6679051251082475,0.6711080174132082,-0.003202892304960736,1.0,0.9483486288453917,0.9510498293027354,1.0,0.06189155220874989,0.08713905475179189,0.44533647798051723,0.15986361327124754,0.39479990874823523,0.3671931443246791,0.3129598442232192,0.3198470114521017,1.0,1.0,1.0,1.0,False,False,,,
f1_macro,raw1d,spec2d,23,0.6679051251082475,0.6706872587747547,-0.002782133666506884,0.8462316989898682,0.9497391598035918,0.9523678330402583,1.0,0.05517344023137029,0.07771185988344827,0.4350659671244624,0.17877162962208037,0.3861624032534573,0.3484770579240388,0.34811107022812726,0.3034118718478339,1.0,1.0,1.0,1.0,False,False,,,
f1_macro,raw1d,spec2d_wide,23,0.6679051251082475,0.6734771464929914,-0.005572021384743961,0.8932116031646729,0.9169758288291199,0.9213082034886048,1.0,0.06901536554039589,0.09630830416831461,0.46698761697730984,0.14751699527905637,0.3854953877436338,0.39368336654715036,0.28971097348636843,0.31660565996648116,1.0,1.0,1.0,1.0,False,False,,,
f1_macro,raw1d_wide,score,23,0.6571084240168219,0.6659385360822826,-0.00883011206546078,0.5599584579467773,0.7287112515738416,0.742364847024847,0.6776394844055176,0.03900945280936825,0.051992420616577315,0.481649026217101,0.2874927316820611,0.230858242100838,0.33055556993302976,0.5375847888813534,0.13185964118561677,1.0,1.0,1.0,1.0,False,False,,,
f1_macro,raw1d_wide,shallow,23,0.6571084240168219,0.6711080174132082,-0.013999593396386466,0.6010458469390869,0.7527321324996006,0.7652639246598323,1.0,0.066689857310146,0.0893568865852566,0.5358959833435345,0.16911828208002638,0.2949857345764391,0.4462440792655484,0.3303851991859716,0.22337072154847998,1.0,1.0,1.0,1.0,False,False,,,
f1_macro,raw1d_wide,spec2d,23,0.6571084240168219,0.6706872587747547,-0.013578834757932621,0.5399188995361328,0.7334665750155953,0.7469001909497799,1.0,0.060852322883358775,0.08118908834404198,0.5358003879380266,0.18650409936849233,0.27769551269348103,0.43597102398397086,0.36255596812862156,0.20147300788740752,1.0,1.0,1.0,1.0,False,False,,,
f1_macro,raw1d_wide,spec2d_wide,23,0.6571084240168219,0.6734771464929914,-0.01636872247616969,0.6010458469390869,0.7356446195230274,0.748977125096703,1.0,0.07384426551272438,0.09856989259906454,0.5523142900768602,0.1540353803469821,0.2936503295761577,0.4701097441764035,0.3021487033659472,0.22774155245764932,1.0,1.0,1.0,1.0,False,False,,,
f1_macro,score,shallow,23,0.6659385360822826,0.6711080174132082,-0.005169481330925685,0.869666576385498,0.9154048834860269,0.9198186278040771,0.6776394844055176,0.06293215768124373,0.08778130776301976,0.46046582214892473,0.16178464944330195,0.3777495284077733,0.38039116097618586,0.31656426899464685,0.3030445700291673,1.0,1.0,1.0,1.0,False,False,,,
f1_macro,score,spec2d,23,0.6659385360822826,0.6706872587747547,-0.004748722692471838,0.9861344018198014,0.8976433750979047,0.9029745747662347,0.6636238098144531,0.04856138583360656,0.06740932555290868,0.44344260374837385,0.2115633104695015,0.34499408578212465,0.3400195008583069,0.40762578972801444,0.25235470941367866,1.0,1.0,1.0,1.0,False,False,,,
f1_macro,score,spec2d_wide,23,0.6659385360822826,0.6734771464929914,-0.007538610410708915,0.8462316989898682,0.871706859879485,0.878368000946682,1.0,0.06293618917747121,0.08676788874404963,0.47896886214881046,0.16727900393092077,0.35375213392026883,0.39480916480284906,0.3268396392670514,0.2783511959300995,1.0,1.0,1.0,1.0,False,False,,,
f1_macro,shallow,spec2d,23,0.6711080174132082,0.6706872587747547,0.00042075863845384467,0.8462316989898682,0.993160689260001,0.9935188487463258,1.0,0.05868921380746256,0.08375594684362947,0.4159807600352031,0.1613491401162831,0.4226700998485138,0.3390005648157328,0.31573840080814364,0.34526103437612354,1.0,1.0,1.0,1.0,False,False,,,
f1_macro,shallow,spec2d_wide,23,0.6711080174132082,0.6734771464929914,-0.0023691290797832297,0.988100528717041,0.9657830385089992,0.9675738634187354,0.6776394844055176,0.06792677223031386,0.09612926935449848,0.44506315602865987,0.14349684209963354,0.4114400018717066,0.37491153107769415,0.2820848644793099,0.34300360444299594,1.0,1.0,1.0,1.0,False,False,,,
f1_macro,spec2d,spec2d_wide,23,0.6706872587747547,0.6734771464929914,-0.0027898877182370744,0.9405548572540283,0.9122070136051803,0.9167862905435534,1.0,0.03282332715964021,0.04574352911886346,0.38793194002558395,0.30494988279566115,0.3071181771787549,0.2493206767548602,0.5646110363140971,0.18606828693104271,1.0,1.0,1.0,1.0,False,False,,,
log_loss,attention,early,23,0.9822064092829336,1.04689200006642,-0.06468559078348661,0.5399188995361328,0.7320624241710847,0.7455611067456323,0.6776394844055176,0.28865234316938637,0.3850014702356662,,,,0.5935514948599256,0.07930384169488075,0.3271446634451936,1.0,1.0,1.0,1.0,False,False,0.5310189860890977,0.19648562505092015,0.27249538885998215
log_loss,attention,gated,23,0.9822064092829336,0.965354803697254,0.016851605585679295,0.7997725009918213,0.9306655787418925,0.9342875219447205,1.0,0.2467442763833295,0.34564269730664743,,,,0.4245732487714184,0.08191208063760652,0.49351467059097504,1.0,1.0,1.0,1.0,False,False,0.3651522076751369,0.20277809501362076,0.43206969731124234
log_loss,attention,late,23,0.9822064092829336,0.8042443224865549,0.1779620867963784,0.04152512550354004,0.22499096276118755,0.2494106057592401,0.0931396484375,0.3491092342383698,0.4227356903094358,,,,0.08940457470263506,0.05048003007646984,0.8601153952208951,1.0,1.0,1.0,1.0,False,False,0.062019275959891755,0.12751740964169078,0.8104633143984175
log_loss,attention,logvar,23,0.9822064092829336,0.615318404156773,0.36688800512616043,0.09175300598144531,0.10273796177217044,0.12090925595850589,1.0,0.6256141645555129,0.7369165759387779,,,,0.04317177492760897,0.017681769720892526,0.9391464553514985,1.0,1.0,1.0,1.0,False,False,0.033000983396174514,0.04478589707804048,0.922213119525785
log_loss,attention,raw1d,23,0.9822064092829336,0.6995926078002728,0.28261380148266074,0.06051826477050781,0.16313056848093194,0.1853220889090406,0.0931396484375,0.517773264443234,0.6189374271426473,,,,0.06830113127805655,0.02853067152104749,0.9031681972008959,1.0,1.0,1.0,1.0,False,False,0.05178534003126125,0.07203464364122258,0.8761800163275162
log_loss,attention,raw1d_wide,23,0.9822064092829336,0.8064578911268293,0.17574851815610415,0.2467491626739502,0.34472331054013217,0.37007924516482793,0.6776394844055176,0.39426852812622837,0.48827449991823496,,,,0.14689770798396337,0.05378379190426186,0.7993185001117747,1.0,1.0,1.0,1.0,False,False,0.11395534652067953,0.13446768379670204,0.7515769696826184
log_loss,attention,score,23,0.9822064092829336,0.4990544728205284,0.483151936462405,0.0001277923583984375,0.012592950637784008,0.017291158716222485,0.002599477767944336,0.6966681023461315,0.788521451016339,,,,0.004881304073314034,0.0032125026687405134,0.9919061932579455,0.006389617919921875,0.6296475318892004,0.8645579358111243,0.13257336616516113,True,False,0.003312600661063879,0.008398611710425885,0.9882887876285102
log_loss,attention,shallow,23,0.9822064092829336,0.6341820547780757,0.3480243545048577,0.0448758602142334,0.13863857074365982,0.15946872440347684,0.0931396484375,0.6199484208831152,0.7369284911156633,,,,0.059207086927631394,0.021605622704286898,0.9191872903680817,1.0,1.0,1.0,1.0,False,False,0.046378162010475704,0.05450303904618414,0.8991187989433401
log_loss,attention,spec2d,23,0.9822064092829336,1.012282463429502,-0.030076054146568606,0.6649994850158691,0.8723401231945924,0.8789689503417305,1.0,0.25219691316862525,0.3477519481995066,,,,0.5214716402480087,0.08394730846725973,0.39458105128473153,1.0,1.0,1.0,1.0,False,False,0.45760665632171255,0.2077201883203038,0.3346731553579837
log_loss,attention,spec2d_wide,23,0.9822064092829336,0.7516402914254808,0.23056611785745248,0.20015525817871094,0.2353368073607826,0.2599910174449311,0.6776394844055176,0.45745025267579226,0.5550544198214128,,,,0.09922828249677837,0.03936309493349999,0.8614086225697216,1.0,1.0,1.0,1.0,False,False,0.07590386425321757,0.09894252877474652,0.8251536069720359
log_loss,early,gated,23,1.04689200006642,0.965354803697254,0.08153719636916593,0.869666576385498,0.7073504138060525,0.7219785017160347,1.0,0.33893876115238386,0.449671340020277,,,,0.3202201432402418,0.06816476932212923,0.6116150874376289,1.0,1.0,1.0,1.0,False,False,0.2729027166835344,0.16929222776682196,0.5578050555496437
log_loss,early,late,23,1.04689200006642,0.8042443224865549,0.24264767757986497,0.08582782745361328,0.2222202248434438,0.24657106891628752,0.0931396484375,0.47456298583595796,0.5743315330231811,,,,0.09384288257890423,0.0368679828243611,0.8692891345967346,1.0,1.0,1.0,1.0,False,False,0.07199793650659062,0.09272217430915752,0.8352798891842519
log_loss,early,logvar,23,1.04689200006642,0.615318404156773,0.43157359590964717,0.010109186172485352,0.06332694106564882,0.07731218891170748,0.0931396484375,0.6965334013773907,0.810517489160572,,,,0.026432834576393418,0.011355123627911579,0.962212041795695,0.46502256393432617,1.0,1.0,1.0,False,False,0.020028678810439588,0.02887521915162805,0.9510961020379324
log_loss,early,raw1d,23,1.04689200006642,0.6995926078002728,0.3472993922661473,0.010109186172485352,0.11527678405460495,0.13447938209888669,0.010622024536132812,0.6015926944945347,0.7109881178218824,,,,0.048438247754323954,0.019826833980617575,0.9317349182650585,0.46502256393432617,1.0,1.0,0.4992351531982422,False,False,0.03700506476353168,0.050179981393078665,0.9128149538433896
log_loss,early,raw1d_wide,23,1.04689200006642,0.8064578911268293,0.24043410893959075,0.11142587661743164,0.22830176645888142,0.2528002644929484,0.4048728942871094,0.47337189417386627,0.5735803047034997,,,,0.09658377950171403,0.037467761518246157,0.8659484589800398,1.0,1.0,1.0,1.0,False,False,0.0743027975396792,0.09419158932038518,0.8315056131399357
log_loss,early,score,23,1.04689200006642,0.4990544728205284,0.5478375272458915,1.6689300537109375e-05,0.009268766749608697,0.012999404259580698,5.7220458984375e-06,0.7784612996079399,0.8776742359527485,,,,0.003648937944720124,0.0022214635911355085,0.9941295984641444,0.0008845329284667969,0.4727071042300436,0.6629696172386156,0.0003147125244140625,True,False,0.0025380642503488775,0.0057850893156715655,0.9916768464339796
log_loss,early,shallow,23,1.04689200006642,0.6341820547780757,0.41270994528834437,0.016311168670654297,0.08444537729511155,0.10087478961678058,0.03468966484069824,0.6869164943817854,0.8048784747184408,,,,0.03567852311776822,0.014101761985350847,0.950219714896881,0.7013802528381348,1.0,1.0,1.0,False,False,0.027529259456147474,0.035730787217124416,0.9367399533267281
log_loss,early,spec2d,23,1.04689200006642,1.012282463429502,0.034609536636918015,0.44520044326782227,0.8434763430251369,0.85156873603804,0.0931396484375,0.24259051522566996,0.3320626601755133,,,,0.37777088442333956,0.08900423868798923,0.5332248768886712,1.0,1.0,1.0,1.0,False,False,0.31503715038108876,0.21995894785596443,0.46500390176294687
log_loss,early,spec2d_wide,23,1.04689200006642,0.7516402914254808,0.29525170864093914,0.10454297065734863,0.1892248641901801,0.21254481056461816,0.0931396484375,0.5569026190734148,0.6694632404500611,,,,0.08105435217537794,0.028843107663837908,0.8901025401607842,1.0,1.0,1.0,1.0,False,False,0.06370296665148786,0.07257373019471158,0.8637233031538005
log_loss,gated,late,23,0.965354803697254,0.8042443224865549,0.16111048121069907,0.09798812866210938,0.2702403360965563,0.295446385044429,0.0931396484375,0.33214305214788004,0.4057202181073416,,,,0.10843498500530323,0.057894154761563454,0.8336708602331333,1.0,1.0,1.0,1.0,False,False,0.07626403617848207,0.14559043772131475,0.7781455261002032
log_loss,gated,logvar,23,0.965354803697254,0.615318404156773,0.3500363995404812,0.027674198150634766,0.061669842420478474,0.07543956519853907,0.4048728942871094,0.5634721326821942,0.6552908796787247,,,,0.024613661964211376,0.013795125901059024,0.9615912121347296,1.0,1.0,1.0,1.0,False,False,0.017380033076927905,0.03540961633438333,0.9472103505886887
log_loss,gated,raw1d,23,0.965354803697254,0.6995926078002728,0.26576219589698136,0.032669782638549805,0.11828381097648603,0.1377163011618504,0.21003961563110352,0.46205375200773324,0.5464971789015873,,,,0.04721341519346225,0.026286616561627008,0.9264999682449108,1.0,1.0,1.0,1.0,False,False,0.03320925502543361,0.06703768975070157,0.8997530552238648
log_loss,gated,raw1d_wide,23,0.965354803697254,0.8064578911268293,0.15889691257042485,0.28614330291748047,0.3064007757080784,0.33183636350820556,0.6776394844055176,0.3410849154775242,0.4194610800423546,,,,0.12550617305328804,0.0594614513281142,0.8150323756185978,1.0,1.0,1.0,1.0,False,False,0.09123487965988406,0.1490299885384463,0.7597351318016696
log_loss,gated,score,23,0.965354803697254,0.4990544728205284,0.46630033087672573,6.031990051269531e-05,0.004232415593481955,0.00625538176849676,0.002599477767944336,0.6418146279409056,0.7173198050693752,,,,0.0015311242364485255,0.0013842257844403072,0.9970846499791112,0.003076314926147461,0.22855044204802558,0.33779061549882505,0.13257336616516113,True,False,0.0009375533560063452,0.0037424259983781516,0.9953200206456155
log_loss,gated,shallow,23,0.965354803697254,0.6341820547780757,0.33117274891917836,0.008262157440185547,0.06470708126349836,0.07886891629766941,0.03468966484069824,0.5356370577668086,0.6235963529024363,,,,0.0256007929099065,0.015029939254054936,0.9593692678360386,0.3883213996887207,1.0,1.0,1.0,False,False,0.017823262254850834,0.03864023558857643,0.9435365021565727
log_loss,gated,spec2d,23,0.965354803697254,1.012282463429502,-0.04692765973224791,0.5599584579467773,0.8245919872906794,0.8336304234818123,0.4048728942871094,0.29812015469324005,0.40618162969909977,,,,0.5506207539190738,0.07334712647886665,0.3760321196020595,1.0,1.0,1.0,1.0,False,False,0.49420791633664196,0.18193855404513004,0.323853529618228
log_loss,gated,spec2d_wide,23,0.965354803697254,0.7516402914254808,0.21371451227177318,0.31455397605895996,0.211860902604738,0.23593117191994245,1.0,0.4132642496366997,0.49910932617863435,,,,0.08681669587419479,0.04132667573418414,0.871856628391621,1.0,1.0,1.0,1.0,False,False,0.06342524298648576,0.10423526310525955,0.8323394939082547
log_loss,late,logvar,23,0.8042443224865549,0.615318404156773,0.1889259183297822,0.31455397605895996,0.22216659864554744,0.2465160856411347,1.0,0.3694739214594437,0.44714456815047465,,,,0.08931472518626957,0.04738422796144348,0.8633010468522869,1.0,1.0,1.0,1.0,False,False,0.0631818506137331,0.11961111931991097,0.8172070300663559
log_loss,late,raw1d,23,0.8042443224865549,0.6995926078002728,0.10465171468628229,0.08582782745361328,0.29276267012044654,0.31814906855144715,0.0931396484375,0.2212214851876506,0.27136908750128097,,,,0.10627092927247209,0.09007131423712444,0.8036577564904035,1.0,1.0,1.0,1.0,False,False,0.0627282389621385,0.22686988498355165,0.7104018760543098
log_loss,late,raw1d_wide,23,0.8042443224865549,0.8064578911268293,-0.0022135686402742507,0.988100528717041,0.9808777564698357,0.9818789807770865,0.6776394844055176,0.1118432534331927,0.15900527332152548,,,,0.42367147455753873,0.17130631644865313,0.40502220899380814,1.0,1.0,1.0,1.0,False,False,0.3029829528995693,0.410400079658925,0.28661696744150567
log_loss,late,score,23,0.8042443224865549,0.4990544728205284,0.30518984966602664,3.266334533691406e-05,0.004907642795515214,0.007183350657865836,0.002599477767944336,0.4223780741316389,0.47279173155814114,,,,0.0015127989363848328,0.0024363115724527207,0.9960508894911625,0.0016984939575195312,0.26010506816230633,0.38071758486688934,0.13257336616516113,True,False,0.0007242113711778043,0.007189694350037579,0.9920860942787846
log_loss,late,shallow,23,0.8042443224865549,0.6341820547780757,0.17006226770847926,0.25945234298706055,0.32026766329181616,0.3457101174109043,0.4048728942871094,0.370857602976611,0.45723852811826377,,,,0.1339961420601195,0.055644991632220364,0.8103588663076602,1.0,1.0,1.0,1.0,False,False,0.10088727447906017,0.13929910085148411,0.7598136246694557
log_loss,late,spec2d,23,0.8042443224865549,1.012282463429502,-0.20803814094294698,0.14241743087768555,0.3053800146792421,0.330813408812491,0.21003961563110352,0.44605531187591846,0.5484488430669396,,,,0.8234173832701237,0.045397141396063545,0.13118547533381275,1.0,1.0,1.0,1.0,False,False,0.7830715592739119,0.11367410683640015,0.10325433388968792
log_loss,late,spec2d_wide,23,0.8042443224865549,0.7516402914254808,0.052604031061074134,0.7997725009918213,0.6911036064325087,0.7064570183252381,1.0,0.20946725899182578,0.27694886025148807,,,,0.29200702049686894,0.11061732647297728,0.5973756530301537,1.0,1.0,1.0,1.0,False,False,0.22031656155190443,0.27182233623167373,0.5078611022164218
log_loss,logvar,raw1d,23,0.615318404156773,0.6995926078002728,-0.08427420364349986,0.869666576385498,0.49458638426097246,0.5172326193783021,0.4048728942871094,0.22994799526376405,0.2926159694587198,,,,0.6992028645911694,0.10110964792589189,0.19968748748293869,1.0,1.0,1.0,1.0,False,False,0.6098944663454425,0.24991260838799367,0.1401929252665638
log_loss,logvar,raw1d_wide,23,0.615318404156773,0.8064578911268293,-0.19113948697005637,0.10454297065734863,0.13323774397633378,0.1537225616407179,0.4048728942871094,0.338330721215524,0.4016514899469634,,,,0.9116755579916782,0.03879779203838764,0.04952664996993415,1.0,1.0,1.0,1.0,False,False,0.869010574978232,0.10002721351833244,0.03096221150343559
log_loss,logvar,score,23,0.615318404156773,0.4990544728205284,0.11626393133624448,0.01486515998840332,0.12561614814639374,0.14558295353410158,0.002599477767944336,0.20393771892928772,0.24165444612739112,,,,0.03771170341153308,0.06277483737391898,0.899513459214548,0.6540670394897461,1.0,1.0,0.13257336616516113,False,False,0.016436924027910506,0.17056590626451418,0.8129971697075753
log_loss,logvar,shallow,23,0.615318404156773,0.6341820547780757,-0.01886365062130281,0.6649994850158691,0.8379657345130025,0.8463352051556031,1.0,0.12831182303349975,0.17539575740579977,,,,0.4950832276862316,0.16791218921750423,0.3370045830962642,1.0,1.0,1.0,1.0,False,False,0.36796031010298536,0.4030376492591139,0.22900204063790075
log_loss,logvar,spec2d,23,0.615318404156773,1.012282463429502,-0.39696405927272926,0.04152512550354004,0.09975359730539482,0.1176610327490879,0.4048728942871094,0.6743091469134748,0.7936213073374656,,,,0.9415322995705869,0.016081439166310996,0.042386261263102076,1.0,1.0,1.0,1.0,False,False,0.9263449156353956,0.040675175672203204,0.032979908692401236
log_loss,logvar,spec2d_wide,23,0.615318404156773,0.7516402914254808,-0.13632188726870798,0.06981706619262695,0.18708373664743777,0.21032226972240012,0.21003961563110352,0.25652191161767823,0.30823122693343663,,,,0.8711365993645941,0.0625186646896031,0.06634473594580281,1.0,1.0,1.0,1.0,False,False,0.8010714777931227,0.16085550653052444,0.038073015676352844
log_loss,raw1d,raw1d_wide,23,0.6995926078002728,0.8064578911268293,-0.10686528332655652,0.05625271797180176,0.24738325512935877,0.2722681152592533,0.03468966484069824,0.21483959203000816,0.26128947924915036,,,,0.8277065483404511,0.08613455346947757,0.08615889819007133,1.0,1.0,1.0,1.0,False,False,0.7331533678833111,0.21931352219406047,0.04753310992262843
log_loss,raw1d,score,23,0.6995926078002728,0.4990544728205284,0.20053813497974432,0.000152587890625,0.025943002101939734,0.033835168226231435,0.00048828125,0.3013542744698593,0.34472476107372907,,,,0.007707254146322659,0.013693947964180664,0.9785987978894967,0.007476806640625,1.0,1.0,0.02587890625,True,False,0.0034241232309044065,0.039960638274388116,0.9566152384947075
log_loss,raw1d,shallow,23,0.6995926078002728,0.6341820547780757,0.06541055302219703,0.6220676898956299,0.6156379011131301,0.6341514593224539,0.4048728942871094,0.21962225833695886,0.2859631907842836,,,,0.25648846972144257,0.1070322317614879,0.6364792985170695,1.0,1.0,1.0,1.0,False,False,0.1893121235788272,0.26348142658419205,0.5472064498369807
log_loss,raw1d,spec2d,23,0.6995926078002728,1.012282463429502,-0.3126898556292294,0.05625271797180176,0.2099990600465843,0.23401488736270776,0.0931396484375,0.603422867814043,0.7284944314945833,,,,0.8801988168859403,0.028146830559486413,0.09165435255457333,1.0,1.0,1.0,1.0,False,False,0.8551283742607488,0.07067279223634755,0.07419883350290361
log_loss,raw1d,spec2d_wide,23,0.6995926078002728,0.7516402914254808,-0.05204768362520815,0.39307284355163574,0.7348489481550787,0.7482184164293612,0.4048728942871094,0.23423158726311746,0.3126059883474139,,,,0.5826631910151359,0.09753661627801014,0.319800192706854,1.0,1.0,1.0,1.0,False,False,0.5053226457795762,0.24054959889254884,0.25412775532787496
log_loss,raw1d_wide,score,23,0.8064578911268293,0.4990544728205284,0.30740341830630086,5.9604644775390625e-06,0.0008788305798520252,0.0014313906297260756,0.00048828125,0.40338478700734365,0.444675384787849,,,,0.00023889909572040149,0.0005661971478627681,0.9991949037564168,0.0003218650817871094,0.04833568189186138,0.07872648463493416,0.02587890625,True,True,9.551369750123558e-05,0.001875941170666584,0.9980285451318321
log_loss,raw1d_wide,shallow,23,0.8064578911268293,0.6341820547780757,0.17227583634875354,0.07486915588378906,0.15412225094710363,0.17584997875414166,0.6776394844055176,0.312414659484498,0.3727015240900091,,,,0.05685138244270298,0.04590120658776198,0.8972474109695351,1.0,1.0,1.0,1.0,False,False,0.03501221346177136,0.1180867998698184,0.8469009866684102
log_loss,raw1d_wide,spec2d,23,0.8064578911268293,1.012282463429502,-0.20582457230267276,0.36039113998413086,0.33092714347199337,0.35634684676000516,0.6776394844055176,0.4543825483377001,0.5613106694146743,,,,0.8104437942524731,0.045979681725430877,0.14357652402209597,1.0,1.0,1.0,1.0,False,False,0.7701945018790872,0.11501100561156313,0.11479449250934964
log_loss,raw1d_wide,spec2d_wide,23,0.8064578911268293,0.7516402914254808,0.054817599701348356,0.5599584579467773,0.6681236698417379,0.6844776112753697,1.0,0.206276587859498,0.2714333182220286,,,,0.27958462038243903,0.1129758544559667,0.6074395251615943,1.0,1.0,1.0,1.0,False,False,0.20747737022079366,0.27746301719968613,0.5150596125795202
log_loss,score,shallow,23,0.4990544728205284,0.6341820547780757,-0.13512758195754734,0.08582782745361328,0.2039479414390093,0.22777808306716762,0.21003961563110352,0.25904189805472366,0.31234907896346314,,,,0.8616634716202105,0.06481612879414349,0.073520399585646,1.0,1.0,1.0,1.0,False,False,0.7908369592064063,0.16585737346196816,0.04330566733162556
log_loss,score,spec2d,23,0.4990544728205284,1.012282463429502,-0.5132279906089735,1.6689300537109375e-06,0.01486485076259788,0.020174676534807437,5.7220458984375e-06,0.7463949832441852,0.8467019973958387,,,,0.9906657200278914,0.003434449709575573,0.005899830262532988,9.179115295410156e-05,0.7283776873672961,0.9885591502055644,0.0003147125244140625,True,False,0.9869457637335556,0.008903513002020882,0.004150723264423536
log_loss,score,spec2d_wide,23,0.4990544728205284,0.7516402914254808,-0.2525858186049525,0.0005517005920410156,0.006417607939026615,0.009227652714935865,0.010622024536132812,0.3532799607361561,0.396597964822374,,,,0.9944561184096028,0.0037087071355730644,0.0018351744548241395,0.02648162841796875,0.33371561282938395,0.479837941176665,0.4992351531982422,True,False,0.9877684965731015,0.011450799486320669,0.0007807039405778251
log_loss,shallow,spec2d,23,0.6341820547780757,1.012282463429502,-0.3781004086514264,0.03838014602661133,0.15164111438595657,0.17323380073766387,0.03468966484069824,0.6837267310596113,0.8152053057088007,,,,0.9132685082738258,0.020677212610131585,0.06605427911604264,1.0,1.0,1.0,1.0,False,False,0.8945935300710426,0.05202861402278686,0.05337785590617056
log_loss,shallow,spec2d_wide,23,0.6341820547780757,0.7516402914254808,-0.11745823664740518,0.11142587661743164,0.3824404806329299,0.4074398943361319,0.4048728942871094,0.2756912251850294,0.3437620890801322,,,,0.7662868486215376,0.07957655536666888,0.1541365960117935,1.0,1.0,1.0,1.0,False,False,0.6930749819934994,0.19835957992338216,0.10856543808311848
log_loss,spec2d,spec2d_wide,23,1.012282463429502,0.7516402914254808,0.26064217200402107,0.11864614486694336,0.1615282006248246,0.1836401899347825,0.6776394844055176,0.47665567979851214,0.5695833696846586,,,,0.06653253707885187,0.030824908791832417,0.9026425541293157,1.0,1.0,1.0,1.0,False,False,0.04912865980536355,0.0779773502998532,0.8728939898947833
brier,attention,early,23,0.31789860806446063,0.35446991562985863,-0.036571307565397955,0.25945234298706055,0.2510320275706961,0.2759781259439658,1.0,0.07381699627526966,0.08983986375872234,0.7995341023801357,0.12671241881077722,0.0737534788090871,0.7007150542574925,0.25837132432873033,0.04091362141377716,1.0,1.0,1.0,1.0,False,False,,,
brier,attention,gated,23,0.31789860806446063,0.34440294726579745,-0.02650433920133671,0.7313888072967529,0.5905261608619203,0.6100031139387296,0.4048728942871094,0.08478118120472596,0.10985152220574841,0.6314695394021869,0.1385414111673875,0.22998904943042564,0.5526912897993177,0.2730959614183826,0.1742127487822997,1.0,1.0,1.0,1.0,False,False,,,
brier,attention,late,23,0.31789860806446063,0.3183496672469169,-0.00045105918245617703,0.8462316989898682,0.9866708144200078,0.9873687869942341,0.6776394844055176,0.032500967782892284,0.046288642441340754,0.3619818773602344,0.28842562366677926,0.3495924989729864,0.2358481290386183,0.5382802979182963,0.22587157304308542,1.0,1.0,1.0,1.0,False,False,,,
brier,attention,logvar,23,0.31789860806446063,0.41635422946948486,-0.09845562140502413,0.03838014602661133,0.13104708088771397,0.15138676410657587,0.002599477767944336,0.17382246537478457,0.20624482069703864,0.9136151114699789,0.03736244159137905,0.04902244693864208,0.8877552053658361,0.07603631759858326,0.036208477035580666,1.0,1.0,1.0,0.13257336616516113,False,False,,,
brier,attention,raw1d,23,0.31789860806446063,0.31149676498257756,0.006401843081883142,0.8229274749755859,0.8965094319379415,0.9018990343375326,1.0,0.06481550226350176,0.08994470117780662,0.36960912472657326,0.15953429216448622,0.4708565831089405,0.29640806579272805,0.31235488428874597,0.391237049918526,1.0,1.0,1.0,1.0,False,False,,,
brier,attention,raw1d_wide,23,0.31789860806446063,0.32937149114664327,-0.011472883082182465,0.21117830276489258,0.8175020664143646,0.8268930370293852,0.6776394844055176,0.07045557278405981,0.09582956514791444,0.5118239933051475,0.15502521616057124,0.33315079053428126,0.43189297011019834,0.3039247269094459,0.2641823029803558,1.0,1.0,1.0,1.0,False,False,,,
brier,attention,score,23,0.31789860806446063,0.27441564743035457,0.04348296063410613,0.11142587661743164,0.26619252216309935,0.2913522555958462,0.4048728942871094,0.08924398386977146,0.10893009618531391,0.087251321618464,0.10733293674720779,0.8054157416343282,0.05498427720955555,0.21708309009776905,0.7279326326926754,1.0,1.0,1.0,1.0,False,False,,,
brier,attention,shallow,23,0.31789860806446063,0.3731968066075354,-0.05529819854307469,0.31455397605895996,0.5187200165356542,0.5406541433292963,0.4048728942871094,0.15652998070160185,0.20007927423929725,0.7017559840045327,0.07479119010759017,0.22345282588787718,0.6602333673961578,0.14902089038902439,0.19074574221481783,1.0,1.0,1.0,1.0,False,False,,,
brier,attention,spec2d,23,0.31789860806446063,0.329838622574445,-0.011940014509984333,0.4633810520172119,0.7672019507435309,0.7790458477446568,0.6776394844055176,0.05976960330084796,0.08034559986661752,0.5192007146488125,0.18712086095981995,0.2936784243913676,0.420761004956041,0.36360851927842014,0.2156304757655388,1.0,1.0,1.0,1.0,False,False,,,
brier,attention,spec2d_wide,23,0.31789860806446063,0.2913502935634096,0.02654831450105114,0.7313888072967529,0.5769954668792636,0.5969706549172566,1.0,0.08284553307592142,0.10706425218563245,0.22200757165095325,0.1417453923347447,0.636247036014302,0.1658189929066099,0.27928286953406245,0.5548981375593277,1.0,1.0,1.0,1.0,False,False,,,
brier,early,gated,23,0.35446991562985863,0.34440294726579745,0.01006696836406125,0.5599584579467773,0.8507552874149134,0.8584804795733804,0.6776394844055176,0.07355380907679925,0.10086545965754572,0.35397814647133097,0.14552230884196637,0.5004995446867027,0.28768848540810565,0.2859532713360263,0.426358243255868,1.0,1.0,1.0,1.0,False,False,,,
brier,early,late,23,0.35446991562985863,0.3183496672469169,0.03612024838294178,0.44520044326782227,0.4594921280962133,0.48305552271958385,0.6776394844055176,0.093720718169061,0.11850008797899536,0.17341426472247717,0.12238764230037957,0.7041980929771432,0.12730282934135176,0.24271907831467365,0.6299780923439746,1.0,1.0,1.0,1.0,False,False,,,
brier,early,logvar,23,0.35446991562985863,0.41635422946948486,-0.061884313839626164,0.09175300598144531,0.40578702686701107,0.4304442409974365,0.03468966484069824,0.14954414356909954,0.18725486617966333,0.7576120880901451,0.07461711706620044,0.16777079484365442,0.7139953652269847,0.1489276738398478,0.13707696093316749,1.0,1.0,1.0,1.0,False,False,,,
brier,early,raw1d,23,0.35446991562985863,0.31149676498257756,0.04297315064728109,0.36039113998413086,0.48821866074610154,0.5110420913481524,0.6776394844055176,0.1161596577382818,0.14764404547052074,0.19710546533288759,0.09989005154434194,0.7030044831227704,0.15639377533585763,0.1985435194405566,0.6450627052235858,1.0,1.0,1.0,1.0,False,False,,,
brier,early,raw1d_wide,23,0.35446991562985863,0.32937149114664327,0.025098424483215493,0.6649994850158691,0.6994545892501405,0.7144369600760212,0.6776394844055176,0.10213974323175938,0.13528244736253797,0.2949472878566782,0.11312932359185868,0.5919233885514632,0.24476674123005265,0.2239275680042352,0.5313056907657121,1.0,1.0,1.0,1.0,False,False,,,
brier,early,score,23,0.35446991562985863,0.27441564743035457,0.08005426819950409,0.0024156570434570312,0.14587828389914737,0.16714461673065306,0.002599477767944336,0.14380779778070163,0.17123417628155518,0.05200170828453601,0.04831679435341896,0.8996814973620451,0.036405383019809674,0.09871764083927148,0.8648769761409189,0.1231985092163086,1.0,1.0,0.13257336616516113,False,False,,,
brier,early,shallow,23,0.35446991562985863,0.3731968066075354,-0.01872689097767672,0.8229274749755859,0.8360356540012619,0.8445019777269607,1.0,0.1260832096367735,0.17226724131854268,0.5384326370514587,0.08604910378986214,0.37551825915867915,0.4943842064151208,0.1710395481885626,0.3345762453963166,1.0,1.0,1.0,1.0,False,False,,,
brier,early,spec2d,23,0.35446991562985863,0.329838622574445,0.024631293055413627,0.5803380012512207,0.6628279633299882,0.679408007964913,0.4048728942871094,0.09154427291325705,0.12032982759950996,0.2703617274880069,0.1273148575932631,0.60232341491873,0.21589675554511822,0.25136479457277183,0.5327384498821099,1.0,1.0,1.0,1.0,False,False,,,
brier,early,spec2d_wide,23,0.35446991562985863,0.2913502935634096,0.0631196220664491,0.22261524200439453,0.31614292864229876,0.341587737212663,0.4048728942871094,0.13699885305280102,0.16878124636802955,0.12369407499586296,0.07495855056330314,0.8013473744408339,0.09524424318455012,0.15015747084318098,0.7545982859722689,1.0,1.0,1.0,1.0,False,False,,,
brier,gated,late,23,0.34440294726579745,0.3183496672469169,0.026053280018880534,0.6433901786804199,0.5340933234846748,0.5555420814395026,0.4048728942871094,0.07557140865651013,0.09687380473702646,0.19573622662139556,0.1546861111832818,0.6495776621953226,0.13810062276763102,0.30422434429630496,0.557675032936064,1.0,1.0,1.0,1.0,False,False,,,
brier,gated,logvar,23,0.34440294726579745,0.41635422946948486,-0.07195128220368742,0.08582782745361328,0.3241318509961749,0.3495688041617877,0.010622024536132812,0.15760212226637912,0.1944485898095386,0.8027306642644834,0.06577687616547268,0.13149245957004396,0.7629273032903359,0.131671369181805,0.10540132752785913,1.0,1.0,1.0,0.509857177734375,False,False,,,
brier,gated,raw1d,23,0.34440294726579745,0.31149676498257756,0.032906182283219856,0.7539846897125244,0.5115545123163756,0.5337065904134013,1.0,0.09211743334213106,0.11758975140387029,0.19684264009726643,0.12659373885980063,0.6765636210429329,0.14749661214705606,0.2504966448038548,0.6020067430490892,1.0,1.0,1.0,1.0,False,False,,,
brier,gated,raw1d_wide,23,0.34440294726579745,0.32937149114664327,0.015031456119154246,0.6010458469390869,0.7557142356453032,0.7681049746147847,0.4048728942871094,0.07232075220761894,0.09696625699600164,0.3025553909019719,0.1559331428130426,0.5415114662849855,0.23529910641665247,0.3056952795642468,0.45900561401910067,1.0,1.0,1.0,1.0,False,False,,,
brier,gated,score,23,0.34440294726579745,0.27441564743035457,0.06998729983544284,0.01955723762512207,0.13274014137115714,0.1531922528023677,0.03468966484069824,0.12380979513834733,0.1469639034321919,0.0440868291676802,0.053169462637564835,0.902743708194755,0.028574419497494945,0.10984931371967366,0.8615762667828314,0.8996329307556152,1.0,1.0,1.0,False,False,,,
brier,gated,shallow,23,0.34440294726579745,0.3731968066075354,-0.028793859341737973,0.5599584579467773,0.7423255422452314,0.755346539120811,1.0,0.1326268371562955,0.17729514915596023,0.5850177159867729,0.08592127670919386,0.32906100730403326,0.5400360231580466,0.17080512018133182,0.28915885666062163,1.0,1.0,1.0,1.0,False,False,,,
brier,gated,spec2d,23,0.34440294726579745,0.329838622574445,0.01456432469135238,0.44520044326782227,0.7718218440432825,0.7834443142315114,0.0931396484375,0.07412487474801094,0.09974745910222244,0.3126933715598542,0.15106846674329633,0.5362381616968495,0.2466260394221208,0.2965035824860816,0.4568703780917976,1.0,1.0,1.0,1.0,False,False,,,
brier,gated,spec2d_wide,23,0.34440294726579745,0.2913502935634096,0.05305265370238787,0.988100528717041,0.3907600788797603,0.41564759966992915,0.21003961563110352,0.12580755807248534,0.15710627295393076,0.1546981864625941,0.08773834605610564,0.7575634674813003,0.12039875570851874,0.17506684240050474,0.7045344018909765,1.0,1.0,1.0,1.0,False,False,,,
brier,late,logvar,23,0.3183496672469169,0.41635422946948486,-0.09800456222256795,0.013528585433959961,0.09823575165951352,0.11600610741923931,0.002599477767944336,0.16615005447812126,0.19546582845966093,0.9323591029847179,0.032530238587693855,0.03511065842758823,0.9084122934674425,0.06685051198970345,0.024737194542854102,0.6358435153961182,1.0,1.0,0.13257336616516113,False,False,,,
brier,late,raw1d,23,0.3183496672469169,0.31149676498257756,0.006852902264339319,1.0,0.8360136212056097,0.8444810499687386,0.6776394844055176,0.04613342084249662,0.06303165968999849,0.30580285427277176,0.23207818097309602,0.4621189647541322,0.21028885908927575,0.4438755184789781,0.34583562243174615,1.0,1.0,1.0,1.0,False,False,,,
brier,late,raw1d_wide,23,0.3183496672469169,0.32937149114664327,-0.011021823899726287,0.5202305316925049,0.7231863150243858,0.7370941332474964,1.0,0.04790664606830144,0.06377427097279562,0.5131169584696939,0.2364115169222133,0.25047152460809285,0.38641747002336085,0.45179587887774314,0.16178665109889595,1.0,1.0,1.0,1.0,False,False,,,
brier,late,score,23,0.3183496672469169,0.27441564743035457,0.04393401981656231,0.0034525394439697266,0.0533644300541308,0.06599235540704987,0.03468966484069824,0.06977116142453435,0.08088614172092537,0.01004471852475289,0.0545011222312356,0.9354541592440115,0.0035263903018705523,0.13550277445812342,0.8609708352400061,0.1691744327545166,1.0,1.0,1.0,False,False,,,
brier,late,shallow,23,0.3183496672469169,0.3731968066075354,-0.05484713936061849,0.2467491626739502,0.4873234778543978,0.5101714478110447,0.21003961563110352,0.1480618475065321,0.18816224483748095,0.715315865030764,0.07840695510940437,0.20627717985983157,0.6710325800587729,0.15621963259539656,0.17274778734583057,1.0,1.0,1.0,1.0,False,False,,,
brier,late,spec2d,23,0.3183496672469169,0.329838622574445,-0.01148895532752815,0.6010458469390869,0.7131072525288878,0.72747497251924,0.6776394844055176,0.04852302420203608,0.06445485412661003,0.5190323508579919,0.2343142844044117,0.24665336473759636,0.3925899424020646,0.44820330494899974,0.15920675264893572,1.0,1.0,1.0,1.0,False,False,,,
brier,late,spec2d_wide,23,0.3183496672469169,0.2913502935634096,0.026999373683507327,0.9643125534057617,0.56547539948649,0.585862584361032,1.0,0.08255226572356085,0.10645078011039275,0.2162319045701872,0.14218408443775665,0.6415840109920561,0.16038921847218077,0.28017983887997555,0.5594309426478437,1.0,1.0,1.0,1.0,False,False,,,
brier,logvar,raw1d,23,0.41635422946948486,0.31149676498257756,0.10485746448690725,0.0016598701477050781,0.044610885139956015,0.055909902355573464,0.00048828125,0.16396650839037585,0.18939485755895608,0.014596010930778775,0.01891555296494052,0.9664884361042807,0.0094088523569973,0.03999055615855318,0.9506005914844495,0.08797311782836914,1.0,1.0,0.0263671875,False,False,,,
brier,logvar,raw1d_wide,23,0.41635422946948486,0.32937149114664327,0.08698273832284167,0.0024156570434570312,0.08353198827627586,0.09986610179734204,0.00048828125,0.14459235440499596,0.16937565889554468,0.027795491827718205,0.03364878310070407,0.9385557250715777,0.018149063026023392,0.07017555183201363,0.911675385141963,0.1231985092163086,1.0,1.0,0.0263671875,False,False,,,
brier,logvar,score,23,0.41635422946948486,0.27441564743035457,0.14193858203913026,0.00047516822814941406,0.007621802654051466,0.01083294331658406,6.604194641113281e-05,0.19995571251694783,0.22491432720809923,0.0023551127237232466,0.0037520777300775743,0.9938928095461992,0.0014440665096243268,0.008230004532514212,0.9903259289578614,0.02565908432006836,0.41919914597283064,0.5958118824121234,0.0036323070526123047,True,False,,,
brier,logvar,shallow,23,0.41635422946948486,0.3731968066075354,0.04315742286194944,0.11142587661743164,0.42205116484210037,0.44642012108332285,0.21003961563110352,0.10649191136231208,0.13373802095310086,0.1622746866175252,0.10577722461490857,0.7319480887675662,0.1219695528100451,0.2105028772700246,0.6675275699199303,1.0,1.0,1.0,1.0,False,False,,,
brier,logvar,spec2d,23,0.41635422946948486,0.329838622574445,0.08651560689503977,0.021372318267822266,0.2070572777908761,0.23098451909198348,0.03468966484069824,0.1664186340638783,0.2007924276544823,0.0805471012315385,0.050751746559892896,0.8687011522085686,0.06187294635741192,0.1023427637739922,0.8357842898685959,0.9403820037841797,1.0,1.0,1.0,False,False,,,
brier,logvar,spec2d_wide,23,0.41635422946948486,0.2913502935634096,0.12500393590607525,0.005414485931396484,0.03460207641279889,0.044188691880559273,0.03468966484069824,0.1916342776173786,0.22029824310164206,0.011787399269555672,0.013292331070178465,0.9749202696602659,0.007942672668172416,0.027913276923095087,0.9641440504087325,0.25989532470703125,1.0,1.0,1.0,False,False,,,
brier,raw1d,raw1d_wide,23,0.31149676498257756,0.32937149114664327,-0.017874726164065605,0.09798812866210938,0.31384467535025484,0.33928919744518093,0.03468966484069824,0.03869499088353507,0.047651741426371616,0.672900990242755,0.2659914538283583,0.06110755592888674,0.45178502666484965,0.5282654254284914,0.019949547906658902,1.0,1.0,1.0,1.0,False,False,,,
brier,raw1d,score,23,0.31149676498257756,0.27441564743035457,0.03708111755222298,0.0016598701477050781,0.032758148727767736,0.04200253870822074,0.00048828125,0.056620252009747754,0.06502586814945699,0.004219616494139181,0.0509192554764617,0.9448611280293991,0.0009939732941984512,0.15165457479336797,0.8473514519124336,0.08797311782836914,1.0,1.0,0.0263671875,False,False,,,
brier,raw1d,shallow,23,0.31149676498257756,0.3731968066075354,-0.06170004162495782,0.20015525817871094,0.3706583085650772,0.3957962978312882,0.6776394844055176,0.14275528804716042,0.17762475931343705,0.7740362951812448,0.07610000277278706,0.1498637020459681,0.7284378147837328,0.15203754889302679,0.1195246363232404,1.0,1.0,1.0,1.0,False,False,,,
brier,raw1d,spec2d,23,0.31149676498257756,0.329838622574445,-0.018341857591867475,0.869666576385498,0.7123608776028396,0.7267624506512094,1.0,0.07730487658282029,0.10267040672714384,0.5666643144127436,0.14847435802760678,0.28486132755964966,0.48668490261365904,0.29167664685282735,0.2216384505335136,1.0,1.0,1.0,1.0,False,False,,,
brier,raw1d,spec2d_wide,23,0.31149676498257756,0.2913502935634096,0.020146471419167998,0.776785135269165,0.7342978327994558,0.7476928857266267,1.0,0.0905133018739944,0.12078468196286454,0.306059090356551,0.12600910934186693,0.5679318003015821,0.25024868904133646,0.24876554703795895,0.5009857639207046,1.0,1.0,1.0,1.0,False,False,,,
brier,raw1d_wide,score,23,0.32937149114664327,0.27441564743035457,0.054955843716288595,0.0002980232238769531,0.010834390068162133,0.015032783447382486,0.010622024536132812,0.07866082488817602,0.08885856280553729,0.0016703386985155574,0.014763271983840531,0.983566389317644,0.0004947864703616037,0.044757179619303034,0.9547480339103354,0.016391277313232422,0.5850570636807552,0.8117703061586543,0.509857177734375,True,False,,,
brier,raw1d_wide,shallow,23,0.32937149114664327,0.3731968066075354,-0.043825315460892196,0.3765220642089844,0.5230702249119084,0.5448694322661762,0.6776394844055176,0.12490402481984356,0.15978358969800704,0.6892902435018962,0.09374277136164655,0.2169669851364573,0.6362064914539214,0.18636806266022427,0.17742544588585435,1.0,1.0,1.0,1.0,False,False,,,
brier,raw1d_wide,spec2d,23,0.32937149114664327,0.329838622574445,-0.00046713142780186324,0.4274179935455322,0.9917905842792789,0.992220488534211,0.6776394844055176,0.05436072340148725,0.07754541704826516,0.41688588818292655,0.17422764177697092,0.4088864700401026,0.33384567444476465,0.33971234051004023,0.3264419850451951,1.0,1.0,1.0,1.0,False,False,,,
brier,raw1d_wide,spec2d_wide,23,0.32937149114664327,0.2913502935634096,0.03802119758323361,0.3446848392486572,0.48562356534441253,0.5085178801158351,0.6776394844055176,0.1023852437211157,0.13007426271065534,0.19003361134244912,0.1131690196199201,0.6967973690376308,0.1454158751203405,0.22455002731733953,0.63003409756232,1.0,1.0,1.0,1.0,False,False,,,
brier,score,shallow,23,0.27441564743035457,0.3731968066075354,-0.0987811591771808,0.030086994171142578,0.15564963018093705,0.177458892359085,0.0931396484375,0.17944745991333247,0.21414960912431297,0.9000298802070442,0.040133169309670154,0.05983695048328563,0.8732471989809455,0.08128341058182603,0.04546939043722848,1.0,1.0,1.0,1.0,False,False,,,
brier,score,spec2d,23,0.27441564743035457,0.329838622574445,-0.05542297514409047,0.01955723762512207,0.13532201932157267,0.15594218666724632,0.03468966484069824,0.09834387817275204,0.11680818814579044,0.8914331526674277,0.06815714895119036,0.040409698381381906,0.8337447932909655,0.14301624243051117,0.023238964278523316,0.8996329307556152,1.0,1.0,1.0,False,False,,,
brier,score,spec2d_wide,23,0.27441564743035457,0.2913502935634096,-0.016934646133054978,0.22261524200439453,0.7162484842510902,0.7304734178368084,0.0931396484375,0.07215671827289481,0.09591291596199283,0.5592356455890785,0.15871660062905296,0.2820477537818686,0.4737323989777086,0.3109942326446908,0.21527336837760064,1.0,1.0,1.0,1.0,False,False,,,
brier,shallow,spec2d,23,0.3731968066075354,0.329838622574445,0.04335818403309034,0.30013346672058105,0.6170263839356607,0.6354852734021602,0.4048728942871094,0.14598494974435833,0.19013435667453985,0.26944471082575266,0.08060407487310828,0.649951214301139,0.23319606491932754,0.16040163725997914,0.6064022978206933,1.0,1.0,1.0,1.0,False,False,,,
brier,shallow,spec2d_wide,23,0.3731968066075354,0.2913502935634096,0.08184651304412582,0.16010499000549316,0.2919282588437814,0.31731022511377416,0.21003961563110352,0.17285239235354208,0.21200256502851766,0.1192355403746765,0.05751083706273208,0.8232536225625914,0.09637737192666675,0.11526357191802261,0.7883590561553107,1.0,1.0,1.0,1.0,False,False,,,
brier,spec2d,spec2d_wide,23,0.329838622574445,0.2913502935634096,0.03848832901103547,0.21117830276489258,0.28797951991154586,0.31333822592712024,1.0,0.08092583514958726,0.09918219073701942,0.09197307734462984,0.12246486305528648,0.7855620596000836,0.05608704247073711,0.24699014974596367,0.6969228077832992,1.0,1.0,1.0,1.0,False,False,,,
