setting,record,power_kept,seconds
auto,chb01_01.edf,0.375351572830958,27.3
auto,chb01_02.edf,0.6365203023171782,27.1
auto,chb01_03.edf,0.9993845514487888,26.7
auto,chb01_04.edf,0.9938192486777148,26.7
auto,chb01_05.edf,0.3422622706864375,27.2
auto,chb01_06.edf,0.3803364662379563,27.3
auto,chb01_07.edf,0.3588656758213401,19.5
auto,chb01_08.edf,0.43880527092980287,19.1
auto,chb01_09.edf,0.3395367803544049,19.8
auto,chb01_10.edf,0.36649898315794693,19.8
auto,chb01_11.edf,0.4525567903740688,19.7
auto,chb01_12.edf,0.38231703408512124,19.6
auto,chb01_13.edf,0.3848058047216522,19.5
auto,chb01_14.edf,0.9993878362838097,19.0
auto,chb01_15.edf,0.9993077413325003,19.6
auto,chb01_16.edf,0.9992849729833143,20.0
auto,chb01_17.edf,0.9992162226316021,19.9
auto,chb01_18.edf,0.9993712556152677,20.0
auto,chb01_19.edf,0.9993864913946382,18.8
auto,chb01_20.edf,0.4964817514714404,14.2
auto,chb01_21.edf,0.6124883103141131,19.2
auto,chb01_22.edf,0.3763854189408485,19.3
auto,chb01_23.edf,0.29375751683328205,19.7
auto,chb01_24.edf,0.3707868533158118,19.7
auto,chb01_25.edf,0.27189030110535334,19.0
auto,chb01_26.edf,0.9993658647507125,12.1
auto,chb01_29.edf,0.19744649750594537,19.3
auto,chb01_30.edf,0.31716793624469214,19.6
auto,chb01_31.edf,0.2590595769170919,19.7
auto,chb01_32.edf,0.19002192984464725,19.7
auto,chb01_33.edf,0.3104505466519929,19.2
auto,chb01_34.edf,0.18427032195856521,18.7
auto,chb01_36.edf,0.9992889187154784,18.1
auto,chb01_37.edf,0.9991798253490247,18.4
auto,chb01_38.edf,0.9991661617682606,18.7
auto,chb01_39.edf,0.999106380390879,18.5
auto,chb01_40.edf,0.9991839041852572,17.0
auto,chb01_41.edf,0.9990677473535864,16.5
auto,chb01_42.edf,0.2516467505179684,15.3
auto,chb01_43.edf,0.9994141707418198,14.8
auto,chb01_46.edf,0.29893575975453324,14.6
auto,chb03_01.edf,0.2719035681088326,19.2
auto,chb03_02.edf,0.24792660074199693,19.3
auto,chb03_03.edf,0.19713471129229623,19.2
auto,chb03_04.edf,0.3463794423381868,18.8
auto,chb03_05.edf,0.3614145694698544,19.0
auto,chb03_06.edf,0.9991442878340602,18.2
auto,chb03_07.edf,0.9744961025521295,18.0
auto,chb03_08.edf,0.99662294637498,18.0
auto,chb03_09.edf,0.9993290524212048,18.9
auto,chb03_10.edf,0.345713117535252,18.7
auto,chb03_11.edf,0.9991517266666666,18.5
auto,chb03_12.edf,0.9989909731891959,18.5
auto,chb03_13.edf,0.9993912927992187,17.5
auto,chb03_14.edf,0.9854918427965277,18.1
auto,chb03_15.edf,0.9916377822144223,18.2
auto,chb03_16.edf,0.2931531300373351,18.6
auto,chb03_17.edf,0.28365731666720606,18.8
auto,chb03_18.edf,0.3634699088911322,18.3
auto,chb03_19.edf,0.28883733285245217,18.2
auto,chb03_20.edf,0.2530748305123472,19.2
auto,chb03_21.edf,0.26735092528698345,19.0
auto,chb03_22.edf,0.2789316664020815,19.0
auto,chb03_23.edf,0.12007533377943821,19.4
auto,chb03_24.edf,0.25209042226172124,19.4
auto,chb03_25.edf,0.2663478360774459,17.2
auto,chb03_26.edf,0.24678853936362488,18.5
auto,chb03_27.edf,0.23873354286658383,18.7
auto,chb03_28.edf,0.14029824392510465,18.6
auto,chb03_29.edf,0.2467157719333528,18.5
auto,chb03_30.edf,0.1631326550588772,18.3
auto,chb03_31.edf,0.15796493820193988,17.4
auto,chb03_32.edf,0.16292501598893633,18.2
auto,chb03_33.edf,0.19179356185638424,18.7
auto,chb03_34.edf,0.2297862415152253,18.3
auto,chb03_35.edf,0.3127614314698965,18.2
auto,chb03_36.edf,0.11627291000224016,18.5
auto,chb03_37.edf,0.8900674758378179,13.1
auto,chb03_38.edf,0.2934470074584155,12.0
auto,chb05_01.edf,0.44841321795275607,18.6
auto,chb05_02.edf,0.5440847430339225,18.7
auto,chb05_03.edf,0.6653168061121291,18.2
auto,chb05_04.edf,0.32540549658149404,18.9
auto,chb05_05.edf,0.35661652516371434,18.4
auto,chb05_06.edf,0.999527535364073,18.2
auto,chb05_07.edf,0.9993344619933495,18.1
auto,chb05_08.edf,0.9993515857665278,18.9
auto,chb05_09.edf,0.9993196796805448,18.3
auto,chb05_10.edf,0.9993386235948939,18.7
auto,chb05_11.edf,0.9993865666531508,18.5
auto,chb05_12.edf,0.9994203261435237,18.6
auto,chb05_13.edf,0.999545125815137,18.2
auto,chb05_14.edf,0.5496005450289464,18.8
auto,chb05_15.edf,0.9917503716940892,18.7
auto,chb05_16.edf,0.9995493921732667,18.4
auto,chb05_17.edf,0.9995289934636954,18.5
auto,chb05_18.edf,0.6743285848121734,18.7
auto,chb05_19.edf,0.9958902821869804,17.9
auto,chb05_20.edf,0.6958118372070938,18.5
auto,chb05_21.edf,0.7696994982941396,18.3
auto,chb05_22.edf,0.9529176304232251,18.3
auto,chb05_23.edf,0.9992424440251781,18.3
auto,chb05_24.edf,0.9993225506164394,18.0
auto,chb05_25.edf,0.9993362584914414,17.2
auto,chb05_26.edf,0.9993451656543628,17.9
auto,chb05_27.edf,0.6070653024805391,18.4
auto,chb05_28.edf,0.6754385936870557,18.6
auto,chb05_29.edf,0.6604187312312984,18.1
auto,chb05_30.edf,0.9325239430967851,18.0
auto,chb05_31.edf,0.9993658722084436,17.2
auto,chb05_32.edf,0.9993308259142559,17.6
auto,chb05_33.edf,0.9935734400539898,18.4
auto,chb05_34.edf,0.9992965957522791,18.0
auto,chb05_35.edf,0.9992967371033289,18.3
auto,chb05_36.edf,0.9993308914261875,18.2
auto,chb05_37.edf,0.9993514238506785,14.4
auto,chb05_38.edf,0.9993469224277112,13.4
auto,chb05_39.edf,0.9993870864573063,13.0
auto,chb08_02.edf,0.9992354565110092,18.1
auto,chb08_03.edf,0.9992510494646606,18.6
auto,chb08_04.edf,0.999233587177774,18.2
auto,chb08_05.edf,0.6221829670340393,18.7
auto,chb08_10.edf,0.999353382760378,18.4
auto,chb08_11.edf,0.9994594551795491,18.6
auto,chb08_12.edf,0.999263509229619,18.2
auto,chb08_13.edf,0.9994282940892336,18.2
auto,chb08_14.edf,0.9993050972025228,18.3
auto,chb08_15.edf,0.9992666781216593,18.1
auto,chb08_16.edf,0.9992933204256614,18.2
auto,chb08_17.edf,0.9992985285474054,18.1
auto,chb08_18.edf,0.9992203584009628,18.3
auto,chb08_19.edf,0.9993462269738492,17.9
auto,chb08_20.edf,0.31745347701290166,18.9
auto,chb08_21.edf,0.9992939046095686,18.7
auto,chb08_22.edf,0.9992603025257195,18.6
auto,chb08_23.edf,0.9992291471255752,18.6
auto,chb08_24.edf,0.999359245728777,12.0
auto,chb08_29.edf,0.9993124427925545,12.0
auto,chb12_06.edf,0.6240659392667953,18.6
auto,chb12_08.edf,0.999288639157291,18.3
auto,chb12_09.edf,0.999357828771338,18.4
auto,chb12_10.edf,0.9992148451620959,18.2
auto,chb12_11.edf,0.9993333564876438,11.8
auto,chb12_19.edf,0.3236461707441411,18.7
auto,chb12_20.edf,0.6213781402351143,18.2
auto,chb12_21.edf,0.3159738015434011,19.0
auto,chb12_23.edf,0.3234042313498733,19.4
auto,chb12_24.edf,0.29319595313679736,19.2
auto,chb12_32.edf,0.4851647457423887,18.7
auto,chb12_33.edf,0.9992589743710547,18.2
auto,chb12_34.edf,0.9775524632742203,18.0
auto,chb12_35.edf,0.9993213893405877,18.2
auto,chb12_36.edf,0.5140591698818363,18.6
auto,chb12_37.edf,0.6322378139068838,19.1
auto,chb12_38.edf,0.9952703616043189,18.6
auto,chb12_39.edf,0.2539289787498849,19.1
auto,chb12_40.edf,0.9039007651322796,15.5
auto,chb12_41.edf,0.9992446209694208,12.9
auto,chb12_42.edf,0.4163082246183135,12.8
auto,chb15_01.edf,0.2456056426791726,18.7
auto,chb15_02.edf,0.21383839494425222,18.6
auto,chb15_03.edf,0.7095140452564519,18.8
auto,chb15_04.edf,0.9994771480668425,18.1
auto,chb15_05.edf,0.9993662585783931,18.6
auto,chb15_06.edf,0.9996056193860836,18.7
auto,chb15_07.edf,0.9996188727074525,17.8
auto,chb15_08.edf,0.999495810402386,18.3
auto,chb15_09.edf,0.9893993593747223,18.7
auto,chb15_10.edf,0.999591221887627,18.7
auto,chb15_11.edf,0.9994124647321344,18.3
auto,chb15_12.edf,0.4370296694247705,19.0
auto,chb15_13.edf,0.30898152239584703,18.5
auto,chb15_14.edf,0.5049146280946828,18.0
auto,chb15_15.edf,0.22566347849584195,18.6
auto,chb15_16.edf,0.4064721144607664,18.5
auto,chb15_17.edf,0.9996230334211179,18.2
auto,chb15_19.edf,0.2536109706954018,18.4
auto,chb15_20.edf,0.2665852341874997,18.1
auto,chb15_22.edf,0.35075019650909367,18.1
auto,chb15_26.edf,0.30626827945156204,18.8
auto,chb15_28.edf,0.503836724720249,18.7
auto,chb15_29.edf,0.9993718513986476,18.0
auto,chb15_30.edf,0.9994189772567935,18.1
auto,chb15_31.edf,0.9838824749646197,17.8
auto,chb15_32.edf,0.9994215786596803,17.7
auto,chb15_33.edf,0.9995019322943065,17.8
auto,chb15_35.edf,0.9189939635439491,18.0
auto,chb15_37.edf,0.9994017272371722,18.3
auto,chb15_40.edf,0.32290359672739727,18.6
auto,chb15_45.edf,0.2140017227647084,17.9
auto,chb15_46.edf,0.22179545754571317,18.3
auto,chb15_49.edf,0.2697800009101341,18.7
auto,chb15_50.edf,0.5729248166002223,18.4
auto,chb15_51.edf,0.8709518007493692,18.6
auto,chb15_52.edf,0.42305465208298126,18.4
auto,chb15_54.edf,0.7258109003654147,15.3
auto,chb15_61.edf,0.544308754513579,15.1
auto,chb15_62.edf,0.9530939610344741,14.5
auto,chb15_63.edf,0.8431109762882039,14.1
auto-,chb01_01.edf,0.4250638662300834,22.6
auto-,chb01_02.edf,0.9993919738347585,22.4
auto-,chb01_03.edf,0.9993845514487888,22.6
auto-,chb01_04.edf,0.9994143361633221,22.4
auto-,chb01_05.edf,0.9993779541557423,22.1
auto-,chb01_06.edf,0.9994666539417714,22.6
auto-,chb01_07.edf,0.999414512017519,17.8
auto-,chb01_08.edf,0.9993716957762433,18.5
auto-,chb01_09.edf,0.3466268624334881,19.3
auto-,chb01_10.edf,0.9993641440974876,18.5
auto-,chb01_11.edf,0.9995707135590968,18.6
auto-,chb01_12.edf,0.9994144371224368,18.7
auto-,chb01_13.edf,0.9994585214892194,17.7
auto-,chb01_14.edf,0.9993878362838097,18.4
auto-,chb01_15.edf,0.9993077413325003,18.4
auto-,chb01_16.edf,0.9992849729833143,18.3
auto-,chb01_17.edf,0.9992162226316021,18.5
auto-,chb01_18.edf,0.9993712556152677,18.0
auto-,chb01_19.edf,0.9993864913946382,17.7
auto-,chb01_20.edf,0.9990888503128259,13.9
auto-,chb01_21.edf,0.9994138342804427,18.7
auto-,chb01_22.edf,0.9993700399800252,18.7
auto-,chb01_23.edf,0.9993659109788912,18.4
auto-,chb01_24.edf,0.9994880999895419,18.5
auto-,chb01_25.edf,0.5700737536204473,16.9
auto-,chb01_26.edf,0.9993658647507125,11.3
auto-,chb01_29.edf,0.9983450061384993,18.2
auto-,chb01_30.edf,0.41355339348372894,18.4
auto-,chb01_31.edf,0.36201239533085716,18.8
auto-,chb01_32.edf,0.9994118507779864,18.2
auto-,chb01_33.edf,0.9993658422614716,17.5
auto-,chb01_34.edf,0.9989968932538917,17.4
auto-,chb01_36.edf,0.9992889187154784,18.1
auto-,chb01_37.edf,0.9991798253490247,18.0
auto-,chb01_38.edf,0.9991661617682606,18.3
auto-,chb01_39.edf,0.999106380390879,18.0
auto-,chb01_40.edf,0.9991839041852572,16.7
auto-,chb01_41.edf,0.9990677473535864,16.4
auto-,chb01_42.edf,0.9991247166390613,14.9
auto-,chb01_43.edf,0.9982752042917332,14.8
auto-,chb01_46.edf,0.3655380438662121,14.9
auto-,chb03_01.edf,0.2837853009249511,18.8
auto-,chb03_02.edf,0.25903967638523323,19.1
auto-,chb03_03.edf,0.19713930010543387,19.0
auto-,chb03_04.edf,0.9993151978850129,17.9
auto-,chb03_05.edf,0.567709305701179,18.4
auto-,chb03_06.edf,0.9991442878340602,18.3
auto-,chb03_07.edf,0.9992023422142955,17.9
auto-,chb03_08.edf,0.9990978842605517,18.2
auto-,chb03_09.edf,0.9993290524212048,18.5
auto-,chb03_10.edf,0.3969711531200994,18.6
auto-,chb03_11.edf,0.9991517266666666,18.2
auto-,chb03_12.edf,0.9989909731891959,18.5
auto-,chb03_13.edf,0.9993912927992187,17.9
auto-,chb03_14.edf,0.9994015892285151,17.9
auto-,chb03_15.edf,0.9993972726987923,18.9
auto-,chb03_16.edf,0.34020398630876675,18.7
auto-,chb03_17.edf,0.2871326418164242,19.1
auto-,chb03_18.edf,0.3871522311888054,18.6
auto-,chb03_19.edf,0.2924668085801848,17.5
auto-,chb03_20.edf,0.25488583345429155,18.2
auto-,chb03_21.edf,0.26928967480563515,18.6
auto-,chb03_22.edf,0.28564444243915693,18.6
auto-,chb03_23.edf,0.9995072661101472,17.7
auto-,chb03_24.edf,0.25209042226172124,18.5
auto-,chb03_25.edf,0.26743399487989794,17.8
auto-,chb03_26.edf,0.24985428824846914,18.3
auto-,chb03_27.edf,0.23858601954631148,18.6
auto-,chb03_28.edf,0.14055789852055142,18.7
auto-,chb03_29.edf,0.2573858895409922,18.3
auto-,chb03_30.edf,0.9990022802157758,17.9
auto-,chb03_31.edf,0.9990735881266548,17.1
auto-,chb03_32.edf,0.9990911004442816,17.5
auto-,chb03_33.edf,0.2696470914811978,18.8
auto-,chb03_34.edf,0.9991857347869673,18.2
auto-,chb03_35.edf,0.7526583768491493,18.6
auto-,chb03_36.edf,0.9991375493109129,18.1
auto-,chb03_37.edf,0.9991502758526472,12.8
auto-,chb03_38.edf,0.41424248460573926,12.1
auto-,chb05_01.edf,0.999527182595195,18.3
auto-,chb05_02.edf,0.9432414946247027,18.9
auto-,chb05_03.edf,0.999576253709326,18.5
auto-,chb05_04.edf,0.8819903736061587,18.8
auto-,chb05_05.edf,0.8220679727902701,18.9
auto-,chb05_06.edf,0.999527535364073,18.5
auto-,chb05_07.edf,0.9993344619933495,18.1
auto-,chb05_08.edf,0.9993515857665278,18.0
auto-,chb05_09.edf,0.9993196796805448,18.8
auto-,chb05_10.edf,0.9993386235948939,18.5
auto-,chb05_11.edf,0.9993865666531508,18.2
auto-,chb05_12.edf,0.9994203261435237,18.4
auto-,chb05_13.edf,0.999545125815137,18.4
auto-,chb05_14.edf,0.9993097945791699,18.2
auto-,chb05_15.edf,0.9993935468754646,18.4
auto-,chb05_16.edf,0.9995493921732667,18.7
auto-,chb05_17.edf,0.9995289934636954,18.6
auto-,chb05_18.edf,0.9994203109489919,18.6
auto-,chb05_19.edf,0.9993652587828824,18.1
auto-,chb05_20.edf,0.9995215417509892,18.3
auto-,chb05_21.edf,0.9995492377655579,18.0
auto-,chb05_22.edf,0.9995277995032591,18.5
auto-,chb05_23.edf,0.9992424440251781,18.4
auto-,chb05_24.edf,0.9993225506164394,18.5
auto-,chb05_25.edf,0.9993362584914414,18.0
auto-,chb05_26.edf,0.9993451656543628,18.2
auto-,chb05_27.edf,0.9994361514771702,18.1
auto-,chb05_28.edf,0.9994872999169716,18.4
auto-,chb05_29.edf,0.8628447252096033,18.4
auto-,chb05_30.edf,0.992761201741814,18.5
auto-,chb05_31.edf,0.9993658722084436,17.8
auto-,chb05_32.edf,0.9993308259142559,17.7
auto-,chb05_33.edf,0.9971695576885665,18.1
auto-,chb05_34.edf,0.9992965957522791,18.4
auto-,chb05_35.edf,0.9992967371033289,18.4
auto-,chb05_36.edf,0.9993308914261875,18.3
auto-,chb05_37.edf,0.9993514238506785,14.3
auto-,chb05_38.edf,0.9993469224277112,14.4
auto-,chb05_39.edf,0.9993870864573063,14.1
auto-,chb08_02.edf,0.9992354565110092,18.2
auto-,chb08_03.edf,0.9992510494646606,18.4
auto-,chb08_04.edf,0.999233587177774,18.5
auto-,chb08_05.edf,0.9995017250900321,18.5
auto-,chb08_10.edf,0.999353382760378,18.5
auto-,chb08_11.edf,0.9994594551795491,18.3
auto-,chb08_12.edf,0.999263509229619,17.9
auto-,chb08_13.edf,0.9994282940892336,18.1
auto-,chb08_14.edf,0.9993050972025228,18.3
auto-,chb08_15.edf,0.9992666781216593,18.5
auto-,chb08_16.edf,0.9992933204256614,18.4
auto-,chb08_17.edf,0.9992985285474054,18.4
auto-,chb08_18.edf,0.9992203584009628,17.9
auto-,chb08_19.edf,0.9993462269738492,18.2
auto-,chb08_20.edf,0.9993401331183451,18.1
auto-,chb08_21.edf,0.9992939046095686,18.5
auto-,chb08_22.edf,0.9992603025257195,18.6
auto-,chb08_23.edf,0.9992291471255752,18.5
auto-,chb08_24.edf,0.999359245728777,12.0
auto-,chb08_29.edf,0.9993124427925545,11.9
auto-,chb12_06.edf,0.9992859774943124,18.0
auto-,chb12_08.edf,0.9992911409797329,18.3
auto-,chb12_09.edf,0.999357828771338,18.6
auto-,chb12_10.edf,0.9992148451620959,18.6
auto-,chb12_11.edf,0.9993333564876438,12.0
auto-,chb12_19.edf,0.9992989986562667,18.1
auto-,chb12_20.edf,0.9994039592573292,17.3
auto-,chb12_21.edf,0.5019336922050384,18.2
auto-,chb12_23.edf,0.913456505186997,18.4
auto-,chb12_24.edf,0.47321378425827876,18.3
auto-,chb12_32.edf,0.7873396785892272,18.3
auto-,chb12_33.edf,0.9992589743710547,18.3
auto-,chb12_34.edf,0.9991526328696272,17.8
auto-,chb12_35.edf,0.9993213893405877,18.6
auto-,chb12_36.edf,0.9989835682182346,18.3
auto-,chb12_37.edf,0.9991142354285784,18.6
auto-,chb12_38.edf,0.9991786171044363,18.6
auto-,chb12_39.edf,0.5530862581384257,18.7
auto-,chb12_40.edf,0.9993064904809984,15.4
auto-,chb12_41.edf,0.9992446209694208,12.9
auto-,chb12_42.edf,0.9991343259643619,12.8
auto-,chb15_01.edf,0.34077410735014174,18.1
auto-,chb15_02.edf,0.24252790506687646,18.4
auto-,chb15_03.edf,0.8265077988828262,18.9
auto-,chb15_04.edf,0.9994771480668425,18.5
auto-,chb15_05.edf,0.9993662585783931,18.6
auto-,chb15_06.edf,0.9996056193860836,18.3
auto-,chb15_07.edf,0.9996188727074525,18.0
auto-,chb15_08.edf,0.999495810402386,18.5
auto-,chb15_09.edf,0.9996552957902126,18.9
auto-,chb15_10.edf,0.999591221887627,18.5
auto-,chb15_11.edf,0.9994124647321344,18.8
auto-,chb15_12.edf,0.999439471354764,18.4
auto-,chb15_13.edf,0.31812888808913126,18.6
auto-,chb15_14.edf,0.9167748754092949,18.4
auto-,chb15_15.edf,0.24057461798797825,18.9
auto-,chb15_16.edf,0.6304385229067885,18.7
auto-,chb15_17.edf,0.9996230334211179,18.0
auto-,chb15_19.edf,0.2639360321776307,18.5
auto-,chb15_20.edf,0.27513326503877156,18.7
auto-,chb15_22.edf,0.9992575148098733,18.2
auto-,chb15_26.edf,0.35656397194633377,18.6
auto-,chb15_28.edf,0.5959685998688311,19.0
auto-,chb15_29.edf,0.9993718513986476,18.2
auto-,chb15_30.edf,0.9994189772567935,18.5
auto-,chb15_31.edf,0.9995476544604904,18.4
auto-,chb15_32.edf,0.9994215786596803,18.1
auto-,chb15_33.edf,0.9995019322943065,18.4
auto-,chb15_35.edf,0.9993352070727647,18.5
auto-,chb15_37.edf,0.9994017272371722,18.5
auto-,chb15_40.edf,0.3484152509818713,18.5
auto-,chb15_45.edf,0.9994960921172755,17.9
auto-,chb15_46.edf,0.9993319394140864,17.6
auto-,chb15_49.edf,0.9993847354812192,18.2
auto-,chb15_50.edf,0.9991923556117182,18.2
auto-,chb15_51.edf,0.9993882775739938,17.9
auto-,chb15_52.edf,0.546174614642903,18.3
auto-,chb15_54.edf,0.9995047326679848,15.3
auto-,chb15_61.edf,0.7631758561046605,15.6
auto-,chb15_62.edf,0.9995060965429172,14.9
auto-,chb15_63.edf,0.9700669298118344,14.7
