model,mean_diff,identical,p_naive_wilcoxon,p_corrected,delta_min_corrected,p_naive_holm,p_corrected_holm
attention,-0.0006591177567896578,False,0.6682351417952492,0.9617916927389836,0.023954299822117654,1.0,1.0
early,0.06189111613012849,False,5.960464477539063e-08,0.009560080807898007,0.09948961357731716,4.172325134277344e-07,0.06692056565528605
gated,0.001211962752070943,False,0.5429424906845058,0.9347541291837668,0.02627640569595997,1.0,1.0
late,0.003132380034681117,False,0.5485062355001472,0.7765005727579891,0.021798865748221506,1.0,1.0
logvar,0.0,True,,,,,
raw1d,0.0,True,,,,,
raw1d_wide,0.0,True,,,,,
score,-0.0007375884071391159,False,0.6434848359969145,0.9411034436042514,0.017639725800484906,1.0,1.0
shallow,0.0,True,,,,,
spec2d,0.00436981937793421,False,0.39136593830755195,0.7224402906724694,0.025171954002242286,1.0,1.0
spec2d_wide,-0.002457863413207706,False,0.5633423630007264,0.8973451275909272,0.034708302295809436,1.0,1.0
