model_a,model_b,n,mean_a,mean_b,mean_diff,p_naive_wilcoxon,p_corrected,p_corrected_conservative,p_sign,delta_min_naive,delta_min_corrected,bayes_p_b_better_r01,bayes_p_equiv_r01,bayes_p_a_better_r01,bayes_p_b_better_r02,bayes_p_equiv_r02,bayes_p_a_better_r02,p_naive_wilcoxon_holm,p_corrected_holm,p_corrected_conservative_holm,p_sign_holm,sig_naive,sig_corrected
attention,gated,15,0.966288045864596,0.9730689543657846,-0.0067809085011885616,0.5936182407945829,0.6442036072001833,0.6727873860233777,0.79052734375,0.018391136544212018,0.03208481387668918,0.4129703236463009,0.4558839406346019,0.13114573571909716,0.18654357750721595,0.7717515892733506,0.04170483321943347,1.0,1.0,1.0,1.0,False,False
attention,late,15,0.966288045864596,0.969437537054351,-0.0031494911897549014,0.43262594902013973,0.8041810354009473,0.8207132179339505,0.4239501953125,0.01322213283971181,0.025102304713085378,0.29561768373467273,0.5497371792976348,0.15464513696769253,0.09891582805837007,0.8588715305286261,0.042212641413003876,1.0,1.0,1.0,1.0,False,False
attention,logvar,15,0.966288045864596,0.6390627009505595,0.3272253449140364,6.103515625e-05,2.7484943311687914e-08,8.494585094069279e-08,6.103515625e-05,0.3512077753445558,0.3794938402476007,9.382067594174148e-09,1.0940220285249325e-08,0.9999999796777121,6.464022335659188e-09,2.388891984228536e-08,0.9999999696470578,0.00274658203125,1.016942902532453e-06,3.142996484805633e-06,0.00274658203125,True,True
attention,raw1d,15,0.966288045864596,0.956320173218552,0.00996787264604384,0.244198530761502,0.48895626084400745,0.526548906006985,0.30175781249999994,0.021302834682759085,0.0346718496694997,0.0882270723416481,0.41267057318885825,0.4991023544694937,0.025383271149407957,0.7315125352094536,0.2431041936411384,1.0,1.0,1.0,1.0,False,False
attention,raw1d_wide,15,0.966288045864596,0.9633883336074447,0.002899712257151147,0.5302845968336095,0.854029083205188,0.8664638847043071,0.7744140625,0.015403857456151852,0.030151864906052823,0.20922113196610487,0.4641014238075162,0.326677444226379,0.08050988093804513,0.7756363311327943,0.14385378792916054,1.0,1.0,1.0,1.0,False,False
attention,score,15,0.966288045864596,0.9643071870885576,0.0019808587760383745,0.5300566762898097,0.8981880516943784,0.9069103844401571,0.79052734375,0.014267146095490433,0.02875820118443675,0.2219020066159813,0.47503429220874926,0.3030637011752694,0.08512107883257952,0.7870510179101957,0.12782790325722465,1.0,1.0,1.0,1.0,False,False
attention,shallow,15,0.966288045864596,0.9550189828465289,0.011269063018067212,0.12054443359375,0.49862001588721494,0.5357613361457219,0.30175781249999994,0.02437863879649716,0.03984072102349957,0.10545468152887433,0.3639207080765672,0.5306246103945584,0.037221656038616914,0.6633397302958953,0.29943861366548774,1.0,1.0,1.0,1.0,False,False
attention,spec2d,15,0.966288045864596,0.9600509216392045,0.006237124225391489,0.4703377962613965,0.707168445721341,0.7312571313502862,0.4239501953125,0.019383307500007853,0.034888566419050165,0.1675720711527095,0.42222071298528185,0.4102072158620086,0.06453726454373145,0.729587626786316,0.20587510866995262,1.0,1.0,1.0,1.0,False,False
attention,spec2d_wide,15,0.966288045864596,0.9654523379915658,0.0008357078730299783,0.7298909084206947,0.9627487662637912,0.9659548188339034,1.0,0.015039978270748737,0.03179319748822116,0.2737321695391212,0.4211481417776345,0.30511968868324424,0.1277882760950015,0.7252248424159353,0.14698688148906314,1.0,1.0,1.0,1.0,False,False
gated,late,15,0.9730689543657846,0.969437537054351,0.00363141731143366,0.421578895217645,0.7710472764443099,0.7902313536124903,1.0,0.013522386459949569,0.025188284797463354,0.14206974281762597,0.5524540202353296,0.3054762369470444,0.03700634974659117,0.8617858747499549,0.101207775503454,1.0,1.0,1.0,1.0,False,False
gated,logvar,15,0.9730689543657846,0.6390627009505595,0.33400625341522494,6.103515625e-05,1.0693740116051486e-10,3.551797171927066e-10,6.103515625e-05,0.3500109791816595,0.36888774453270984,3.6008756382112484e-11,4.42598180327991e-11,0.9999999999197314,2.450381287098006e-11,9.739564710287141e-11,0.9999999998781005,0.00274658203125,4.812183052223169e-09,1.5983087273671795e-08,0.00274658203125,True,True
gated,raw1d,15,0.9730689543657846,0.956320173218552,0.0167487811472324,0.008774633060101173,0.1903294260173688,0.22903651581486056,0.00341796875,0.026583083726396443,0.038182146708621134,0.022630159106311037,0.2713334172105336,0.7060364236831553,0.004591269568929328,0.5987928231163265,0.39661590731474416,0.2983375240434399,1.0,1.0,0.11962890625,False,False
gated,raw1d_wide,15,0.9730689543657846,0.9633883336074447,0.009680620758339708,0.05553298081594267,0.34707624610552146,0.3889300994406558,0.1795654296875,0.017721233389639907,0.027204729710336828,0.03397392279323987,0.47860339496463283,0.4874226822421273,0.00493806363308556,0.8364439968050446,0.15861793956186984,1.0,1.0,1.0,1.0,False,False
gated,score,15,0.9730689543657846,0.9643071870885576,0.008761767277226936,0.15793931050013033,0.4005082549663098,0.44134061433836047,0.7744140625,0.016927861435050966,0.026559356875923354,0.042257212540280316,0.5056361554171924,0.45210663204252727,0.006471221522491412,0.8511301305503395,0.14239864792716908,1.0,1.0,1.0,1.0,False,False
gated,shallow,15,0.9730689543657846,0.9550189828465289,0.018049971519255772,0.00115966796875,0.12654352255301055,0.15979725877177656,0.0009765625,0.027028864040157072,0.03761901408101673,0.012140933953463603,0.22819425711897445,0.7596648089275619,0.0020531243316356455,0.5663516507638404,0.431595224904524,0.041748046875,1.0,1.0,0.03515625,True,False
gated,spec2d,15,0.9730689543657846,0.9600509216392045,0.01301803272658005,0.015906444101703374,0.22972482699344665,0.270331371321716,0.09228515625,0.021395180869027128,0.03127560382057819,0.021696903963388456,0.36590588606667496,0.6123972099699366,0.0033058061505410147,0.740912225146603,0.25578196870285597,0.5249126553562113,1.0,1.0,1.0,False,False
gated,spec2d_wide,15,0.9730689543657846,0.9654523379915658,0.0076166163742185395,0.3626859408352129,0.587562069528664,0.6198243210336787,0.79052734375,0.018704562605924104,0.03178223493192713,0.10999500839356921,0.457716039529661,0.43228895207676976,0.03188825118580253,0.7770993833068971,0.19101236550730039,1.0,1.0,1.0,1.0,False,False
late,logvar,15,0.969437537054351,0.6390627009505595,0.33037483610379126,6.103515625e-05,1.225258573266486e-09,3.96924175438978e-09,6.103515625e-05,0.3494010799544799,0.37184157321394823,4.1387552441527393e-10,5.02561880999508e-10,0.9999999990835626,2.824245417748326e-10,1.1037429858973269e-09,0.9999999986138325,0.00274658203125,5.023560150392592e-08,1.6273891192998096e-07,0.00274658203125,True,True
late,raw1d,15,0.969437537054351,0.956320173218552,0.013117363835798741,0.007132413699395206,0.15928581392534505,0.1957666998269321,0.0224609375,0.020248107492876075,0.028658459332545613,0.01008902026660693,0.35447500652904973,0.6354359732043433,0.0010697517610854074,0.7747487456788609,0.2241815025600538,0.2496344794788322,1.0,1.0,0.763671875,False,False
late,raw1d_wide,15,0.969437537054351,0.9633883336074447,0.006049203446906048,0.42120361328125,0.6570836326287357,0.6847797051005049,0.6072387695312499,0.01682712456829149,0.029539137941691905,0.12438958179041165,0.4899112547376494,0.3856991634719389,0.035539448198068306,0.8078292194062322,0.15663133239569949,1.0,1.0,1.0,1.0,False,False
late,score,15,0.969437537054351,0.9643071870885576,0.005130349965793275,0.421578895217645,0.7071932531705787,0.7312800955747221,0.5810546875,0.015944715728907297,0.02869971371574334,0.13859563759878257,0.5007207139988321,0.3606836484023853,0.040687662265197745,0.8167094739286331,0.14260286380616916,1.0,1.0,1.0,1.0,False,False
late,shallow,15,0.969437537054351,0.9550189828465289,0.014418554207822114,0.01806640625,0.21795412709226944,0.25808923278285223,0.11846923828124999,0.02345136044125242,0.03410509898187561,0.02320679370755953,0.3260763176817394,0.6507168886107011,0.004080139191299442,0.6832789583183141,0.3126409024903864,0.578125,1.0,1.0,1.0,False,False
late,spec2d,15,0.969437537054351,0.9600509216392045,0.009386615415146389,0.0735939238114404,0.36563341733420884,0.40722509146924823,0.057373046875,0.017499654737020292,0.02706857467965644,0.036986337253662224,0.48694187498721386,0.47607178775912395,0.005516076260615384,0.8403240052993242,0.15415991844006044,1.0,1.0,1.0,1.0,False,False
late,spec2d_wide,15,0.969437537054351,0.9654523379915658,0.00398519906278488,0.8260910288588201,0.8103818116431996,0.8264108303425065,0.79052734375,0.017156827599397316,0.03269209791925995,0.20265485324451,0.43853467238967403,0.3588104743658159,0.08162290843787295,0.747133385259862,0.17124370630226504,1.0,1.0,1.0,1.0,False,False
logvar,raw1d,15,0.6390627009505595,0.956320173218552,-0.3172574722679926,6.103515625e-05,4.431736580922992e-10,1.4522041637698388e-09,6.103515625e-05,0.3341723947848404,0.3541226912123727,0.9999999996615746,1.9162469379325452e-10,1.4680070502264576e-10,0.9999999994766849,4.249690326641376e-10,9.834602529008354e-11,0.00274658203125,1.9499640956061166e-08,6.38969832058729e-08,0.00274658203125,True,True
logvar,raw1d_wide,15,0.6390627009505595,0.9633883336074447,-0.32432563265688524,6.103515625e-05,4.762373024952178e-10,1.559365939979368e-09,6.103515625e-05,0.34171161792492427,0.3622175090655198,0.9999999996398037,2.0100411887983755e-10,1.5919219833744974e-10,0.9999999994486614,4.4377067799665814e-10,1.0756796341133644e-10,0.00274658203125,2.0478204007294365e-08,6.705273541911282e-08,0.00274658203125,True,True
logvar,score,15,0.6390627009505595,0.9643071870885576,-0.325244486137998,6.103515625e-05,3.0237825777828077e-09,9.68228091948836e-09,6.103515625e-05,0.345315695407363,0.36898867257790746,0.9999999977324486,1.2487886831772817e-09,1.0187626857179448e-09,0.9999999965611808,2.745391031891193e-09,6.934281974820869e-10,0.00274658203125,1.179275205335295e-07,3.776089558600461e-07,0.00274658203125,True,True
logvar,shallow,15,0.6390627009505595,0.9550189828465289,-0.3159562818959692,6.103515625e-05,1.6316879850579698e-09,5.267240650685755e-09,6.103515625e-05,0.3345541206952347,0.3564893318430983,0.9999999987581019,6.997854792750204e-10,5.421126606059388e-10,0.9999999980866904,1.5491508011476043e-09,3.6415882070060934e-10,0.00274658203125,6.526751940231879e-08,2.106896260274302e-07,0.00274658203125,True,True
logvar,spec2d,15,0.6390627009505595,0.9600509216392045,-0.3209882206886449,6.103515625e-05,9.575960912844324e-10,3.111240216303583e-09,6.103515625e-05,0.33913045734511005,0.36052830878631026,0.9999999992744492,4.0601442113996533e-10,3.195364204893202e-10,0.9999999988874414,8.970162771087643e-10,2.155423236932962e-10,0.00274658203125,4.021903583394616e-08,1.306720890847505e-07,0.00274658203125,True,True
logvar,spec2d_wide,15,0.6390627009505595,0.9654523379915658,-0.3263896370410064,6.103515625e-05,7.244591577950709e-09,2.290389820202433e-08,6.103515625e-05,0.3479380107507573,0.37335322874023286,0.999999994597735,2.9486557113634953e-09,2.453609257337836e-09,0.9999999918569098,6.464889828433117e-09,1.67820037370643e-09,0.00274658203125,2.7529447996212696e-07,8.703481316769245e-07,0.00274658203125,True,True
raw1d,raw1d_wide,15,0.956320173218552,0.9633883336074447,-0.007068160388892694,0.072998046875,0.45692712728002927,0.49588759427511464,0.11846923828124999,0.014534154402017198,0.023339917097037387,0.37782990808655753,0.5792150922464028,0.04295499966703976,0.09167265851979381,0.9028409911073727,0.005486350372833497,1.0,1.0,1.0,1.0,False,False
raw1d,score,15,0.956320173218552,0.9643071870885576,-0.007987013870005466,0.17295491798842066,0.5696041210953103,0.602947499486822,0.266845703125,0.019071198095041708,0.03214443332426581,0.4427045325986114,0.45188824003669864,0.10540722736468992,0.19794189825884267,0.7717457584621916,0.030312343278965672,1.0,1.0,1.0,1.0,False,False
raw1d,shallow,15,0.956320173218552,0.9550189828465289,0.0013011903720233716,0.7197265625,0.9244991842977128,0.9309829214031691,1.0,0.012199224685866707,0.025052905500664236,0.2080433305637704,0.5272978704643075,0.2646587989719221,0.06826143312347319,0.8381160845990072,0.09362248227751958,1.0,1.0,1.0,1.0,False,False
raw1d,spec2d,15,0.956320173218552,0.9600509216392045,-0.0037307484206523522,0.5994873046875,0.7431321135916098,0.7644964783290616,1.0,0.012750411068547933,0.023388647414155007,0.29159640249398716,0.5889656259017859,0.1194379716042269,0.08349503494414776,0.8906274751714546,0.025877489884397663,1.0,1.0,1.0,1.0,False,False
raw1d,spec2d_wide,15,0.956320173218552,0.9654523379915658,-0.009132164773013863,0.22930908203125,0.6267331838819945,0.6564921466284844,0.30175781249999994,0.023974119714028796,0.04147945562924801,0.4814892751213285,0.36091782212668283,0.15759290275198873,0.28172498319611017,0.6507722367665931,0.06750278003729675,1.0,1.0,1.0,1.0,False,False
raw1d_wide,score,15,0.9633883336074447,0.9643071870885576,-0.0009188534811127729,0.5097974849608639,0.9489244885361698,0.9533176023706245,0.1795654296875,0.012305195422143827,0.02573481040988933,0.2648247364056989,0.5095492010423657,0.22562606255193546,0.09855125051526548,0.8215562986003329,0.07989245088440168,1.0,1.0,1.0,1.0,False,False
raw1d_wide,shallow,15,0.9633883336074447,0.9550189828465289,0.008369350760916066,0.389404296875,0.5646963885511496,0.5983274124200675,1.0,0.019836249636044634,0.0333608774571589,0.10820140343526302,0.4367291710765144,0.45506942548822266,0.03268168587519538,0.7542528704618445,0.21306544366296015,1.0,1.0,1.0,1.0,False,False
raw1d_wide,spec2d,15,0.9633883336074447,0.9600509216392045,0.003337411968240341,0.683239071626591,0.8021382660986942,0.8188357611298003,0.79052734375,0.013898306568294248,0.02635434812575003,0.16237639484171063,0.5285696105815108,0.3090539945767786,0.04789821482437776,0.8405806619951354,0.11152112318048694,1.0,1.0,1.0,1.0,False,False
raw1d_wide,spec2d_wide,15,0.9633883336074447,0.9654523379915658,-0.002064004384121169,0.7298909084206947,0.8888389472942135,0.8983524624708807,1.0,0.013782450192173275,0.027603764910449653,0.29639749483905287,0.4939083717139435,0.20969413344700366,0.11823068729486555,0.8065848291722816,0.07518448353285287,1.0,1.0,1.0,1.0,False,False
score,shallow,15,0.9643071870885576,0.9550189828465289,0.009288204242028838,0.01806640625,0.4225177807890089,0.46270804527812814,0.03515625,0.01837282124298422,0.02908766796599687,0.05411446047412901,0.47068192297003125,0.4752036165558397,0.010378901685424852,0.8112175188459916,0.17840357946858354,0.578125,1.0,1.0,1.0,False,False
score,spec2d,15,0.9643071870885576,0.9600509216392045,0.004256265449353114,0.3104944343172349,0.6080525103570698,0.6390289918144683,0.453125,0.010812733540893904,0.01854575636814076,0.05035883372680452,0.70434870598708,0.2452924602861155,0.004873220109728977,0.9587654692561981,0.03636131063407288,1.0,1.0,1.0,1.0,False,False
score,spec2d_wide,15,0.9643071870885576,0.9654523379915658,-0.001145150903008396,0.8260910288588201,0.9416425769938515,0.9466599832073099,1.0,0.013562143786426499,0.02820735948375001,0.2867784856719976,0.47313340285308475,0.24008811147491765,0.12000235926514305,0.7848112148526194,0.0951864258822376,1.0,1.0,1.0,1.0,False,False
shallow,spec2d,15,0.9550189828465289,0.9600509216392045,-0.005031938792675724,0.42120361328125,0.6667282492909119,0.693748338218187,0.30175781249999994,0.014276274625396834,0.025179501640167343,0.335340966922427,0.5596901989240736,0.10496883415349945,0.10588671798837825,0.8710637020650608,0.023049579946560945,1.0,1.0,1.0,1.0,False,False
shallow,spec2d_wide,15,0.9550189828465289,0.9654523379915658,-0.010433355145037234,0.1688232421875,0.47857270601746527,0.5166308364316463,0.11846923828124999,0.02201420528306044,0.03567323286100335,0.5118490352367893,0.40024405326301427,0.08790691150019649,0.25762572069141065,0.7163762227521463,0.025998056556443053,1.0,1.0,1.0,1.0,False,False
spec2d,spec2d_wide,15,0.9600509216392045,0.9654523379915658,-0.00540141635236151,0.4703377962613965,0.7403980185148386,0.7619729941466357,0.1795654296875,0.018317017644842427,0.03355031676685532,0.38888107656668003,0.43534120800898213,0.17577771542433784,0.18823433774595583,0.7446194685854258,0.06714619366861826,1.0,1.0,1.0,1.0,False,False
