record_id,origin,ref,title,doi,arxiv_id,venue,peer_reviewed,task,dataset,fusion_inputs,n_operators,operators,param_matched,stat_test,cv_design,gap_claimed,stage2,stage2_reason,full_text_read,layer,notes
A0001,search,Jiang Y. (2027),EEG-SF2Net: A Dual-Stream Squeezeformer Fusion Network for Multiclass Classification of IIIC Events in Epileptiform and Periodic Brain Activities,10.1007/978-981-92-3485-1_27,,Lecture Notes in Computer Science,yes,IIIC / harmful brain activity,HMS (IIIC),1D-CNN raw + 2D-CNN Mel-spectrogram fusion; IIIC incl. seizure class,,,not stated in abstract,not stated in abstract,,,pending,,no,1,
A0014,search,Qu Y. (2026),A causal attention network with time frequency channel feature fusion for epileptic seizure prediction,10.1016/j.jneumeth.2025.110665,,Journal of Neuroscience Methods,yes,prediction,CHB-MIT; Freiburg,time-frequency-channel feature fusion; prediction,,,not stated in abstract,not stated in abstract,,,pending,,no,1,
A0018,search,Chawla S. (2026),Adaptive Multi-Scale Fusion and Uncertainty-Aware CNN-ViT for EEG Seizure Detection,10.1109/ic2pct68894.2026.11584424,,"Proceeding - 2026 IEEE 6th International Conference on Computing, Power, and Communication Technologies, IC2PCT 2026",yes,detection,CHB-MIT,local time-frequency + global ViT adaptive fusion; inputs unclear,,,not stated in abstract,not stated in abstract,,,pending,,no,1,
A0019,search,Mufeng Chen (2026),A dual-system approach for epilepsy diagnosis: integrating mamba-Bi-LSTM architecture with SHAP-based verification,10.1016/j.bea.2026.100218,2606.08240,arXiv (preprint); Biomedical Engineering Advances 11 (2026) 100218,no (arXiv),detection,not stated in abstract,EEG + clinical text fusion; epilepsy diagnosis rather than seizure detection,,,not stated in abstract,not stated in abstract,,,pending,,no,1,
A0022,search,A. K. Phuyal (2026),AdViT-RE: Adversarial Vision Transformer with Rényi Entropy for Multimodal Epileptic Seizure Prediction Using Wearable EEG and ECG,10.1109/eit68936.2026.11670343,,2026 IEEE International Conference on Electro Information Technology (eIT),yes,prediction,not stated in abstract,EEG+ECG fusion; prediction,,,not stated in abstract,not stated in abstract,,,pending,,no,1,
A0024,search,Chawla S. (2026),A Frequency-Aware CNN-Vision Transformer with Adaptive Multi-Scale Feature Fusion Framework for Real-Time EEG-Based Epileptic Seizure Detection,10.1109/esci68015.2026.11493313,,"2026 International Conference on Emerging Smart Computing and Informatics, ESCI 2026",yes,detection,CHB-MIT; Kaggle/AES,wavelet time-frequency and band-energy streams fused,,,not stated in abstract,not stated in abstract,,,pending,,no,1,
A0025,search,Chawla S. (2026),A FREQUENCY-AWARE CNN–VISION TRANSFORMER WITH ADAPTIVE MULTI-STREAM FEATURE FUSION AND UNCERTAINTY ESTIMATION FOR EEG SEIZURE DETECTION,10.26782/jmcms.2026.05.00002,,Journal of Mechanics of Continua and Mathematical Sciences,yes,detection,CHB-MIT,"temporal, spectral, spatial multi-stream fusion",,,not stated in abstract,not stated in abstract,,,pending,,no,1,
A0027,search,Li Z. (2026),A multi-feature fusion model with temporal convolution and vision transformer for epileptic seizure prediction,10.1016/j.bspc.2025.108628,,Biomedical Signal Processing and Control,yes,prediction,CHB-MIT; private/clinical,WaveConv and STFT branches with feature coupling; prediction,,,not stated in abstract,not stated in abstract,,,pending,,no,1,
A0028,search,Gunathilaka S. (2026),A Multi-Modal AI System for Epilepsy Diagnosis and Treatment Response,10.1109/eit68936.2026.11670359,,IEEE International Conference on Electro Information Technology,yes,detection,not stated in abstract,multi-task system; EEG time-frequency + GNN; MRI separate,,,not stated in abstract,not stated in abstract,,,pending,,no,1,
A0030,search,Patil A. (2026),A multimodal explainable-ai approach for deep-learning-based epileptic seizure detection,10.35882/jeeemi.v8i2.1380,,"Journal of Electronics, Electromedical Engineering, and Medical Informatics",yes,detection,CHB-MIT,DL features fused with handcrafted time/frequency/spatial features,,,not stated in abstract,not stated in abstract,,,pending,,no,1,
A0035,search,Ahmad I. (2026),An AI-Driven Interpretable Multiview Feature Learning Approach for EEG Based Epileptic Seizure Detection,10.1109/jbhi.2025.3604638,,IEEE Journal of Biomedical and Health Informatics,yes,detection,CHB-MIT; Bonn,time-domain and DFT frequency views fused,,,not stated in abstract,not stated in abstract,,,pending,,no,1,
A0037,search,Dharani V. (2026),An Enhanced Machine Learning–Based Multimodal Framework for Seizure Detection Using EEG and MRI Data,10.1002/dneu.70049,,Developmental Neurobiology,yes,detection,CHB-MIT,EEG+MRI fusion; detection,,,not stated in abstract,not stated in abstract,,,pending,,no,1,
A0038,search,Wang J. et al. (2026),An explainable multi-view representation fusion learning framework with hybrid MetaFormer for EEG-based epileptic seizure detection,10.1016/j.neucom.2026.132929,,Neurocomputing,yes,detection,CHB-MIT; Siena,two views (time-domain sub-segments and S-transform spectrogram),2,cross-attention feature-level fusion; concatenation (ablation),no (2.195 M parameters; ablation not matched),none,patient-specific leave-one-seizure-out + 5-fold,feature-level instead of decision-level multi-view fusion,include,,yes,2,discusses decision- vs feature-level fusion; single ablation comparison
A0046,search,Wang R. (2026),A time-frequency cross-attention network model for epileptic seizure detection,10.1038/s41598-026-41636-7,,Scientific Reports,yes,IIIC / harmful brain activity,Bonn; Kaggle/AES; HMS (IIIC),time-frequency cross-attention fusion; detection,,,not stated in abstract,not stated in abstract,,,pending,,no,1,
A0047,search,Srinivas K. (2026),A TRANSFER LEARNING APPROACH FOR EARLY DETECTION OF FEBRILE SEIZURES USING EEG AND CLINICAL FEATURES,,,Journal of Theoretical and Applied Information Technology,yes,prediction,not stated in abstract,EEG + clinical features attention fusion; febrile seizures,,,not stated in abstract,not stated in abstract,,,pending,,no,1,
A0052,search,Su T. (2026),CMEpiNet: Complex-Valued Multimodal Epilepsy Detection Network Model,10.3390/s26134186,,Sensors,yes,detection,not stated in abstract,complex-valued multimodal fusion; detection,,,not stated in abstract,not stated in abstract,,,pending,,no,1,
A0054,search,Su S. (2026),Cross-subject seizure detection with isochronous time–frequency gated attention and incremental graph bias,10.1016/j.bspc.2026.109699,,Biomedical Signal Processing and Control,yes,detection,not stated in abstract,time-frequency gated attention; detection,,,not stated in abstract,not stated in abstract,,,pending,,no,1,
A0056,search,Gopi K. (2026),DDFE-HCNN-E: A Dual-Domain Feature Fusion Hybrid CNN Ensemble Model for Automated Epileptic Seizure Detection,10.1109/iccids69108.2026.11407570,,ICCIDS 2026 - 9th International Conference on Computational Intelligence in Data Science,yes,detection,CHB-MIT,dual-domain feature fusion CNN ensemble; detection,,,not stated in abstract,not stated in abstract,,,pending,,no,1,
A0058,search,Al-Jumaili S. (2026),Deep Learning-Based Epileptic Seizure Classification in Neonates Using STFT-Transformed EEG Signals,10.1201/9781003611448-12,,Time-Frequency Analysis in Biomedical Engineering: Contemporary Methods and Applications,yes,detection,not stated in abstract,"spectrogram images, multi-branch fusion ""from several sources""",,,not stated in abstract,not stated in abstract,,,pending,,no,1,
A0059,search,B A.D. (2026),Deep learning-based epileptic seizure detection from EEG signals and PPG signals using LSTM and CNN models,10.1080/00207454.2026.2621855,,International Journal of Neuroscience,yes,detection,not stated in abstract,EEG+PPG; detection,,,not stated in abstract,not stated in abstract,,,pending,,no,1,
A0063,search,Qian Y. (2026),Dual-path complementary attention network for neonatal seizure detection,10.1016/j.bspc.2026.110151,,Biomedical Signal Processing and Control,yes,detection,not stated in abstract,dual-path domain-specific features with cross-domain interaction; neonatal,,,not stated in abstract,not stated in abstract,,,pending,,no,1,
A0064,search,Ma R. (2026),Dual-topology dynamic graph convolution-based spatial-spectral feature fusion network for patient-specific seizure detection,10.1007/s40747-026-02358-5,,Complex and Intelligent Systems,yes,detection,not stated in abstract,spatial-spectral multi-domain feature fusion; detection,,,not stated in abstract,not stated in abstract,,,pending,,no,1,
A0065,search,Dutta S.S. (2026),DuoQ-EpiNet: a dual-track quantum–classical convolutional neural network for EEG-based epilepsy seizure detection,10.1140/epjqt/s40507-026-00500-3,,EPJ Quantum Technology,yes,detection,CHB-MIT; Bonn,handcrafted+1D CNN track and scalogram track fused,,,not stated in abstract,not stated in abstract,,,pending,,no,1,
A0067,search,Unnisa Z. (2026),EEG-based harmful brain activity classification using deep learning and feature fusion,10.1038/s41598-026-48670-5,,Scientific Reports,yes,IIIC / harmful brain activity,HMS (IIIC),dual 1D CNN feature-level fusion; seizure and seizure-like patterns,,,not stated in abstract,not stated in abstract,,,pending,,no,1,
A0072,search,V. Hariharan (2026),EEG-FuseFormer: A Transformer-Driven Feature Fusion Framework for Seizure Onset Prediction,10.1109/i2mtc66907.2026.11694865,2606.02166,2026 IEEE International Instrumentation and Measurement Technology Conference (I2MTC),yes,prediction,CHB-MIT,raw (CNN-LSTM) + STFT (ResNet-18) transformer fusion; prediction,,,not stated in abstract,not stated in abstract,,,pending,,no,1,
A0079,search,Yao D. (2026),Epilepsy seizure prediction based on ViT-2DCNN spatio-temporal fusion model,10.1088/2057-1976/ae744a,,Biomedical Physics and Engineering Express,yes,prediction,CHB-MIT,STFT + spatial entropy map dual-branch gated fusion; prediction,,,not stated in abstract,not stated in abstract,,,pending,,no,1,
A0080,search,Anita M. (2026),Epileptical Seizure Classification from Electroencephalography Signals and 2-D Images: A Comprehensive Approach,10.1007/978-3-032-13026-6_17,,Communications in Computer and Information Science,yes,seizure-type classification,not stated in abstract,EEG signals + 2-D images; seizure classification,,,not stated in abstract,not stated in abstract,,,pending,,no,1,
A0082,search,Ge Z. (2026),Epileptic Seizure Detection via TFN-GAT-Based Enhanced EEG Decoding,10.1007/978-981-95-4045-7_29,,Lecture Notes in Electrical Engineering,yes,detection,not stated in abstract,"time, frequency and nonlinear feature integration; detection",,,not stated in abstract,not stated in abstract,,,pending,,no,1,
A0084,search,Khalid A.-M. (2026),Equation-level parameterized fusion reformulation for multimodal epileptic seizure detection using interaction control and data-quality screening,10.3389/frsip.2026.1745291,,Frontiers in Signal Processing,yes,detection,private/clinical,EEG+ECG+EMG+ACC parameterised fusion; detection,,,not stated in abstract,not stated in abstract,,,pending,,no,1,
A0087,search,An J. et al. (2026),fastSeizureNet: Accurate and efficient knowledge-data fusion for semi-supervised seizure detection,10.1016/j.neunet.2026.109078,,Neural Networks,yes,detection,CHB-MIT; CHSZ,approximated handcrafted features + deep features from raw EEG,5,concat; sum; intra-feature attention; inter-feature attention (deep queries); inter-feature attention (manual queries),no (attention variants add parameters; not discussed),"Wilcoxon + Holm, only proposed method vs baselines; none between fusion operators","within-patient 5-fold and cross-patient leave-one-patient-out; 3 backbones (EEGNet, TIE-EEGNet, CE-stSENet); semi-supervised",explores multiple knowledge-data fusion strategies,include,,yes,3,"closest work: >=3 operators compared for EEG seizure detection; concat best within-patient, attention variants better cross-patient; no matching, no operator-level test, no equivalence"
A0088,search,Arulmurugan V.S. (2026),Federated learning-enabled privacy-preserving framework for seizure forecasting and affective state analysis using multi-modal EEG-ECG data,10.1038/s41598-026-50003-5,,Scientific Reports,yes,prediction,not stated in abstract,EEG+ECG; forecasting,,,not stated in abstract,not stated in abstract,,,pending,,no,1,
A0090,search,Khalid A.-M. (2026),Fusion-aware Ensemble Learning for Robust Multimodal Epileptic Seizure Detection Under Cross-dataset Distribution Shifts,10.22266/ijies2026.0930.22,,International Journal of Intelligent Engineering and Systems,yes,detection,private/clinical,multimodal decision-level ensemble; detection,,,not stated in abstract,not stated in abstract,,,pending,,no,1,
A0092,search,C. Yang (2026),GCF-SeizNet: A Dual-Modal Gated Co-Attention Fusion Network for Neonatal Seizure Detection,10.1109/prml71097.2026.11687150,,2026 7th International Conference on Pattern Recognition and Machine Learning (PRML),yes,detection,private/clinical,EEG+video gated co-attention; neonatal detection,,,not stated in abstract,not stated in abstract,,,pending,,no,1,
A0094,search,Feng J. (2026),IESS-FusionNet: Physiologically Inspired EEG-EMG Fusion with Linear Recurrent Attention for Infantile Epileptic Spasms Syndrome Detection,10.3390/bioengineering13010057,,Bioengineering,yes,detection,private/clinical,EEG+EMG; infantile spasms detection,,,not stated in abstract,not stated in abstract,,,pending,,no,1,
A0095,search,Kumar M. (2026),Implementing a Novel Framework for Focal and Generalized Epilepsy Classification using Adaptive VAE with Dense Bi-GRU through Multimodal Data-guided Feature Fusion,10.5815/ijisa.2026.04.10,,International Journal of Intelligent Systems and Applications,yes,detection,Kaggle/AES,STFT images + wearable sensor data fusion (different datasets; doubtful),,,not stated in abstract,not stated in abstract,,,pending,,no,1,
A0096,search,Mounika S. (2026),Improved attention-based PCNN with GhostNet for epilepsy seizure detection using EEG and fMRI modalities: extractive pattern and histogram feature set,10.3389/frai.2025.1679218,,Frontiers in Artificial Intelligence,yes,detection,CHB-MIT,EEG+fMRI; detection,,,not stated in abstract,not stated in abstract,,,pending,,no,1,
A0100,search,J. An (2026),KDF-DIL: Knowledge-Data Fusion for Domain Incremental Seizure Detection,10.1109/jbhi.2026.3738399,,IEEE Journal of Biomedical and Health Informatics,yes,detection,not stated in abstract,manual features + deep representations fusion,,,not stated in abstract,not stated in abstract,,,pending,,no,1,
A0102,search,Basheer R. et al. (2026),Learning feature-wise temporal-spatial gating with Kolmogorov-Arnold networks for EEG seizure detection,10.1016/j.patrec.2026.07.016,,Pattern Recognition Letters,yes,detection,TUSZ; CHB-MIT,Bi-Mamba temporal encoder and hypergraph spatial encoder on the same EEG,3,concatenation; element-wise addition; KAN feature-wise gating,not stated,paired t-test over 6 random seeds (uncorrected),fixed TUSZ split; CHB-MIT retraining,non-uniform per-feature gating vs symmetric fusion,exclude,2,yes,2,"same-input temporal/spatial streams, not two representations; relevant as a 3-operator comparison with seed repeats"
A0109,search,Mei Y. (2026),MF-TopoNet: A Multi-Frequency Topological Neural Network for Epileptic Seizure Prediction,10.3390/s26175623,,Sensors,yes,prediction,CHB-MIT; Siena,raw EEG + functional brain network inputs; prediction,,,not stated in abstract,not stated in abstract,,,pending,,no,1,
A0111,search,Masum Rana M. (2026),MIVT: Medical-Informed Vision Transformer for Early Epilepsy Diagnosis,10.1007/978-981-96-9533-1_23,,Lecture Notes in Networks and Systems,yes,prediction,not stated in abstract,multimodal neuroimaging ViT; inputs unclear,,,not stated in abstract,not stated in abstract,,,pending,,no,1,
A0115,search,Hou W. (2026),MSM-TSFNet: A Multi-Stage Memory-augmented Temporal–Spectral Fusion Network for EEG-based epileptic seizure detection,10.1016/j.bspc.2026.110712,,Biomedical Signal Processing and Control,yes,detection,CHB-MIT; Siena,temporal-spectral fusion; detection,,,not stated in abstract,not stated in abstract,,,pending,,no,1,
A0122,search,Zhao Y. (2026),Multimodal feature representation and enhancement EEG signal processing for epilepsy detection,10.1016/j.measurement.2025.119877,,Measurement: Journal of the International Measurement Confederation,yes,detection,CHB-MIT; Bonn; New Delhi,two image representations of EEG (original sequence and dynamic change imaging) fused,,,not stated in abstract,not stated in abstract,,,pending,,no,1,
A0126,search,Chowdary M.H. (2026),Multiscale Deep Learning for EEG-Based Seizure Detection Bridging Validation Performance and Clinical Deployment,10.1109/iccad69956.2026.11643149,,"2026 International Conference on Control, Automation and Diagnosis, ICCAD 2026",yes,detection,not stated in abstract,time- and frequency-domain dual-stream with attention fusion; also reports evaluation-deployment gap,,,not stated in abstract,not stated in abstract,,,pending,,no,1,
A0127,search,Qin Y. (2026),Multi-scale spatio-temporal-spectral sparse attention-based hierarchical graph convolutional network for seizure prediction,10.1016/j.knosys.2026.115429,,Knowledge-Based Systems,yes,prediction,CHB-MIT; Siena,wavelet spectral transformer and temporal Mamba branches fused (with graph); prediction,,,not stated in abstract,not stated in abstract,,,pending,,no,1,
A0128,search,Qian Y. (2026),MWAM-CNN: A Multimodal Convolutional Neural Network Integrating Wavelet Transform and Attention Mechanism for Neonatal Seizures Detection,10.1016/j.irbm.2026.100953,,IRBM,yes,detection,Helsinki neonatal,"four-path parallel CNN (spatial topographic, wavelet) adaptive fusion; inputs unclear",,,not stated in abstract,not stated in abstract,,,pending,,no,1,
A0135,search,Hema P. (2026),Optimized Seizure Detection in EEG Using Dual-Branch Feature Fusion and Machine Learning Technique,10.1002/dneu.70014,,Developmental Neurobiology,yes,detection,not stated in abstract,dual-branch DL feature extractor (spatial-temporal and spectral) with classical classifiers,,,not stated in abstract,not stated in abstract,,,pending,,no,1,
A0136,search,Khalid A.-M. (2026),Parameterized Multimodal Feature Fusion for Explainable Seizure Detection Using PCA and SHAP,10.3390/appliedmath6030049,,AppliedMath,yes,detection,not stated in abstract,"EEG+ECG+EMG+ACC parameterised feature fusion, classical and DL classifiers",,,not stated in abstract,not stated in abstract,,,pending,,no,1,
A0138,search,Jiang Y. (2026),Power and Phase Fusion Spectrogram with Three-Dimensional Convolution and Vision Transformer for Seizure Detection,10.3390/diagnostics16132012,,Diagnostics,yes,detection,CHB-MIT,power and phase spectrogram fusion; detection,,,not stated in abstract,not stated in abstract,,,pending,,no,1,
A0144,search,Zuo Y. (2026),Reliable decision making on clinical EEG: Trusted multi-view learning with subjective logic for uncertainty quantification,10.1016/j.eswa.2025.129453,,Expert Systems with Applications,yes,detection,not stated in abstract,"temporal, spectral and time-frequency views with belief fusion; seizure detection among four tasks",,belief fusion of three views vs multi-view baselines,not stated in abstract,not stated in abstract,,,pending,,no,2,
A0145,search,Z. Zhu (2026),Research on Epilepsy Warning Based on Multimodal Feature Fusion and Adaptive Deep Learning,10.1109/icaide69370.2026.11604488,,2026 2nd International Conference on Artificial Intelligence and Digital Ethics (ICAIDE),yes,prediction,CHB-MIT,handcrafted spatio-temporal-spectral features + dual-path network; precursor detection,,,not stated in abstract,not stated in abstract,,,pending,,no,1,
A0146,search,Wang Z. (2026),Research on Epileptic Seizure Detection in EEG Signals Based on a Dual-Stream Architecture,10.1007/978-981-95-6817-8_9,,Lecture Notes in Electrical Engineering,yes,detection,not stated in abstract,time-frequency dual-stream with adaptive weighting; detection,,,not stated in abstract,not stated in abstract,,,pending,,no,1,
A0152,search,Gnanaguru G. (2026),Temporal Fusion Transformer-Based Multimodal Approach for Epileptic Seizure Prediction,10.1007/978-3-032-23945-7_25,,Lecture Notes in Networks and Systems,yes,prediction,not stated in abstract,"""multimodal"" temporal fusion transformer; modalities not stated",,,not stated in abstract,not stated in abstract,,,pending,,no,1,
A0157,search,Argha Kamal Samanta (2026),Wave2Word: A Multimodal Transformer Framework for Joint EEG-Text Alignment and Multi-Task Representation Learning in Neurocritical Care,,2601.00670,arXiv (preprint),no (arXiv),IIIC / harmful brain activity,not stated in abstract,EEG-text alignment; seizure and harmful patterns,,,not stated in abstract,not stated in abstract,,,pending,,no,1,
A0172,search,Lin Y. (2025),A Graph-Transformer Fusion Network Based on Multimodal Brain Connectivity for Epileptic Seizure Prediction,10.1109/ccpqt66408.2025.11383053,,"Proceeding of 2025 IEEE 4th International Conference on Computing, Communication, Perception and Quantum Technology, CCPQT 2025",yes,prediction,CHB-MIT,"multimodal brain-network graph branch + Transformer sequence branch, cross-branch fusion; prediction",,,not stated in abstract,not stated in abstract,,,pending,,no,1,
A0199,search,Justin London (2025),"Biomedical Signal Processing: EEG and ECG Classification with Discrete Wavelet Transforms, Energy Distribution, and Convolutional Neural Networks",,2508.08602,arXiv (preprint),no (arXiv),detection,not stated in abstract,"multiple image encodings (GAF, RP, MTF) fused; seizure task among several",,,not stated in abstract,not stated in abstract,,,pending,,no,1,
A0201,search,Mokhiamar M.O. (2025),Blockchain-integrated multi-modal LSTM-CNN fusion for high-precision epileptic seizure detection from EEG signals,10.1016/j.knosys.2025.113703,,Knowledge-Based Systems,yes,prediction,private/clinical,"spectrogram + LSTM-CNN ""multimodal""; branch inputs unclear",,,not stated in abstract,not stated in abstract,,,pending,,no,1,
A0204,search,Wang Y. (2025),CMTS-GNN: a cross-modal temporal-spectral graph neural network with cognitive network explainability,10.3389/fneur.2025.1700161,,Frontiers in Neurology,yes,detection,CHB-MIT; private/clinical,cross-modal temporal-spectral GNN; infantile spasms,,,not stated in abstract,not stated in abstract,,,pending,,no,1,
A0205,search,Malinin I.I. (2025),Concept of a Pipeline System for Automatic Markup and Prediction of Epileptic Seizures Based on Multimodal Analysis of EEG and Video Data,10.1109/scm66446.2025.11060088,,"Proceedings of 2025 28th International Conference on Soft Computing and Measurements, SCM 2025",yes,prediction,not stated in abstract,EEG+video pipeline (concept),,,not stated in abstract,not stated in abstract,,,pending,,no,1,
A0218,search,Wang Z. (2025),DistilCLIP-EEG: Enhancing Epileptic Seizure Detection Through Multi-modal Learning and Knowledge Distillation,10.1109/jbhi.2025.3603022,2510.13497,IEEE Journal of Biomedical and Health Informatics,yes,detection,CHB-MIT; TUSZ/TUH,EEG + text multimodal (CLIP) with distillation; detection,,,not stated in abstract,not stated in abstract,,,pending,,no,1,
A0229,search,Nagoor Meeral M. (2025),End-to-End Deep Learning Framework for Automated Epilepsy Diagnosis from EEG Data,10.1109/rcsm67767.2025.11506764,,"2025 IEEE 1st International Conference on Recent Trends in Computing and Smart Mobility, RCSM 2025",yes,detection,not stated in abstract,raw signal and wavelet frequency representations cross-modal fusion with graph learning,,,not stated in abstract,not stated in abstract,,,pending,,no,1,
A0236,search,Zhang Y. (2025),Epileptic Seizure Prediction and Detection Based on Limited-Channel EEG Signals,10.1109/icsps66615.2025.11347624,,"Proceedings - 2025 17th International Conference on Signal Processing Systems, ICSPS 2025",yes,prediction,CHB-MIT,dual-branch time- and frequency-domain fusion; prediction and detection,,,not stated in abstract,not stated in abstract,,,pending,,no,1,
A0239,search,Dasdemir & Kahramanli Ornek (2025),Epileptic seizure prediction with deep learning-based fusion methods,10.1016/j.jestch.2025.102212,,"Engineering Science and Technology, an International Journal",yes,prediction,CHB-MIT (18 patients),raw EEG (TCN-GRU) + STFT (2D-CNN-GRU),2,decision-level (calibrated IT2-weighted average of posteriors); feature-level (learnable IT2-inspired per-dimension gate),no (0.214 M vs 0.169 M; single-branch baseline only),none (means compared descriptively),patient-specific 5-fold over recordings (not subject-independent),"'fair, protocol-controlled comparison of two fusion strategies'",include,,yes,3,closest prior work on raw+STFT; 97.70 vs 97.50 accuracy without a test
A0244,search,Alkhrijah Y. (2025),Feature fusion ensemble classification approach for epileptic seizure prediction using electroencephalographic bio-signals,10.3389/fmed.2025.1566870,,Frontiers in Medicine,yes,prediction,CHB-MIT,handcrafted time/frequency features concatenated with 1D-CNN features; prediction,,,not stated in abstract,not stated in abstract,,,pending,,no,1,
A0246,search,Wang J. (2025),FF-DGAT: Feature Fusion Dual Graph Attention Network for Epileptic Seizure Detection Based on EEG Channel Correlation,,,Journal of Network Intelligence,yes,detection,CHB-MIT,two parallel GATs (spatial / frequency-domain features?) fused,,,not stated in abstract,not stated in abstract,,,pending,,no,1,
A0252,search,Rajeev A. (2025),Hybrid Feature Fusion for EEG-Based Seizure Detection: A Deep vs Shallow Model Analysis,10.1109/ice367573.2025.11448935,,"2025 International Conference on Electrical and Electronics Engineering, ICE3 2025",yes,detection,not stated in abstract,raw EEG concatenated with statistical/spectral features; shallow ANN vs 1D CNN,,raw + statistical features concatenated; shallow ANN vs 1D CNN,not stated in abstract,not stated in abstract,,,pending,,no,2,
A0254,search,Hasija T. et al. (2025),Improving wearable-based seizure prediction by feature fusion using an explainable growing network,10.1016/j.artmed.2025.103228,,Artificial Intelligence in Medicine,yes,prediction,Boston Children's LTM wearable data,wearable EDA/HR/ACC/BVP features; EEG used only for seizure labels,2,all-at-once fusion; growing network,not stated,not stated,patient-agnostic,,exclude,1,yes,,no EEG model input
A0262,search,Batra A. (2025),MASF-FB: Multi-Attention Spatio-Frequency Fusion for Epileptic Seizure Prediction,10.1109/punecon67554.2025.11379240,,"2025 IEEE Pune Section International Conference, PuneCon 2025",yes,prediction,CHB-MIT,spatiotemporal and frequency branches fused; prediction,,,not stated in abstract,not stated in abstract,,,pending,,no,1,
A0267,search,Khan M.A.R. (2025),MultiEpilepsyNet: An EEG and MRI data based multimodal seizure detection model using hybrid deep learning model,10.1016/j.brainresbull.2025.111645,,Brain Research Bulletin,yes,detection,CHB-MIT,EEG + MRI multimodal; detection,,,not stated in abstract,not stated in abstract,,,pending,,no,1,
A0268,search,Thakare V.S. (2025),Multimodal Attention Guided Optimized Temporal Network for Epileptic Seizure Detection,10.22266/ijies2025.1130.36,,International Journal of Intelligent Engineering and Systems,yes,prediction,TUSZ/TUH,EEG + ECG cross-modality attention; detection,,,not stated in abstract,not stated in abstract,,,pending,,no,1,
A0270,search,Thakare V.S. (2025),Multimodality Deep Learning Fusion Based Epileptic Seizure Detection,10.22266/ijies2025.0331.49,,International Journal of Intelligent Engineering and Systems,yes,detection,TUSZ/TUH,EEG + ECG + facial cues fusion; detection,,,not stated in abstract,not stated in abstract,,,pending,,no,1,
A0277,search,Huang C. (2025),Multi-View Temporal Fusion with Clustering Optimization for Robust Epileptic Seizure Prediction,10.1109/icmlca66850.2025.11336386,,"2025 6th International Conference on Machine Learning and Computer Application, ICMLCA 2025",yes,prediction,not stated in abstract,"multi-branch temporal, spectral and spatial features fused; prediction",,,not stated in abstract,not stated in abstract,,,pending,,no,1,
A0281,search,Kumbam V.R. (2025),Optimal Feature Selection and Classification Model for Multi-Modality Epilepsy Detection,10.1007/978-981-96-3420-0_41,,"Smart Innovation, Systems and Technologies",yes,detection,not stated in abstract,"cross-reference learning on ""multi-modal EEG"" features",,,not stated in abstract,not stated in abstract,,,pending,,no,1,
A0284,search,Liu Y. (2025),Phase spectrogram of EEG from S-transform Enhances epileptic seizure detection,10.1016/j.eswa.2024.125621,,Expert Systems with Applications,yes,detection,CHB-MIT; Bonn,phase and power spectra dual-stream CNN; detection,,,not stated in abstract,not stated in abstract,,,pending,,no,1,
A0287,search,Wen-wen C. (2025),Research on Epilepsy Classification and Recognition Based on Multi-Domain Feature Fusion via Multi-Head Cross-Attention Mechanism; [基于多头交叉注意力机制融合多域特征的癫痫分类识别研究],10.12263/dzxb.20250911,,Tien Tzu Hsueh Pao/Acta Electronica Sinica,yes,prediction,not stated in abstract,"CWT images + multi-domain features, multi-head cross-attention fusion",,,not stated in abstract,not stated in abstract,,,pending,,no,1,
A0313,search,Zhang F. (2024),A multi-frame network model based on time-frequency analysis for epilepsy prediction,10.23919/ccc63176.2024.10662334,,"Chinese Control Conference, CCC",yes,detection,CHB-MIT,"STFT and wavelet-packet representations, multi-frame network; prediction",,,not stated in abstract,not stated in abstract,,,pending,,no,1,
A0315,search,Saeizadeh A. (2024),A Multi-Modal Non-Invasive Deep Learning Framework for Progressive Prediction of Seizures,10.1109/bsn63547.2024.10780713,2410.20066,"2024 IEEE 20th International Conference on Body Sensor Networks, BSN 2024 - Proceedings",yes,prediction,not stated in abstract,EEG + ECG multimodal; progressive prediction,,,not stated in abstract,not stated in abstract,,,pending,,no,1,
A0318,search,Zougagh L. (2024),A New Approach for Epileptic Seizure Detection from EEG and ECG Signals Using Wavelet Decomposition,10.1007/978-3-031-52388-5_33,,Lecture Notes in Networks and Systems,yes,detection,CHB-MIT,EEG + ECG features with MLP; detection,,,not stated in abstract,not stated in abstract,,,pending,,no,1,
A0320,search,Sun C. (2024),A novel multi-feature fusion attention neural network for the recognition of epileptic EEG signals,10.3389/fncom.2024.1393122,,Frontiers in Computational Neuroscience,yes,detection,Bonn; Bern-Barcelona,"Hilbert spectrum and grayscale recurrence plot branches, self-attention fusion",,,not stated in abstract,not stated in abstract,,,pending,,no,1,
A0321,search,Liang J. (2024),Application of EEG and EMG Signals in Multi-Classification of Epilepsy,10.1109/prml62565.2024.10779807,,"2024 IEEE 5th International Conference on Pattern Recognition and Machine Learning, PRML 2024",yes,detection,not stated in abstract,EEG + EMG multi-domain features; seizure classification,,,not stated in abstract,not stated in abstract,,,pending,,no,1,
A0332,search,T. M. Ingolfsson (2024),BrainFuseNet: Enhancing Wearable Seizure Detection Through EEG-PPG-Accelerometer Sensor Fusion and Efficient Edge Deployment,10.1109/tbcas.2024.3395534,,IEEE Transactions on Biomedical Circuits and Systems,yes,detection,CHB-MIT,EEG + PPG + accelerometer fusion; wearable detection,,,not stated in abstract,not stated in abstract,,,pending,,no,1,
A0334,search,Bhatti S.S. (2024),Comparative Analysis of Deep Learning Approaches for Harmful Brain Activity Detection Using EEG,10.1109/cict64037.2024.10899480,2412.07878,"2024 IEEE 8th International Conference on Information and Communication Technology, CICT 2024",yes,IIIC / harmful brain activity,not stated in abstract,raw waveform and CWT spectrogram representations compared/combined; harmful brain activity,,,not stated in abstract,not stated in abstract,,,pending,,no,1,
A0339,search,Ali Saeizadeh (2024),Demo: Multi-Modal Seizure Prediction System,,2411.05817,arXiv (preprint),no (arXiv),prediction,not stated in abstract,EEG + ECG (and iEEG) system demo; prediction,,,not stated in abstract,not stated in abstract,,,pending,,no,1,
A0340,search,Aluvalu (2024),Designing a cognitive smart healthcare framework for seizure prediction using multimodal convolutional neural network,10.1007/s11571-023-10049-x,,COGNITIVE NEURODYNAMICS,yes,prediction,not stated in abstract,multimodal CNN with cross-attention fusion; modalities not stated,,,not stated in abstract,not stated in abstract,,,pending,,no,1,
A0341,search,Wang B. (2024),Detection Method of Epileptic Seizures Using a Neural Network Model Based on Multimodal Dual-Stream Networks,10.3390/s24113360,,Sensors,yes,detection,Bonn; New Delhi,"differential, amplitude-spectrum and phase-spectrum inputs, dual-stream; detection",,,not stated in abstract,not stated in abstract,,,pending,,no,1,
A0346,search,Y. Ding (2024),EEG-Based Seizure Prediction Using Squeeze-and-Excitation Feature Fusion Network,10.1109/icce-taiwan62264.2024.10674523,,2024 International Conference on Consumer Electronics - Taiwan (ICCE-Taiwan),yes,prediction,CHB-MIT,temporal and spectral features fused with squeeze-and-excitation; prediction,,,not stated in abstract,not stated in abstract,,,pending,,no,1,
A0356,search,Liu X. (2024),Epileptic seizure prediction based on EEG using pseudo-three-dimensional CNN,10.3389/fninf.2024.1354436,,Frontiers in Neuroinformatics,yes,prediction,CHB-MIT,handcrafted features fused with spatial/temporal EEG structure into P3D-CNN; prediction,,,not stated in abstract,not stated in abstract,,,pending,,no,1,
A0360,search,Aboyeji S.T. (2024),Feature Fusion of Gramian Angular Field Deep Learning EEG-Based Epileptic Seizure Classification,10.1109/i-create62067.2024.10776422,,"2024 17th International Convention on Rehabilitation Engineering and Assistive Technology, i-CREATe 2024 and World Rehabilitation Robot Convention, WRRC 2024 - Proceedings",yes,detection,Bonn,"GASF and GADF images in parallel CNNs, feature fusion",,,not stated in abstract,not stated in abstract,,,pending,,no,1,
A0364,search,Dharani V. (2024),Integrative Approach for Automated Epileptic Seizure Detection: EEG-MRI Hybrid Model Utilizing Deep Learning Techniques,10.1109/icdici62993.2024.10810967,,"Proceedings of the 5th International Conference on Data Intelligence and Cognitive Informatics, ICDICI 2024",yes,detection,not stated in abstract,EEG + MRI hybrid DL; detection,,,not stated in abstract,not stated in abstract,,,pending,,no,1,
A0367,search,R. Peng (2024),Knowledge-Data Fusion Based Source-Free Semi-Supervised Domain Adaptation for Seizure Subtype Classification,10.1109/smc54092.2024.10831339,,"2024 IEEE International Conference on Systems, Man, and Cybernetics (SMC)",yes,seizure-type classification,TUSZ/TUH,"raw-EEG transformer and feature-driven decision tree, knowledge-data fusion; seizure subtypes",,,not stated in abstract,not stated in abstract,,,pending,,no,1,
A0368,search,Zhang J. (2024),Learning Robust Representations of Tonic-Clonic Seizures with Cyclic Transformer,10.1109/jbhi.2024.3375123,,IEEE Journal of Biomedical and Health Informatics,yes,detection,not stated in abstract,multimodal wearable TCS detection; modalities not stated,,,not stated in abstract,not stated in abstract,,,pending,,no,1,
A0369,search,Ravindranath M. (2024),MMA: metadata supported multi-variate attention for onset detection and prediction,10.1007/s10618-024-01008-z,,Data Mining and Knowledge Discovery,yes,prediction,not stated in abstract,EEG + ICP + ECG + ABP multimodal LSTM; onset detection/prediction,,,not stated in abstract,not stated in abstract,,,pending,,no,1,
A0370,search,Azhar A. (2024),Modeling Clinical Decision Variability in Explainable Multimodal Seizure Detection,,,Proceedings of Machine Learning Research,yes,IIIC / harmful brain activity,not stated in abstract,BiLSTM/GNN/WaveNet/ResNet combination on EEG; harmful brain activity,,,not stated in abstract,not stated in abstract,,,pending,,no,1,
A0372,search,Ahmad I. (2024),Multi-Feature Fusion-Based Convolutional Neural Networks for EEG Epileptic Seizure Prediction in Consumer Internet of Things,10.1109/tce.2024.3363166,,IEEE Transactions on Consumer Electronics,yes,seizure-type classification,not stated in abstract,handcrafted and deep features concatenated in a fusion module; prediction,,,not stated in abstract,not stated in abstract,,,pending,,no,1,
A0373,search,R. Damseh (2024),Multimodal EEG-fNIRS Seizure Pattern Decoding Using Vision Transformer,10.1109/ojcs.2024.3500032,,IEEE Open Journal of the Computer Society,yes,detection,not stated in abstract,EEG + fNIRS ViT; seizure patterns,,,not stated in abstract,not stated in abstract,,,pending,,no,1,
A0382,search,Pan W.-X. (2024),SeizureGuard: An adaptive fusion converter model for seizure prediction,10.1109/bibm62325.2024.10822245,,"Proceedings - 2024 IEEE International Conference on Bioinformatics and Biomedicine, BIBM 2024",yes,prediction,CHB-MIT,"time, frequency and channel features in three convolutional branches; prediction",,,not stated in abstract,not stated in abstract,,,pending,,no,1,
A0386,search,J. Cao (2024),Synchronized Video and EEG Based Childhood Epilepsy Seizure Detection,10.1109/tetci.2024.3372387,,IEEE Transactions on Emerging Topics in Computational Intelligence,yes,detection,private/clinical,synchronised video + EEG; childhood detection,,,not stated in abstract,not stated in abstract,,,pending,,no,1,
A0389,search,Sunkara M. (2024),Tri-SeizureDualNet: A novel multimodal brain seizure detection using triple stream skipped feature extraction module entrenched dual parallel attention transformer,10.1016/j.bspc.2023.105593,,Biomedical Signal Processing and Control,yes,prediction,CHB-MIT,EEG + fMRI (separate databases) fusion; doubtful pairing,,,not stated in abstract,not stated in abstract,,,pending,,no,1,
A0392,search,Chen L. (2023),A Deep Learning Method for Classification of Interictal and Preictal EEG Signals in Epileptic Seizure Prediction,10.1109/icnisc60562.2023.00038,,"Proceedings - 2023 9th Annual International Conference on Network and Information Systems for Computers, ICNISC 2023",yes,prediction,CHB-MIT,time-domain and frequency-domain branches fused; prediction,,,not stated in abstract,not stated in abstract,,,pending,,no,1,
A0405,search,Kumbam V.R. (2023),Cross Model Attention based Deep Learning for Multi Modal Epilepsy Detection,10.22266/ijies2023.1031.07,,International Journal of Intelligent Engineering and Systems,yes,detection,Bonn,cross-model attention over EEG modalities vs feature/decision fusion,,cross-model attention vs feature/decision fusion (per abstract),not stated in abstract,not stated in abstract,,,pending,,no,2,
A0407,search,Y. Wang (2023),Dynamic Multi-Graph Convolution-Based Channel-Weighted Transformer Feature Fusion Network for Epileptic Seizure Prediction,10.1109/tnsre.2023.3321414,,IEEE Transactions on Neural Systems and Rehabilitation Engineering,yes,prediction,CHB-MIT; private/clinical,"temporal, spatial and spectral branches, channel-weighted transformer fusion; prediction",,,not stated in abstract,not stated in abstract,,,pending,,no,1,
A0412,search,Mohammad F. (2023),Epileptic Seizures Diagnosis Using Amalgamated Extremely Focused EEG Signals and Brain MRI,10.32604/cmc.2023.032552,,"Computers, Materials and Continua",yes,detection,not stated in abstract,EEG + MRI fusion,,,not stated in abstract,not stated in abstract,,,pending,,no,1,
A0415,search,Einizade A. et al. (2023),Explainable automated seizure detection using attentive deep multi-view networks,10.1016/j.bspc.2022.104076,,Biomedical Signal Processing and Control,yes,detection,TUH (62 subjects),raw multichannel EEG + wavelet packet decomposition + handcrafted features (three views),4,majority vote; average; concatenation; attention-weighted fusion,not stated,none (mean +- SD over LOSO folds; differences 0.84-0.86 within SD 0.03-0.07),leave-one-subject-out,dynamic view weighting instead of equal-weight concatenation,include,,yes,3,"closest work: 4 operators, subject-wise, but no test, no matching; operators overlap within SD"
A0416,search,Sadam S.P. (2023),Feature Fusion of Time-frequency and Deep Learning Features for Epileptic Seizure Detection using EEG Signals,10.37391/ijeer.110329,,International Journal of Electrical and Electronics Research,yes,detection,CHB-MIT; HMS (IIIC),time-frequency and DL features fused,,,not stated in abstract,not stated in abstract,,,pending,,no,1,
A0420,search,Ilias L. (2023),Multimodal detection of epilepsy with deep neural networks,10.1016/j.eswa.2022.119010,,Expert Systems with Applications,yes,detection,Bonn,raw-EEG CNN branches + STFT image EfficientNet branch; multimodal DNN,,,not stated in abstract,not stated in abstract,,,pending,,no,1,
A0422,search,Khan S.U. (2023),Robust Epileptic Seizure Detection Using Long Short-Term Memory and Feature Fusion of Compressed Time–Frequency EEG Images,10.3390/s23239572,,Sensors,yes,detection,Bonn,CWT images (autoencoder) + statistical features fused,,,not stated in abstract,not stated in abstract,,,pending,,no,1,
A0426,search,Wang Y. (2022),A Cross-patient SEEG Epileptic Signal Detection Method Based on Adaptive Feature Fusion of Brain Network Features and Single-Channel Features,10.1145/3574198.3574224,,ACM International Conference Proceeding Series,yes,detection,not stated in abstract,"brain-network features + single-channel CNN features, adaptive fusion; SEEG epileptic signal detection",,,not stated in abstract,not stated in abstract,,,pending,,no,1,
A0428,search,Yang Y. (2022),A Multimodal AI System for Out-of-Distribution Generalization of Seizure Identification,10.1109/jbhi.2022.3157877,,IEEE Journal of Biomedical and Health Informatics,yes,detection,TUSZ/TUH; private/clinical,EEG + ECG; out-of-distribution seizure identification,,,not stated in abstract,not stated in abstract,,,pending,,no,1,
A0440,search,Jiang T. (2022),Early seizure detection in childhood focal epilepsy with electroencephalogram feature fusion on deep autoencoder learning and channel correlations,10.1007/s11045-022-00839-7,,Multidimensional Systems and Signal Processing,yes,prediction,private/clinical,convolutional-autoencoder spectral features + channel-correlation features fused,,,not stated in abstract,not stated in abstract,,,pending,,no,1,
A0443,search,Pan Y. (2022),Epileptic Seizure Detection with Hybrid Time-Frequency EEG Input: A Deep Learning Approach,10.1155/2022/8724536,,Computational and Mathematical Methods in Medicine,yes,detection,not stated in abstract,"raw, FT, STFT and wavelet inputs, CNN features fused; detection",,"feature fusion of raw, FT, STFT and wavelet inputs",not stated in abstract,not stated in abstract,,,pending,,no,2,
A0444,search,Yu Z. (2022),Epileptic Seizure Prediction Using Deep Neural Networks Via Transfer Learning and Multi-Feature Fusion,10.1142/s0129065722500320,,International Journal of Neural Systems,yes,prediction,CHB-MIT; SWEC-ETHZ,handcrafted and deep features fused; prediction,,,not stated in abstract,not stated in abstract,,,pending,,no,1,
A0448,search,N. Dang (2022),Multi-model decision-making seizure types classification based on transfer learning,10.1109/iscer55570.2022.00040,,2022 International Symposium on Control Engineering and Robotics (ISCER),yes,seizure-type classification,TUSZ/TUH,feature-level vs probability-level fusion of several CNNs on one representation compared; seizure types,,feature-level vs probability-level fusion of six pretrained CNNs (one representation),not stated in abstract,not stated in abstract,,,pending,,no,2,
A0466,search,Huang (2021),A Feature Fusion Framework and Its Application to Automatic Seizure Detection,10.1109/lsp.2021.3069344,,IEEE SIGNAL PROCESSING LETTERS,yes,detection,CHB-MIT,handcrafted and deep features fused,,,not stated in abstract,not stated in abstract,,,pending,,no,1,
A0471,search,Wang Y. (2021),Automatic Seizure Prediction Based on Cross-Feature Fusion Stream Convolutional Neural Network,10.1007/978-3-030-82269-9_6,,Communications in Computer and Information Science,yes,prediction,CHB-MIT; private/clinical,"time, frequency and time-frequency inputs, cross-feature fusion CNN; prediction",,,not stated in abstract,not stated in abstract,,,pending,,no,1,
A0474,search,Martini M.L. (2021),Deep anomaly detection of seizures with paired stereoelectroencephalography and video recordings,10.1038/s41598-021-86891-y,,Scientific Reports,yes,prediction,not stated in abstract,SEEG + video anomaly detection,,,not stated in abstract,not stated in abstract,,,pending,,no,1,
A0477,search,Malekzadeh A. (2021),Epileptic seizures detection in eeg signals using fusion handcrafted and deep learning features,10.3390/s21227710,,Sensors,yes,detection,Bonn; Freiburg,handcrafted and DL features fused,,,not stated in abstract,not stated in abstract,,,pending,,no,1,
A0479,search,Hu D. (2021),Epileptic State Classification by Fusing Hand-Crafted and Deep Learning EEG Features,10.1109/tcsii.2020.3031399,,IEEE Transactions on Circuits and Systems II: Express Briefs,yes,prediction,CHB-MIT,handcrafted and DL features fused; epileptic states,,,not stated in abstract,not stated in abstract,,,pending,,no,1,
A0491,search,Bai X. (2021),Seizure Detection using Deep Multiset Canonical Correlation Analysis and Bayesian Optimization,10.1088/1742-6596/1748/2/022034,,Journal of Physics: Conference Series,yes,detection,not stated in abstract,deep multiset CCA fusing several feature sets; detection,,,not stated in abstract,not stated in abstract,,,pending,,no,1,
A0493,search,Sun B. (2021),Seizure prediction in scalp EEG based channel attention dual-input convolutional neural network,10.1016/j.physa.2021.126376,,Physica A: Statistical Mechanics and its Applications,yes,prediction,CHB-MIT; private/clinical,STFT + raw EEG dual-input CNN with channel attention; prediction,,,not stated in abstract,not stated in abstract,,,pending,,no,1,
A0499,search,Tang F.-G. (2020),A unified multi-level spectral–temporal feature learning framework for patient-specific seizure onset detection in EEG signals,10.1016/j.knosys.2020.106152,,Knowledge-Based Systems,yes,detection,CHB-MIT; private/clinical,spectral-temporal multi-level features; handcrafted or learned unclear,,,not stated in abstract,not stated in abstract,,,pending,,no,1,
A0501,search,Kunekar P.R. (2020),Deep Learning with Multi Modal Ensemble Fusion for Epilepsy Diagnosis,10.1109/icetce48199.2020.9091742,,"Proceedings of 3rd International Conference on Emerging Technologies in Computer Engineering: Machine Learning and Internet of Things, ICETCE 2020",yes,detection,not stated in abstract,multimodal ensemble fusion; modalities not stated,,,not stated in abstract,not stated in abstract,,,pending,,no,1,
A0505,search,Chatzichristos C. (2020),Epileptic Seizure Detection in EEG via Fusion of Multi-View Attention-Gated U-Net Deep Neural Networks,10.1109/spmb50085.2020.9353630,,"2020 IEEE Signal Processing in Medicine and Biology Symposium, SPMB 2020 - Proceedings",yes,detection,TUSZ/TUH,multi-view attention-gated U-nets fused (Chatzichristos 2020),,,not stated in abstract,not stated in abstract,,,pending,,no,1,
A0506,search,Liu Y. (2020),Epileptic Seizure Detection Using Convolutional Neural Network: A Multi-Biosignal study,10.1145/3373017.3373055,,ACM International Conference Proceeding Series,yes,detection,not stated in abstract,"EEG + ECG + respiration, 1D and 2D CNNs",,,not stated in abstract,not stated in abstract,,,pending,,no,1,
A0509,search,Ludwig S.A. (2020),Multi-label Classification for Epileptic Seizure Recognition: Deep Neural Network Ensemble versus Choquet Fuzzy Integral Fusion,10.1109/ssci47803.2020.9308541,,"2020 IEEE Symposium Series on Computational Intelligence, SSCI 2020",yes,detection,UCI/Epileptic Seizure Recognition,ensemble vs Choquet fuzzy integral fusion of DNNs compared; one input,,ensemble vs Choquet fuzzy integral fusion of DNNs (one input),not stated in abstract,not stated in abstract,,,pending,,no,2,
A0510,search,Maia P. (2020),Multimodal Approach for Epileptic Seizure Detection in Epilepsy Monitoring Units,10.1007/978-3-030-31635-8_133,,IFMBE Proceedings,yes,seizure-type classification,not stated in abstract,EEG + ECG multimodal; EMU detection,,,not stated in abstract,not stated in abstract,,,pending,,no,1,
A0511,search,Hosseini M.-P. (2020),Multimodal data analysis of epileptic EEG and rs-fMRI via deep learning and edge computing,10.1016/j.artmed.2020.101813,,Artificial Intelligence in Medicine,yes,prediction,not stated in abstract,EEG + rs-fMRI DL with edge computing; task unclear,,,not stated in abstract,not stated in abstract,,,pending,,no,1,
A0521,search,Sirpal P. (2019),FNIRS improves seizure detection in multimodal EEG-fNIRS recordings,10.1117/1.jbo.24.5.051408,,Journal of Biomedical Optics,yes,detection,CHB-MIT,EEG + fNIRS LSTM; detection,,,not stated in abstract,not stated in abstract,,,pending,,no,1,
A0523,search,Truong N.D. (2019),Semi-supervised Seizure Prediction with Generative Adversarial Networks,10.1109/embc.2019.8857755,,"Proceedings of the Annual International Conference of the IEEE Engineering in Medicine and Biology Society, EMBS",yes,prediction,CHB-MIT; Freiburg; private/clinical,EEG + ECG + temperature + time data fusion with GAN; prediction,,,not stated in abstract,not stated in abstract,,,pending,,no,1,
A0528,search,OrShea A. (2018),Investigating the Impact of CNN Depth on Neonatal Seizure Detection Performance,10.1109/embc.2018.8513617,,Conference proceedings : ... Annual International Conference of the IEEE Engineering in Medicine and Biology Society. IEEE Engineering in Medicine and Biology Society. Annual Conference,yes,detection,private/clinical,end-to-end CNN and feature-based SVM fused; neonatal detection,,,not stated in abstract,not stated in abstract,,,pending,,no,1,
,previous,Mohamady et al. (2026),A Comparison of Fusion Techniques for Multi-Modal Human Activity Recognition on the HARMES Dataset,,2606.27886,arXiv (preprint),no (arXiv),,,,,,,,,,exclude,1,no,,"seven fusion techniques compared; human activity recognition, not EEG (docs/09 / manuscript Table 1)"
,previous,Camastra et al. (2026),Benchmarking Multimodal Deep Fusion Strategies for Heterogeneous Neuroimaging and Cognitive Data Using a Controlled Sex Classification Task,10.3390/brainsci16040405,,Brain Sciences,yes,,,,,,,,,,exclude,1,no,,"controlled fusion benchmark on tabular neuroimaging data, not EEG (docs/09 / manuscript Table 1)"
,previous,Kontras et al. (2026),NeuroAtlas: Benchmarking Foundation Models for Clinical EEG and Brain-Computer Interfaces,,2605.14698,arXiv (preprint),no (arXiv),,,,,,,,,,exclude,2,no,,reports Bonn saturation; no fusion operators (docs/09 / manuscript Table 1)
,previous,Rheude et al. (2025),Fusion or Confusion? Multimodal Complexity Is Not All You Need,,2512.22991,arXiv (preprint),no (arXiv),,,,,,,,,,exclude,1,no,,"general multimodal setting, not EEG (docs/09 / manuscript Table 1)"
,previous,Guarrasi et al. (2025),intermediate fusion review (biomedical),10.2139/ssrn.4952813,,Image and Vision Computing (SSRN preprint DOI),yes,,,,,,,,,,review,3,no,,review bucket: terminology of intermediate fusion (docs/09 / manuscript Table 1)
,previous,Das et al. (2024),Epileptic Seizure Detection from Decomposed EEG Signal through 1D and 2D Feature Representation and Convolutional Neural Network,10.3390/info15050256,,Information,yes,,,,,,,,,,pending,,no,,1D+2D fusion of decomposed EEG; not retrieved by the database search (docs/09 / manuscript Table 1)
,previous,Huang et al. (2024),Multi-modal feature fusion with multi-head self-attention for epileptic EEG signals,10.3934/mbe.2024304,,Mathematical Biosciences and Engineering,yes,,,,,,,,,,pending,,no,,multi-head attention fusion; not retrieved by the database search (docs/09 / manuscript Table 1)
,previous,Wang et al. (2020),One and Two Dimensional Convolutional Neural Networks for Seizure Detection Using EEG Signals,10.23919/eusipco47968.2020.9287640,,EUSIPCO 2020,yes,,,,,,,,,,exclude,2,no,,"1D and 2D CNNs compared separately, not fused (docs/09 / manuscript Table 1)"
,previous,Narotamo et al. (2024),Deep learning for ECG classification: A comparative study of 1D and 2D representations and multimodal fusion approaches,10.1016/j.bspc.2024.106141,,Biomedical Signal Processing and Control,yes,,,,,,,,,,exclude,1,no,,"early, late and joint fusion compared for ECG, not EEG (docs/09 / manuscript Table 1)"
,previous,Lee et al. (2025),A review of hybrid EEG-based multimodal human-computer interfaces using deep learning,10.1007/s13534-025-00469-5,,Biomedical Engineering Letters,yes,,,,,,,,,,review,3,no,,review bucket: only two of 120+ studies explored more than one fusion strategy (docs/09 / manuscript Table 1)
