person,windows,ictal,ictal rejected,non-ictal,non-ictal rejected
chb01,370,74,0,296,1
chb02,100,20,2,80,2
chb03,225,45,7,180,1
chb04,210,42,5,168,5
chb05,310,62,0,248,0
chb06,120,24,1,96,0
chb07,180,36,2,144,1
chb08,485,97,4,388,3
chb09,155,31,3,124,0
chb10,245,49,11,196,4
chb11,415,83,1,332,0
chb12,615,123,1,492,7
chb13,335,67,0,268,5
chb14,120,24,0,96,0
chb15,1070,214,0,856,1
chb16,70,14,0,56,1
chb17,160,32,0,128,6
chb18,190,38,1,152,0
chb19,135,27,3,108,0
chb20,180,36,1,144,2
chb22,120,24,0,96,0
chb23,245,49,0,196,0
chb24,325,65,0,260,0
