acc,f1_macro,precision_macro,recall_macro,auc,f1_c0,recall_c0,f1_c1,recall_c1,f1_c2,recall_c2,recall_ictal,cm,model,repeat,fold,axis,variant,params,sec
0.96,0.96231078158789,0.9679722562219503,0.9583333333333334,0.9979166666666667,0.963855421686747,1.0,0.9487179487179487,0.925,0.9743589743589743,0.95,0.95,"[[40, 0, 0], [3, 37, 0], [0, 1, 19]]",raw1d,0,0,stft,coarse,27075.0,85.65088889999606
0.94,0.9367301460324716,0.9565217391304347,0.9249999999999999,0.9974999999999999,0.9302325581395349,1.0,0.961038961038961,0.925,0.918918918918919,0.85,0.85,"[[40, 0, 0], [3, 37, 0], [3, 0, 17]]",spec2d,0,0,stft,coarse,32227.0,33.29132600000594
0.97,0.9749647942419027,0.9767441860465116,0.975,0.9968055555555555,0.963855421686747,1.0,0.961038961038961,0.925,1.0,1.0,1.0,"[[40, 0, 0], [3, 37, 0], [0, 0, 20]]",raw1d_wide,0,0,stft,coarse,99795.0,187.79599769999913
0.97,0.9706646823040771,0.9755799755799756,0.9666666666666667,0.9997222222222222,0.975609756097561,1.0,0.9620253164556962,0.95,0.9743589743589743,0.95,0.95,"[[40, 0, 0], [2, 38, 0], [0, 1, 19]]",spec2d_wide,0,0,stft,coarse,97775.0,69.68716349999886
0.98,0.9833229101521784,0.9841269841269842,0.9833333333333334,0.9995833333333333,0.975609756097561,1.0,0.9743589743589743,0.95,1.0,1.0,1.0,"[[40, 0, 0], [2, 38, 0], [0, 0, 20]]",late,0,0,stft,coarse,98571.0,106.95094589999644
0.98,0.9833229101521784,0.9841269841269842,0.9833333333333334,0.9995833333333333,0.975609756097561,1.0,0.9743589743589743,0.95,1.0,1.0,1.0,"[[40, 0, 0], [2, 38, 0], [0, 0, 20]]",gated,0,0,stft,coarse,98698.0,115.83586289999948
0.92,0.9293968012708365,0.9346764346764346,0.9250000000000002,0.9952777777777778,0.9113924050632911,0.9,0.9024390243902439,0.925,0.9743589743589743,0.95,0.95,"[[36, 4, 0], [3, 37, 0], [0, 1, 19]]",attention,0,0,stft,coarse,98544.0,83.51459479999903
0.96,0.96231078158789,0.9679722562219503,0.9583333333333334,0.9979166666666667,0.963855421686747,1.0,0.9487179487179487,0.925,0.9743589743589743,0.95,0.95,"[[40, 0, 0], [3, 37, 0], [0, 1, 19]]",score,0,0,stft,coarse,,0.0
0.6,0.6443989950056684,0.6358799766783275,0.6666666666666666,0.7508333333333334,0.5681818181818182,0.625,0.43478260869565216,0.375,0.9302325581395349,1.0,1.0,"[[25, 14, 1], [23, 15, 2], [0, 0, 20]]",logvar,0,0,stft,coarse,3.0,0.0
0.96,0.9584530431770482,0.9538239538239538,0.9666666666666667,0.9983333333333334,0.975609756097561,1.0,0.9473684210526315,0.9,0.9523809523809523,1.0,1.0,"[[40, 0, 0], [2, 36, 2], [0, 0, 20]]",shallow,0,0,stft,coarse,21.0,0.0
0.98,0.9791035008694781,0.9841269841269842,0.975,0.9956944444444443,0.975609756097561,1.0,0.9873417721518988,0.975,0.9743589743589743,0.95,0.95,"[[40, 0, 0], [1, 39, 0], [1, 0, 19]]",raw1d,0,1,stft,coarse,27075.0,70.97192330000689
0.97,0.9708577901348986,0.9767441860465116,0.9666666666666667,0.9961111111111111,0.963855421686747,1.0,0.9743589743589743,0.95,0.9743589743589743,0.95,0.95,"[[40, 0, 0], [2, 38, 0], [1, 0, 19]]",spec2d,0,1,stft,coarse,32227.0,21.92062449999503
0.97,0.9708577901348986,0.9767441860465116,0.9666666666666667,0.9997916666666667,0.963855421686747,1.0,0.9743589743589743,0.95,0.9743589743589743,0.95,0.95,"[[40, 0, 0], [2, 38, 0], [1, 0, 19]]",raw1d_wide,0,1,stft,coarse,99795.0,167.00187749999168
0.97,0.9708577901348986,0.9767441860465116,0.9666666666666667,0.9989583333333334,0.963855421686747,1.0,0.9743589743589743,0.95,0.9743589743589743,0.95,0.95,"[[40, 0, 0], [2, 38, 0], [1, 0, 19]]",spec2d_wide,0,1,stft,coarse,97775.0,39.822271199998795
0.98,0.9793171760831533,0.9757936507936508,0.9833333333333334,0.9998611111111111,0.9873417721518988,0.975,0.975,0.975,0.975609756097561,1.0,1.0,"[[39, 1, 0], [0, 39, 1], [0, 0, 20]]",late,0,1,stft,coarse,98571.0,108.19624360000307
1.0,1.0,1.0,1.0,1.0,1.0,1.0,1.0,1.0,1.0,1.0,1.0,"[[40, 0, 0], [0, 40, 0], [0, 0, 20]]",gated,0,1,stft,coarse,98698.0,70.9874121999892
1.0,1.0,1.0,1.0,1.0,1.0,1.0,1.0,1.0,1.0,1.0,1.0,"[[40, 0, 0], [0, 40, 0], [0, 0, 20]]",attention,0,1,stft,coarse,98544.0,139.90668379999988
0.98,0.9791035008694781,0.9841269841269842,0.975,0.9956944444444443,0.975609756097561,1.0,0.9873417721518988,0.975,0.9743589743589743,0.95,0.95,"[[40, 0, 0], [1, 39, 0], [1, 0, 19]]",score,0,1,stft,coarse,,0.0
0.55,0.607348474545537,0.5936039432858097,0.625,0.7811111111111111,0.4473684210526316,0.425,0.4444444444444444,0.45,0.9302325581395349,1.0,1.0,"[[17, 23, 0], [19, 18, 3], [0, 0, 20]]",logvar,0,1,stft,coarse,3.0,0.0
0.98,0.9792076838147299,0.9759969028261711,0.9833333333333334,1.0,0.9876543209876543,1.0,0.9743589743589743,0.95,0.975609756097561,1.0,1.0,"[[40, 0, 0], [1, 38, 1], [0, 0, 20]]",shallow,0,1,stft,coarse,21.0,0.0
0.96,0.9544005126660954,0.9513519571285939,0.9583333333333334,0.9926388888888887,0.9876543209876543,1.0,0.9487179487179487,0.925,0.926829268292683,0.95,0.95,"[[40, 0, 0], [1, 37, 2], [0, 1, 19]]",raw1d,0,2,stft,coarse,27075.0,68.87749420000182
0.94,0.9334323071313225,0.9337294142172191,0.9333333333333332,0.9960416666666667,0.9620253164556962,0.95,0.9382716049382716,0.95,0.9,0.9,0.9,"[[38, 1, 1], [1, 38, 1], [0, 2, 18]]",spec2d,0,2,stft,coarse,32227.0,24.145622700001695
0.97,0.9619104146881924,0.9659927257167308,0.9583333333333334,0.9904166666666666,0.9876543209876543,1.0,0.975,0.975,0.9230769230769231,0.9,0.9,"[[40, 0, 0], [0, 39, 1], [1, 1, 18]]",raw1d_wide,0,2,stft,coarse,99795.0,232.39468159999524
0.94,0.9371846359798166,0.9426764585883313,0.9333333333333332,0.9977777777777778,0.9487179487179487,0.925,0.9397590361445783,0.975,0.9230769230769231,0.9,0.9,"[[37, 2, 1], [1, 39, 0], [0, 2, 18]]",spec2d_wide,0,2,stft,coarse,97775.0,63.82003690001147
0.97,0.9659927257167308,0.9757936507936508,0.9583333333333334,0.9994444444444444,0.975,0.975,0.975609756097561,1.0,0.9473684210526315,0.9,0.9,"[[39, 1, 0], [0, 40, 0], [1, 1, 18]]",late,0,2,stft,coarse,98571.0,123.06150490000437
0.96,0.96231078158789,0.9679722562219503,0.9583333333333334,0.9986111111111112,0.9487179487179487,0.925,0.963855421686747,1.0,0.9743589743589743,0.95,0.95,"[[37, 3, 0], [0, 40, 0], [1, 0, 19]]",gated,0,2,stft,coarse,98698.0,104.23556860000826
0.94,0.9332239412408189,0.9333124869710235,0.9333333333333332,0.991736111111111,0.9629629629629629,0.975,0.9367088607594937,0.925,0.9,0.9,0.9,"[[39, 1, 0], [1, 37, 2], [1, 1, 18]]",attention,0,2,stft,coarse,98544.0,111.39136439999857
0.94,0.9334323071313225,0.9337294142172191,0.9333333333333332,0.9960416666666667,0.9620253164556962,0.95,0.9382716049382716,0.95,0.9,0.9,0.9,"[[38, 1, 1], [1, 38, 1], [0, 2, 18]]",score,0,2,stft,coarse,,0.0
0.6,0.65,0.65,0.65,0.7361111111111112,0.55,0.55,0.5,0.5,0.9,0.9,0.9,"[[22, 18, 0], [18, 20, 2], [0, 2, 18]]",logvar,0,2,stft,coarse,3.0,0.0
0.95,0.9502659990611798,0.9523255813953488,0.9499999999999998,0.9948611111111111,0.961038961038961,0.925,0.9397590361445783,0.975,0.95,0.95,0.95,"[[37, 3, 0], [0, 39, 1], [0, 1, 19]]",shallow,0,2,stft,coarse,21.0,0.0
0.98,0.9790044317822096,0.9835365853658536,0.975,0.9944444444444445,0.9876543209876543,1.0,0.975,0.975,0.9743589743589743,0.95,0.95,"[[40, 0, 0], [1, 39, 0], [0, 1, 19]]",raw1d,0,3,stft,coarse,27075.0,55.283492600006866
0.92,0.9146278439528581,0.9102829537612146,0.9249999999999999,0.9872916666666667,0.926829268292683,0.95,0.9333333333333333,0.875,0.8837209302325582,0.95,0.95,"[[38, 0, 2], [3, 35, 2], [1, 0, 19]]",spec2d,0,3,stft,coarse,32227.0,25.01391130000411
0.99,0.991665364379851,0.991869918699187,0.9916666666666667,0.9966666666666667,0.9876543209876543,1.0,0.9873417721518988,0.975,1.0,1.0,1.0,"[[40, 0, 0], [1, 39, 0], [0, 0, 20]]",raw1d_wide,0,3,stft,coarse,99795.0,216.83176960000128
0.98,0.9833333333333334,0.9833333333333334,0.9833333333333334,0.9987499999999999,0.975,0.975,0.975,0.975,1.0,1.0,1.0,"[[39, 1, 0], [1, 39, 0], [0, 0, 20]]",spec2d_wide,0,3,stft,coarse,97775.0,77.75769939999736
0.97,0.9666562434855118,0.9674603174603175,0.9666666666666667,0.9963194444444444,0.975609756097561,1.0,0.9743589743589743,0.95,0.95,0.95,0.95,"[[40, 0, 0], [1, 38, 1], [1, 0, 19]]",late,0,3,stft,coarse,98571.0,90.11334419999912
0.99,0.991665364379851,0.991869918699187,0.9916666666666667,0.9988888888888888,0.9876543209876543,1.0,0.9873417721518988,0.975,1.0,1.0,1.0,"[[40, 0, 0], [1, 39, 0], [0, 0, 20]]",gated,0,3,stft,coarse,98698.0,98.12745400000131
0.98,0.9833229101521784,0.9841269841269842,0.9833333333333334,0.9987499999999999,0.975609756097561,1.0,0.9743589743589743,0.95,1.0,1.0,1.0,"[[40, 0, 0], [2, 38, 0], [0, 0, 20]]",attention,0,3,stft,coarse,98544.0,112.1965468999988
0.94,0.9344499460032193,0.9307359307359307,0.9416666666666668,0.9914583333333334,0.9512195121951219,0.975,0.9473684210526315,0.9,0.9047619047619048,0.95,0.95,"[[39, 0, 1], [2, 36, 2], [1, 0, 19]]",score,0,3,stft,coarse,,0.0
0.61,0.6578141448942483,0.6446427870075802,0.6749999999999999,0.7265277777777778,0.5432098765432098,0.55,0.5,0.475,0.9302325581395349,1.0,1.0,"[[22, 17, 1], [19, 19, 2], [0, 0, 20]]",logvar,0,3,stft,coarse,3.0,0.0
0.93,0.928182928182928,0.9341350920298289,0.9249999999999999,0.9948611111111111,0.9523809523809523,1.0,0.9090909090909091,0.875,0.9230769230769231,0.9,0.9,"[[40, 0, 0], [4, 35, 1], [0, 2, 18]]",shallow,0,3,stft,coarse,21.0,0.0
0.92,0.9211290001987678,0.9317315026697178,0.9166666666666666,0.9977083333333333,0.9333333333333333,0.875,0.9069767441860465,0.975,0.9230769230769231,0.9,0.9,"[[35, 5, 0], [0, 39, 1], [0, 2, 18]]",raw1d,0,4,stft,coarse,27075.0,120.20179239999561
0.92,0.92470212965569,0.9375375375375375,0.9166666666666666,0.9876388888888888,0.9090909090909091,0.875,0.9176470588235294,0.975,0.9473684210526315,0.9,0.9,"[[35, 5, 0], [1, 39, 0], [1, 1, 18]]",spec2d,0,4,stft,coarse,32227.0,21.296087499998976
0.94,0.9375624375624376,0.9445773524720892,0.9333333333333332,0.9986805555555556,0.961038961038961,0.925,0.9285714285714286,0.975,0.9230769230769231,0.9,0.9,"[[37, 3, 0], [0, 39, 1], [0, 2, 18]]",raw1d_wide,0,4,stft,coarse,99795.0,225.7812297999917
0.96,0.9624302225928242,0.9590948917007968,0.9666666666666667,0.9955555555555556,0.9487179487179487,0.925,0.9629629629629629,0.975,0.975609756097561,1.0,1.0,"[[37, 2, 1], [1, 39, 0], [0, 0, 20]]",spec2d_wide,0,4,stft,coarse,97775.0,37.76817239999946
0.96,0.962622743110548,0.9603174603174603,0.9666666666666667,0.9986111111111112,0.961038961038961,0.925,0.9512195121951219,0.975,0.975609756097561,1.0,1.0,"[[37, 3, 0], [0, 39, 1], [0, 0, 20]]",late,0,4,stft,coarse,98571.0,93.0624611999956
0.98,0.9833229101521784,0.9841269841269842,0.9833333333333334,0.9997222222222222,0.9743589743589743,0.95,0.975609756097561,1.0,1.0,1.0,1.0,"[[38, 2, 0], [0, 40, 0], [0, 0, 20]]",gated,0,4,stft,coarse,98698.0,99.40839509999205
0.89,0.8848409530265372,0.8861111111111111,0.9,0.9844444444444443,0.8732394366197183,0.775,0.9176470588235294,0.975,0.8636363636363636,0.95,0.95,"[[31, 5, 4], [0, 39, 1], [0, 1, 19]]",attention,0,4,stft,coarse,98544.0,76.31649559999641
0.92,0.9211290001987678,0.9317315026697178,0.9166666666666666,0.9977083333333333,0.9333333333333333,0.875,0.9069767441860465,0.975,0.9230769230769231,0.9,0.9,"[[35, 5, 0], [0, 39, 1], [0, 2, 18]]",score,0,4,stft,coarse,,0.0
0.58,0.6373148317949345,0.627104377104377,0.65,0.7639583333333334,0.5121951219512195,0.525,0.4473684210526316,0.425,0.9523809523809523,1.0,1.0,"[[21, 19, 0], [21, 17, 2], [0, 0, 20]]",logvar,0,4,stft,coarse,3.0,0.0
0.96,0.9625346010032642,0.9676434676434676,0.9583333333333334,0.9977777777777778,0.9620253164556962,0.95,0.9512195121951219,0.975,0.9743589743589743,0.95,0.95,"[[38, 2, 0], [1, 39, 0], [0, 1, 19]]",shallow,0,4,stft,coarse,21.0,0.0
0.96,0.9583294264728863,0.9585261621846989,0.9583333333333334,0.9979166666666668,0.9620253164556962,0.95,0.9629629629629629,0.975,0.95,0.95,0.95,"[[38, 2, 0], [0, 39, 1], [1, 0, 19]]",raw1d,1,0,stft,coarse,27075.0,74.64841159999196
0.97,0.9707739791073124,0.9754065040650407,0.9666666666666667,0.992986111111111,0.975,0.975,0.9629629629629629,0.975,0.9743589743589743,0.95,0.95,"[[39, 1, 0], [1, 39, 0], [0, 1, 19]]",spec2d,1,0,stft,coarse,32227.0,35.12862160000077
0.96,0.96231078158789,0.9679722562219503,0.9583333333333334,0.9983333333333334,0.9487179487179487,0.925,0.963855421686747,1.0,0.9743589743589743,0.95,0.95,"[[37, 3, 0], [0, 40, 0], [1, 0, 19]]",raw1d_wide,1,0,stft,coarse,99795.0,216.6998622999963
0.97,0.9707739791073124,0.9754065040650407,0.9666666666666667,0.9975,0.975,0.975,0.9629629629629629,0.975,0.9743589743589743,0.95,0.95,"[[39, 1, 0], [1, 39, 0], [0, 1, 19]]",spec2d_wide,1,0,stft,coarse,97775.0,58.60865660000127
0.97,0.9707739791073124,0.9754065040650407,0.9666666666666667,0.9990277777777777,0.975,0.975,0.9629629629629629,0.975,0.9743589743589743,0.95,0.95,"[[39, 1, 0], [1, 39, 0], [0, 1, 19]]",late,1,0,stft,coarse,98571.0,117.66191510000499
0.96,0.9625346010032642,0.9676434676434676,0.9583333333333334,0.9991666666666666,0.9620253164556962,0.95,0.9512195121951219,0.975,0.9743589743589743,0.95,0.95,"[[38, 2, 0], [1, 39, 0], [0, 1, 19]]",gated,1,0,stft,coarse,98698.0,105.19024720000743
0.98,0.9833333333333334,0.9833333333333334,0.9833333333333334,0.9991666666666665,0.975,0.975,0.975,0.975,1.0,1.0,1.0,"[[39, 1, 0], [1, 39, 0], [0, 0, 20]]",attention,1,0,stft,coarse,98544.0,140.38577999999688
0.97,0.9709772311398327,0.9678668215253582,0.975,0.9982638888888888,0.9743589743589743,0.95,0.9629629629629629,0.975,0.975609756097561,1.0,1.0,"[[38, 2, 0], [0, 39, 1], [0, 0, 20]]",score,1,0,stft,coarse,,0.0
0.64,0.6835884572182681,0.6712913868269118,0.7000000000000001,0.7700694444444444,0.5679012345679012,0.575,0.5526315789473685,0.525,0.9302325581395349,1.0,1.0,"[[23, 15, 2], [18, 21, 1], [0, 0, 20]]",logvar,1,0,stft,coarse,3.0,0.0
0.95,0.9498906079074855,0.9499791536376901,0.9499999999999998,0.9968750000000001,0.9629629629629629,0.975,0.9367088607594937,0.925,0.95,0.95,0.95,"[[39, 1, 0], [2, 37, 1], [0, 1, 19]]",shallow,1,0,stft,coarse,21.0,0.0
0.95,0.9463918825234764,0.9406487232574189,0.9583333333333334,0.9995138888888889,0.975609756097561,1.0,0.9333333333333333,0.875,0.9302325581395349,1.0,1.0,"[[40, 0, 0], [2, 35, 3], [0, 0, 20]]",raw1d,1,1,stft,coarse,27075.0,70.05522629999905
0.92,0.9073911087641066,0.9014844804318489,0.9250000000000002,0.9850694444444444,0.9487179487179487,0.925,0.9473684210526315,0.9,0.8260869565217391,0.95,0.95,"[[37, 0, 3], [0, 36, 4], [1, 0, 19]]",spec2d,1,1,stft,coarse,32227.0,28.47058800001105
0.95,0.9407407407407407,0.9333333333333332,0.9583333333333334,0.9993055555555556,1.0,1.0,0.9333333333333333,0.875,0.8888888888888888,1.0,1.0,"[[40, 0, 0], [0, 35, 5], [0, 0, 20]]",raw1d_wide,1,1,stft,coarse,99795.0,195.18373359998805
0.98,0.9791035008694781,0.9841269841269842,0.975,0.9893055555555555,0.975609756097561,1.0,0.9873417721518988,0.975,0.9743589743589743,0.95,0.95,"[[40, 0, 0], [1, 39, 0], [1, 0, 19]]",spec2d_wide,1,1,stft,coarse,97775.0,70.85910200000217
0.95,0.9498565691336776,0.9464411557434813,0.9583333333333334,0.9998611111111111,0.963855421686747,1.0,0.9333333333333333,0.875,0.9523809523809523,1.0,1.0,"[[40, 0, 0], [3, 35, 2], [0, 0, 20]]",late,1,1,stft,coarse,98571.0,129.95996140000352
0.96,0.9584530431770482,0.9538239538239538,0.9666666666666667,0.9995138888888889,0.975609756097561,1.0,0.9473684210526315,0.9,0.9523809523809523,1.0,1.0,"[[40, 0, 0], [2, 36, 2], [0, 0, 20]]",gated,1,1,stft,coarse,98698.0,191.07802119999542
0.97,0.9629475212131039,0.9601238869531552,0.9666666666666667,0.9943749999999999,0.9876543209876543,1.0,0.9743589743589743,0.95,0.926829268292683,0.95,0.95,"[[40, 0, 0], [0, 38, 2], [1, 0, 19]]",attention,1,1,stft,coarse,98544.0,90.28478850000829
0.95,0.939919963757173,0.9336956521739131,0.9499999999999998,0.9988888888888888,0.975,0.975,0.961038961038961,0.925,0.8837209302325582,0.95,0.95,"[[39, 0, 1], [0, 37, 3], [1, 0, 19]]",score,1,1,stft,coarse,,0.0
0.58,0.6247944173749981,0.6146850044365572,0.65,0.7295138888888889,0.5617977528089888,0.625,0.38235294117647056,0.325,0.9302325581395349,1.0,1.0,"[[25, 15, 0], [24, 13, 3], [0, 0, 20]]",logvar,1,1,stft,coarse,3.0,0.0
0.95,0.9498565691336776,0.9464411557434813,0.9583333333333334,0.9972916666666666,0.963855421686747,1.0,0.9333333333333333,0.875,0.9523809523809523,1.0,1.0,"[[40, 0, 0], [3, 35, 2], [0, 0, 20]]",shallow,1,1,stft,coarse,21.0,0.0
0.96,0.9625346010032642,0.9676434676434676,0.9583333333333334,0.9933333333333333,0.9512195121951219,0.975,0.9620253164556962,0.95,0.9743589743589743,0.95,0.95,"[[39, 1, 0], [2, 38, 0], [1, 0, 19]]",raw1d,1,2,stft,coarse,27075.0,88.28824999999779
0.94,0.9418192918192917,0.9354864433811803,0.9500000000000001,0.9921527777777778,0.9230769230769231,0.9,0.95,0.95,0.9523809523809523,1.0,1.0,"[[36, 2, 2], [2, 38, 0], [0, 0, 20]]",spec2d,1,2,stft,coarse,32227.0,24.16551229999459
0.97,0.9708577901348986,0.9767441860465116,0.9666666666666667,0.9925,0.963855421686747,1.0,0.9743589743589743,0.95,0.9743589743589743,0.95,0.95,"[[40, 0, 0], [2, 38, 0], [1, 0, 19]]",raw1d_wide,1,2,stft,coarse,99795.0,241.29223130000173
0.97,0.9749647942419027,0.9767441860465116,0.975,0.9916666666666666,0.963855421686747,1.0,0.961038961038961,0.925,1.0,1.0,1.0,"[[40, 0, 0], [3, 37, 0], [0, 0, 20]]",spec2d_wide,1,2,stft,coarse,97775.0,43.68707960000029
0.96,0.9625929625929626,0.9696969696969697,0.9583333333333334,0.9979166666666667,0.9523809523809523,1.0,0.961038961038961,0.925,0.9743589743589743,0.95,0.95,"[[40, 0, 0], [3, 37, 0], [1, 0, 19]]",late,1,2,stft,coarse,98571.0,141.79134950001026
0.98,0.9833229101521784,0.9841269841269842,0.9833333333333334,0.9947222222222223,0.975609756097561,1.0,0.9743589743589743,0.95,1.0,1.0,1.0,"[[40, 0, 0], [2, 38, 0], [0, 0, 20]]",gated,1,2,stft,coarse,98698.0,117.43237240001326
0.98,0.9833229101521784,0.9841269841269842,0.9833333333333334,0.9958333333333332,0.975609756097561,1.0,0.9743589743589743,0.95,1.0,1.0,1.0,"[[40, 0, 0], [2, 38, 0], [0, 0, 20]]",attention,1,2,stft,coarse,98544.0,119.77444560000731
0.96,0.9625346010032642,0.9676434676434676,0.9583333333333334,0.9933333333333333,0.9512195121951219,0.975,0.9620253164556962,0.95,0.9743589743589743,0.95,0.95,"[[39, 1, 0], [2, 38, 0], [1, 0, 19]]",score,1,2,stft,coarse,,0.0
0.51,0.5833333333333334,0.5833333333333334,0.5833333333333334,0.7799999999999999,0.4,0.4,0.4,0.4,0.95,0.95,0.95,"[[16, 24, 0], [23, 16, 1], [1, 0, 19]]",logvar,1,2,stft,coarse,3.0,0.0
0.94,0.9416666666666668,0.9416666666666668,0.9416666666666668,0.9963194444444444,0.95,0.95,0.925,0.925,0.95,0.95,0.95,"[[38, 2, 0], [2, 37, 1], [0, 1, 19]]",shallow,1,2,stft,coarse,21.0,0.0
0.93,0.928066402749947,0.945027195027195,0.9166666666666666,0.9922916666666667,0.9285714285714286,0.975,0.9367088607594937,0.925,0.918918918918919,0.85,0.85,"[[39, 1, 0], [3, 37, 0], [2, 1, 17]]",raw1d,1,3,stft,coarse,27075.0,65.54946999999811
0.93,0.9228537547227048,0.9470085470085471,0.9083333333333332,0.9940277777777778,0.9176470588235294,0.975,0.9620253164556962,0.95,0.8888888888888888,0.8,0.8,"[[39, 1, 0], [2, 38, 0], [4, 0, 16]]",spec2d,1,3,stft,coarse,32227.0,32.68284740000672
0.95,0.9495293110825845,0.9595238095238096,0.9416666666666665,0.9981249999999999,0.9512195121951219,0.975,0.95,0.95,0.9473684210526315,0.9,0.9,"[[39, 1, 0], [2, 38, 0], [1, 1, 18]]",raw1d_wide,1,3,stft,coarse,99795.0,194.81016079999972
0.94,0.9418490723368773,0.9428153717627401,0.9416666666666668,0.9958333333333332,0.926829268292683,0.95,0.9487179487179487,0.925,0.95,0.95,0.95,"[[38, 1, 1], [3, 37, 0], [1, 0, 19]]",spec2d_wide,1,3,stft,coarse,97775.0,48.344972699997015
0.96,0.9625346010032642,0.9676434676434676,0.9583333333333334,0.9987499999999999,0.9512195121951219,0.975,0.9620253164556962,0.95,0.9743589743589743,0.95,0.95,"[[39, 1, 0], [2, 38, 0], [1, 0, 19]]",late,1,3,stft,coarse,98571.0,155.74859829999332
0.97,0.9708577901348986,0.9767441860465116,0.9666666666666667,0.9939583333333332,0.963855421686747,1.0,0.9743589743589743,0.95,0.9743589743589743,0.95,0.95,"[[40, 0, 0], [2, 38, 0], [1, 0, 19]]",gated,1,3,stft,coarse,98698.0,119.99075369999628
0.95,0.9444417292518558,0.9611499611499612,0.9333333333333332,0.9975,0.9523809523809523,1.0,0.9620253164556962,0.95,0.918918918918919,0.85,0.85,"[[40, 0, 0], [2, 38, 0], [2, 1, 17]]",attention,1,3,stft,coarse,98544.0,130.28469929999846
0.93,0.9228537547227048,0.9470085470085471,0.9083333333333332,0.9940277777777778,0.9176470588235294,0.975,0.9620253164556962,0.95,0.8888888888888888,0.8,0.8,"[[39, 1, 0], [2, 38, 0], [4, 0, 16]]",score,1,3,stft,coarse,,0.0
0.54,0.5833235409322365,0.5618024132730015,0.6166666666666667,0.7404861111111112,0.475,0.475,0.40540540540540543,0.375,0.8695652173913043,1.0,1.0,"[[19, 19, 2], [21, 15, 4], [0, 0, 20]]",logvar,1,3,stft,coarse,3.0,0.0
0.97,0.9672493469961824,0.9611499611499612,0.975,0.9968749999999998,0.9873417721518988,0.975,0.9620253164556962,0.95,0.9523809523809523,1.0,1.0,"[[39, 1, 0], [0, 38, 2], [0, 0, 20]]",shallow,1,3,stft,coarse,21.0,0.0
0.96,0.9580361159308527,0.9696969696969697,0.9500000000000001,0.993125,0.9743589743589743,0.95,0.9523809523809523,1.0,0.9473684210526315,0.9,0.9,"[[38, 2, 0], [0, 40, 0], [0, 2, 18]]",raw1d,1,4,stft,coarse,27075.0,56.83851759998652
0.93,0.9176129493917635,0.9107407407407407,0.9333333333333332,0.9975694444444444,0.9210526315789473,0.875,0.9873417721518988,0.975,0.8444444444444444,0.95,0.95,"[[35, 0, 5], [0, 39, 1], [1, 0, 19]]",spec2d,1,4,stft,coarse,32227.0,24.319742699997732
0.97,0.9659952350010829,0.975609756097561,0.9583333333333334,0.9951388888888889,0.9876543209876543,1.0,0.9629629629629629,0.975,0.9473684210526315,0.9,0.9,"[[40, 0, 0], [1, 39, 0], [0, 2, 18]]",raw1d_wide,1,4,stft,coarse,99795.0,326.1857607999991
0.98,0.9743260590500641,0.9841269841269842,0.9666666666666667,1.0,0.975609756097561,1.0,1.0,1.0,0.9473684210526315,0.9,0.9,"[[40, 0, 0], [0, 40, 0], [2, 0, 18]]",spec2d_wide,1,4,stft,coarse,97775.0,54.85480280000775
0.99,0.9873377651155429,0.991869918699187,0.9833333333333334,0.9996527777777778,1.0,1.0,0.9876543209876543,1.0,0.9743589743589743,0.95,0.95,"[[40, 0, 0], [0, 40, 0], [0, 1, 19]]",late,1,4,stft,coarse,98571.0,126.43178970000008
0.99,0.991665364379851,0.991869918699187,0.9916666666666667,1.0,0.9873417721518988,0.975,0.9876543209876543,1.0,1.0,1.0,1.0,"[[39, 1, 0], [0, 40, 0], [0, 0, 20]]",gated,1,4,stft,coarse,98698.0,58.50038599999971
0.96,0.9625346010032642,0.9676434676434676,0.9583333333333334,0.9982638888888888,0.9620253164556962,0.95,0.9512195121951219,0.975,0.9743589743589743,0.95,0.95,"[[38, 2, 0], [1, 39, 0], [0, 1, 19]]",attention,1,4,stft,coarse,98544.0,71.78469900001073
0.96,0.9580361159308527,0.9696969696969697,0.9500000000000001,0.993125,0.9743589743589743,0.95,0.9523809523809523,1.0,0.9473684210526315,0.9,0.9,"[[38, 2, 0], [0, 40, 0], [0, 2, 18]]",score,1,4,stft,coarse,,0.0
0.59,0.6290676668583881,0.641585927300213,0.6250000000000001,0.7674305555555555,0.6067415730337079,0.675,0.4383561643835616,0.4,0.8421052631578947,0.8,0.8,"[[27, 13, 0], [22, 16, 2], [0, 4, 16]]",logvar,1,4,stft,coarse,3.0,0.0
0.97,0.9707739791073124,0.9754065040650407,0.9666666666666667,0.9974305555555555,0.975,0.975,0.9629629629629629,0.975,0.9743589743589743,0.95,0.95,"[[39, 1, 0], [1, 39, 0], [0, 1, 19]]",shallow,1,4,stft,coarse,21.0,0.0
0.93,0.9286256291134339,0.9284271284271285,0.9333333333333332,0.9945833333333333,0.9523809523809523,1.0,0.9066666666666666,0.85,0.926829268292683,0.95,0.95,"[[40, 0, 0], [4, 34, 2], [0, 1, 19]]",raw1d,2,0,stft,coarse,27075.0,76.17295900000317
0.94,0.9455293588420522,0.9537037037037037,0.9416666666666668,0.9945138888888888,0.9411764705882353,1.0,0.9210526315789473,0.875,0.9743589743589743,0.95,0.95,"[[40, 0, 0], [5, 35, 0], [0, 1, 19]]",spec2d,2,0,stft,coarse,32227.0,17.967894400004297
0.95,0.9458346531517262,0.9433719433719433,0.9499999999999998,0.9958333333333332,0.975609756097561,1.0,0.935064935064935,0.9,0.926829268292683,0.95,0.95,"[[40, 0, 0], [2, 36, 2], [0, 1, 19]]",raw1d_wide,2,0,stft,coarse,99795.0,149.2780277999991
0.93,0.9286091899522027,0.9503546099290779,0.9166666666666666,0.9950694444444445,0.9195402298850575,1.0,0.9473684210526315,0.9,0.918918918918919,0.85,0.85,"[[40, 0, 0], [4, 36, 0], [3, 0, 17]]",spec2d_wide,2,0,stft,coarse,97775.0,28.111832399998093
0.96,0.9581092349385032,0.9586883876357559,0.9583333333333334,0.9990277777777777,0.975609756097561,1.0,0.9487179487179487,0.925,0.95,0.95,0.95,"[[40, 0, 0], [2, 37, 1], [0, 1, 19]]",late,2,0,stft,coarse,98571.0,74.19720660000166
0.97,0.970752824411361,0.9682539682539683,0.975,0.9992361111111111,0.975609756097561,1.0,0.961038961038961,0.925,0.975609756097561,1.0,1.0,"[[40, 0, 0], [2, 37, 1], [0, 0, 20]]",gated,2,0,stft,coarse,98698.0,68.22486629999185
0.95,0.9458346531517262,0.9433719433719433,0.9499999999999998,0.9990277777777777,0.975609756097561,1.0,0.935064935064935,0.9,0.926829268292683,0.95,0.95,"[[40, 0, 0], [2, 36, 2], [0, 1, 19]]",attention,2,0,stft,coarse,98544.0,68.25035059999209
0.93,0.9286256291134339,0.9284271284271285,0.9333333333333332,0.9945833333333333,0.9523809523809523,1.0,0.9066666666666666,0.85,0.926829268292683,0.95,0.95,"[[40, 0, 0], [4, 34, 2], [0, 1, 19]]",score,2,0,stft,coarse,,0.0
0.56,0.6150374500707697,0.6006048466281765,0.6333333333333333,0.7536805555555556,0.49382716049382713,0.5,0.42105263157894735,0.4,0.9302325581395349,1.0,1.0,"[[20, 20, 0], [21, 16, 3], [0, 0, 20]]",logvar,2,0,stft,coarse,3.0,0.0
0.95,0.9451318466446592,0.9494891073838442,0.9416666666666668,0.9968749999999998,0.975609756097561,1.0,0.9367088607594937,0.925,0.9230769230769231,0.9,0.9,"[[40, 0, 0], [2, 37, 1], [0, 2, 18]]",shallow,2,0,stft,coarse,21.0,0.0
0.96,0.9625929625929626,0.9696969696969697,0.9583333333333334,0.999375,0.961038961038961,0.925,0.9523809523809523,1.0,0.9743589743589743,0.95,0.95,"[[37, 3, 0], [0, 40, 0], [0, 1, 19]]",raw1d,2,1,stft,coarse,27075.0,85.11871989999781
0.9,0.9068229358927032,0.9085556653491436,0.9166666666666666,0.9961111111111111,0.8611111111111112,0.775,0.9069767441860465,0.975,0.9523809523809523,1.0,1.0,"[[31, 7, 2], [1, 39, 0], [0, 0, 20]]",spec2d,2,1,stft,coarse,32227.0,14.429548500003875
0.98,0.9791035008694781,0.9841269841269842,0.975,0.9996527777777778,0.9873417721518988,0.975,0.975609756097561,1.0,0.9743589743589743,0.95,0.95,"[[39, 1, 0], [0, 40, 0], [0, 1, 19]]",raw1d_wide,2,1,stft,coarse,99795.0,137.81108940001286
0.97,0.9708577901348986,0.9767441860465116,0.9666666666666667,0.9969444444444445,0.9743589743589743,0.95,0.963855421686747,1.0,0.9743589743589743,0.95,0.95,"[[38, 2, 0], [0, 40, 0], [0, 1, 19]]",spec2d_wide,2,1,stft,coarse,97775.0,22.78825300000608
0.99,0.991665364379851,0.991869918699187,0.9916666666666667,1.0,0.9873417721518988,0.975,0.9876543209876543,1.0,1.0,1.0,1.0,"[[39, 1, 0], [0, 40, 0], [0, 0, 20]]",late,2,1,stft,coarse,98571.0,69.85523959998682
0.96,0.9577497197316917,0.9681971774995031,0.9500000000000001,0.9997222222222222,0.9620253164556962,0.95,0.963855421686747,1.0,0.9473684210526315,0.9,0.9,"[[38, 2, 0], [0, 40, 0], [1, 1, 18]]",gated,2,1,stft,coarse,98698.0,62.014215400005924
0.99,0.9873377651155429,0.991869918699187,0.9833333333333334,1.0,1.0,1.0,0.9876543209876543,1.0,0.9743589743589743,0.95,0.95,"[[40, 0, 0], [0, 40, 0], [0, 1, 19]]",attention,2,1,stft,coarse,98544.0,69.07905830000527
0.96,0.9625929625929626,0.9696969696969697,0.9583333333333334,0.999375,0.961038961038961,0.925,0.9523809523809523,1.0,0.9743589743589743,0.95,0.95,"[[37, 3, 0], [0, 40, 0], [0, 1, 19]]",score,2,1,stft,coarse,,0.0
0.54,0.6029204107830552,0.616005291005291,0.5916666666666667,0.7619444444444444,0.475,0.475,0.43902439024390244,0.45,0.8947368421052632,0.85,0.85,"[[19, 21, 0], [21, 18, 1], [0, 3, 17]]",logvar,2,1,stft,coarse,3.0,0.0
0.94,0.9458768597657486,0.950609756097561,0.9416666666666668,0.9945833333333333,0.9382716049382716,0.95,0.925,0.925,0.9743589743589743,0.95,0.95,"[[38, 2, 0], [3, 37, 0], [0, 1, 19]]",shallow,2,1,stft,coarse,21.0,0.0
0.96,0.9583333333333334,0.9583333333333334,0.9583333333333334,0.9946527777777777,0.975,0.975,0.95,0.95,0.95,0.95,0.95,"[[39, 1, 0], [1, 38, 1], [0, 1, 19]]",raw1d,2,2,stft,coarse,27075.0,52.60566529999778
0.97,0.9666666666666667,0.9666666666666667,0.9666666666666667,0.9974999999999999,0.975,0.975,0.975,0.975,0.95,0.95,0.95,"[[39, 0, 1], [1, 39, 0], [0, 1, 19]]",spec2d,2,2,stft,coarse,32227.0,18.514298800000688
0.95,0.9497175912176353,0.9604452395150069,0.9416666666666665,0.9960416666666667,0.9620253164556962,0.95,0.9397590361445783,0.975,0.9473684210526315,0.9,0.9,"[[38, 2, 0], [1, 39, 0], [0, 2, 18]]",raw1d_wide,2,2,stft,coarse,99795.0,148.07892129999527
0.99,0.991665364379851,0.991869918699187,0.9916666666666667,0.993611111111111,0.9876543209876543,1.0,0.9873417721518988,0.975,1.0,1.0,1.0,"[[40, 0, 0], [1, 39, 0], [0, 0, 20]]",spec2d_wide,2,2,stft,coarse,97775.0,32.288127399995574
0.96,0.9578626444159178,0.9678571428571429,0.9500000000000001,0.9980555555555556,0.975,0.975,0.9512195121951219,0.975,0.9473684210526315,0.9,0.9,"[[39, 1, 0], [1, 39, 0], [0, 2, 18]]",late,2,2,stft,coarse,98571.0,62.60486929999024
0.98,0.9790044317822096,0.9835365853658536,0.975,0.9988888888888888,0.9876543209876543,1.0,0.975,0.975,0.9743589743589743,0.95,0.95,"[[40, 0, 0], [1, 39, 0], [0, 1, 19]]",gated,2,2,stft,coarse,98698.0,57.52667009999277
0.96,0.9625346010032642,0.9676434676434676,0.9583333333333334,0.9947916666666666,0.9620253164556962,0.95,0.9512195121951219,0.975,0.9743589743589743,0.95,0.95,"[[38, 2, 0], [1, 39, 0], [0, 1, 19]]",attention,2,2,stft,coarse,98544.0,64.00866029999452
0.96,0.9583333333333334,0.9583333333333334,0.9583333333333334,0.9946527777777777,0.975,0.975,0.95,0.95,0.95,0.95,0.95,"[[39, 1, 0], [1, 38, 1], [0, 1, 19]]",score,2,2,stft,coarse,,0.0
0.64,0.6934129328610977,0.6886920142734096,0.7000000000000001,0.765625,0.5783132530120482,0.6,0.5263157894736842,0.5,0.975609756097561,1.0,1.0,"[[24, 16, 0], [19, 20, 1], [0, 0, 20]]",logvar,2,2,stft,coarse,3.0,0.0
0.97,0.9665598791477835,0.9666562434855118,0.9666666666666667,0.9933333333333333,0.9876543209876543,1.0,0.9620253164556962,0.95,0.95,0.95,0.95,"[[40, 0, 0], [1, 38, 1], [0, 1, 19]]",shallow,2,2,stft,coarse,21.0,0.0
0.99,0.991665364379851,0.991869918699187,0.9916666666666667,0.9986111111111112,0.9876543209876543,1.0,0.9873417721518988,0.975,1.0,1.0,1.0,"[[40, 0, 0], [1, 39, 0], [0, 0, 20]]",raw1d,2,3,stft,coarse,27075.0,74.07424129999708
0.95,0.9425800273040323,0.9386724386724387,0.9499999999999998,0.9986111111111112,0.975609756097561,1.0,0.9473684210526315,0.9,0.9047619047619048,0.95,0.95,"[[40, 0, 0], [1, 36, 3], [1, 0, 19]]",spec2d,2,3,stft,coarse,32227.0,15.377668100001756
0.96,0.9581092349385032,0.9586883876357559,0.9583333333333334,0.9981944444444443,0.975609756097561,1.0,0.9487179487179487,0.925,0.95,0.95,0.95,"[[40, 0, 0], [2, 37, 1], [0, 1, 19]]",raw1d_wide,2,3,stft,coarse,99795.0,157.26920619999873
0.93,0.929578010065815,0.9303751803751803,0.9333333333333332,0.9941666666666666,0.9285714285714286,0.975,0.9333333333333333,0.875,0.926829268292683,0.95,0.95,"[[39, 0, 1], [4, 35, 1], [1, 0, 19]]",spec2d_wide,2,3,stft,coarse,97775.0,20.089517400003388
0.96,0.9550851000599402,0.9483916578296218,0.9666666666666667,0.9998611111111111,0.9876543209876543,1.0,0.9473684210526315,0.9,0.9302325581395349,1.0,1.0,"[[40, 0, 0], [1, 36, 3], [0, 0, 20]]",late,2,3,stft,coarse,98571.0,105.66210449999198
0.99,0.991665364379851,0.991869918699187,0.9916666666666667,0.9981944444444445,0.9876543209876543,1.0,0.9873417721518988,0.975,1.0,1.0,1.0,"[[40, 0, 0], [1, 39, 0], [0, 0, 20]]",gated,2,3,stft,coarse,98698.0,80.51692219999677
0.98,0.9792076838147299,0.9759969028261711,0.9833333333333334,0.9991666666666665,0.9876543209876543,1.0,0.9743589743589743,0.95,0.975609756097561,1.0,1.0,"[[40, 0, 0], [1, 38, 1], [0, 0, 20]]",attention,2,3,stft,coarse,98544.0,63.199241299997084
0.99,0.991665364379851,0.991869918699187,0.9916666666666667,0.9993055555555556,0.9876543209876543,1.0,0.9873417721518988,0.975,1.0,1.0,1.0,"[[40, 0, 0], [1, 39, 0], [0, 0, 20]]",score,2,3,stft,coarse,,0.0
0.65,0.6734006734006734,0.675644881961535,0.7083333333333334,0.7590972222222222,0.6666666666666666,0.775,0.4444444444444444,0.35,0.9090909090909091,1.0,1.0,"[[31, 9, 0], [22, 14, 4], [0, 0, 20]]",logvar,2,3,stft,coarse,3.0,0.0
0.96,0.9625346010032642,0.9676434676434676,0.9583333333333334,0.9990277777777777,0.9620253164556962,0.95,0.9512195121951219,0.975,0.9743589743589743,0.95,0.95,"[[38, 2, 0], [1, 39, 0], [0, 1, 19]]",shallow,2,3,stft,coarse,21.0,0.0
0.95,0.9542786530738337,0.9602203182374541,0.9499999999999998,0.998125,0.9397590361445783,0.975,0.9487179487179487,0.925,0.9743589743589743,0.95,0.95,"[[39, 1, 0], [3, 37, 0], [1, 0, 19]]",raw1d,2,4,stft,coarse,27075.0,31.674560200000997
0.95,0.9498906079074855,0.9499791536376901,0.9499999999999998,0.9936805555555556,0.9367088607594937,0.925,0.9629629629629629,0.975,0.95,0.95,0.95,"[[37, 2, 1], [1, 39, 0], [1, 0, 19]]",spec2d,2,4,stft,coarse,32227.0,16.737804999997024
0.99,0.991665364379851,0.991869918699187,0.9916666666666667,1.0,0.9876543209876543,1.0,0.9873417721518988,0.975,1.0,1.0,1.0,"[[40, 0, 0], [1, 39, 0], [0, 0, 20]]",raw1d_wide,2,4,stft,coarse,99795.0,105.7970789999963
0.95,0.9493109011662907,0.9596501689524946,0.9416666666666668,0.99625,0.9367088607594937,0.925,0.963855421686747,1.0,0.9473684210526315,0.9,0.9,"[[37, 3, 0], [0, 40, 0], [2, 0, 18]]",spec2d_wide,2,4,stft,coarse,97775.0,26.06607559999975
0.98,0.9791035008694781,0.9841269841269842,0.975,0.9990277777777777,0.975609756097561,1.0,0.9873417721518988,0.975,0.9743589743589743,0.95,0.95,"[[40, 0, 0], [1, 39, 0], [1, 0, 19]]",late,2,4,stft,coarse,98571.0,34.55105270000058
0.97,0.9708577901348986,0.9767441860465116,0.9666666666666667,0.9997222222222222,0.963855421686747,1.0,0.9743589743589743,0.95,0.9743589743589743,0.95,0.95,"[[40, 0, 0], [2, 38, 0], [1, 0, 19]]",gated,2,4,stft,coarse,98698.0,34.97312560000864
0.97,0.9666562434855118,0.9674603174603175,0.9666666666666667,0.9988888888888888,0.975609756097561,1.0,0.9743589743589743,0.95,0.95,0.95,0.95,"[[40, 0, 0], [1, 38, 1], [1, 0, 19]]",attention,2,4,stft,coarse,98544.0,43.03915130000678
0.95,0.9498906079074855,0.9499791536376901,0.9499999999999998,0.9936805555555556,0.9367088607594937,0.925,0.9629629629629629,0.975,0.95,0.95,0.95,"[[37, 2, 1], [1, 39, 0], [1, 0, 19]]",score,2,4,stft,coarse,,0.0
0.67,0.7001851851851851,0.6845238095238096,0.725,0.741875,0.625,0.625,0.5866666666666667,0.55,0.8888888888888888,1.0,1.0,"[[25, 13, 2], [15, 22, 3], [0, 0, 20]]",logvar,2,4,stft,coarse,3.0,0.0
0.95,0.947100131086001,0.9394277220364177,0.9583333333333334,0.9979166666666667,0.9743589743589743,0.95,0.9367088607594937,0.925,0.9302325581395349,1.0,1.0,"[[38, 2, 0], [0, 37, 3], [0, 0, 20]]",shallow,2,4,stft,coarse,21.0,0.0
