title,authors,year,venue,doi,doc_type
Semi-supervised Seizure Prediction with Generative Adversarial Networks,N. D. Truong; L. Zhou; O. Kavehei,2019,2019 41st Annual International Conference of the IEEE Engineering in Medicine and Biology Society (EMBC),10.1109/EMBC.2019.8857755,CONF
Automated Identification of Brain Disorders Using EEG and Hybrid Deep Learning Methodologies,D. S. Hasan; Q. Al-Gayem; H. Al-Libawy,2026,2026 22nd IEEE International Colloquium on Signal Processing & Its Applications (CSPA),10.1109/CSPA68262.2026.11517921,CONF
Multiscale Deep Learning for EEG-Based Seizure Detection Bridging Validation Performance and Clinical Deployment,M. H. Chowdary; M. R. Munia; A. Sheakh; W. El-Shafai; A. T. Azar; N. A. Kamal,2026,"2026 International Conference on Control, Automation and Diagnosis (ICCAD)",10.1109/ICCAD69956.2026.11643149,CONF
EEG-TBSANet: Temporal-Spectral Fusion Network for Robust Epilepsy Diagnosis from EEG,S. Ji; W. Wang; J. Chen; J. Qi,2025,2025 IEEE 23rd International Conference on Industrial Informatics (INDIN),10.1109/INDIN64977.2025.11279416,CONF
Multi-feature Fusion for Epileptic Focus Localization Based on Tensor Representation,X. Zhao; J. Solé-Casals; Q. Zhao; J. Cao; T. Tanaka,2021,2021 Asia-Pacific Signal and Information Processing Association Annual Summit and Conference (APSIPA ASC),,CONF
Brain Waves Unleashed: Illuminating Neonatal Seizure Detection via Multi-scale Hierarchical Modeling,B. Pang; Z. Liang; W. Li; X. Meng; C. Wang; Y. Ren,2024,2024 IEEE International Conference on Multimedia and Expo (ICME),10.1109/ICME57554.2024.10687908,CONF
An Overview of Machine Learning Approaches for ECG-Based Epileptic Seizure Detection,H. Jumakhan; M. Deriche,2025,"2025 IEEE 22nd International Multi-Conference on Systems, Signals & Devices (SSD)",10.1109/SSD64182.2025.10989891,CONF
A Multi-Modal Non-Invasive Deep Learning Framework for Progressive Prediction of Seizures,A. Saeizadeh; D. Schonholtz; J. S. Neimat; P. Johari; T. Melodia,2024,2024 IEEE 20th International Conference on Body Sensor Networks (BSN),10.1109/BSN63547.2024.10780713,CONF
A Dual-Branch Interactive Fusion Network to Remove Artifacts From Single-Channel EEG,H. Cui; C. Li; A. Liu; R. Qian; X. Chen,2024,IEEE Transactions on Instrumentation and Measurement,10.1109/TIM.2023.3342863,JOUR
An Efficient Dual-Specialist Framework for Real-Time Epileptic Seizure Detection and Prediction,P. A. Akor; H. Larijani; R. R. Singh; M. Usman; G. Enemali,2026,"2026 15th International Symposium on Communication Systems, Networks and Digital Signal Processing (CSNDSP)",10.1109/CSNDSP68462.2026.11654417,CONF
Multimodal Coherence-Correlation Fusion of EEG and ECoG Signals for Enhanced Epileptic Seizure Detection Using Discrete Lyapunov Wavelet Transform,A. Prinston Pinto; Dattathreya; P. Prasada; S. A. Rag,2025,IEEE Access,10.1109/ACCESS.2025.3608806,JOUR
Multi-Channel Fusion Deep Wavelet Spectrum Network for Epileptic Signal Classification,J. Sun; Z. Cao; J. Zhao,2026,IEEE Journal of Biomedical and Health Informatics,10.1109/JBHI.2025.3610433,JOUR
Predicting Epileptic Seizures using Ensemble Method,P. C. Noble-Nnakenyi; K. A. Olatunji; O. B. Abiola; A. Oguntimilehin; O. A. Adeyemo; G. Babalola,2022,2022 5th Information Technology for Education and Development (ITED),10.1109/ITED56637.2022.10051568,CONF
Epileptic Classification With Deep-Transfer-Learning-Based Feature Fusion Algorithm,J. Cao; D. Hu; Y. Wang; J. Wang; B. Lei,2022,IEEE Transactions on Cognitive and Developmental Systems,10.1109/TCDS.2021.3064228,JOUR
"Automatic Detection of Epileptic Seizures in Neonatal Intensive Care Units Through EEG, ECG and Video Recordings: A Survey",B. Olmi; L. Frassineti; A. Lanata; C. Manfredi,2021,IEEE Access,10.1109/ACCESS.2021.3118227,JOUR
Automated Detection of Epileptic Spikes and Seizures Incorporating a Novel Spatial Clustering Prior,H. Dong; S. Sheng; X. Wang; J. -H. Gao; Y. Sun; W. Yang; K. Xiao; P. Teng; G. Luan; Z. Lv,2024,2024 IEEE International Conference on Bioinformatics and Biomedicine (BIBM),10.1109/BIBM62325.2024.10822337,CONF
NLCTCN: A Non-Local Temporal Convolutional Framework for Spatiotemporal Modeling in Multichannel EEG,H. Zhang; L. Yang; Z. Li; L. Yang; Y. Bian; D. Ding; L. Jiang; Y. -C. Chen; G. Xue,2025,2025 IEEE International Conference on Bioinformatics and Biomedicine (BIBM),10.1109/BIBM66473.2025.11356971,CONF
An Active Dry-Contact Continuous EEG Monitoring System for Seizure Detection Applications in Clinical Neurophysiology,N. L. Wickramasinghe; D. S. Udayantha; A. Abeyratne; K. Weerasinghe; K. Wickremasinghe; J. Wanigasinghe; A. De Silva; C. U. S. Edussooriya,2026,IEEE Transactions on Biomedical Engineering,10.1109/TBME.2025.3629563,JOUR
Machine Learning and Deep Learning in Neuroimaging: Review of Brain Connectivity Analysis for Diagnosis and Prognosis,A. J. Kumar; J. Singla,2026,2026 4th International Conference on Intelligent Data Communication Technologies and Internet of Things (IDCIoT),10.1109/IDCIoT67589.2026.11455832,CONF
Applying 3DCNN to Recognize the weighted Time- frequency Features by Phase Locking Value for Epilepsy Prediction,M. Li; Z. Zhang,2023,2023 35th Chinese Control and Decision Conference (CCDC),10.1109/CCDC58219.2023.10326652,CONF
An EEG-Based Seizure Recognition Method Using Dynamic Routing,Z. Xiong; Y. Liu; P. Jiang,2024,IEEE Access,10.1109/ACCESS.2024.3402075,JOUR
Automatic Seizure Detection in a Mobile Multimedia Framework,G. Muhammad; M. Masud; S. U. Amin; R. Alrobaea; M. F. Alhamid,2018,IEEE Access,10.1109/ACCESS.2018.2859267,JOUR
EEG-Based Seizure Detection Using Temporal Convolutional Networks and Tree-Based Models,K. R. Reddy; V. Kadha; J. N. Surekha; P. A. Kumar; M. Mishra,2026,2026 22nd IEEE International Colloquium on Signal Processing & Its Applications (CSPA),10.1109/CSPA68262.2026.11517706,CONF
End-to-End Deep Learning Framework for Automated Epilepsy Diagnosis from EEG Data,M. N. Meeral; A. A. Rashed Khan; A. Mishra; N. Pradhan; C. Anitha; R. M,2025,2025 IEEE 1st International Conference on Recent Trends in Computing and Smart Mobility (RCSM),10.1109/RCSM67767.2025.11506764,CONF
CoRe-Sleep: A Multimodal Fusion Framework for Time Series Robust to Imperfect Modalities,K. Kontras; C. Chatzichristos; H. Phan; J. Suykens; M. De Vos,2024,IEEE Transactions on Neural Systems and Rehabilitation Engineering,10.1109/TNSRE.2024.3354388,JOUR
Dynamic Spatio-Temporal Fusion Network Via Hierarchical Self-Attention for Seizure Prediction,T. Xiong; T. Zhang; Q. Xiao; J. Yang; D. Huang; X. Kong,2026,IEEE Journal of Biomedical and Health Informatics,10.1109/JBHI.2026.3714542,JOUR
Seizures Prediction with Slower Alpha Rhythm and Faster Gamma Rhythm using CNN-XGBoost Fusion Algorithm,S. B G; S. Murugan; Rajeshkannan,2025,2025 3rd International Conference on Sustainable Computing and Data Communication Systems (ICSCDS),10.1109/ICSCDS65426.2025.11167418,CONF
SemSTNet: Medical EEG Semantic Metric Learning With Class Prototypes Generated by Pretrained Language Model,Q. Chen; C. Ye; R. Xiao; J. Pan; J. Li,2026,IEEE Transactions on Biomedical Engineering,10.1109/TBME.2025.3620754,JOUR
Knowledge-Data Fusion Based Source-Free Semi-Supervised Domain Adaptation for Seizure Subtype Classification,R. Peng; J. An; D. Wu,2024,"2024 IEEE International Conference on Systems, Man, and Cybernetics (SMC)",10.1109/SMC54092.2024.10831339,CONF
Assessing Visual Reasoning of Multimodal Language Models in Biomedical Applications,S. Purba; A. Melles; D. Hackel; I. Obeid; J. Picone,2025,2025 IEEE Signal Processing in Medicine and Biology Symposium (SPMB),10.1109/SPMB67169.2025.11345419,CONF
Deep Learning-Based Early Detection of Neurodevelopmental Disorders Using Multimodal Behavioral and EEG Data,M. B.A.E.; K. A. D. T. Kulawansa; M. D. N. Chandrasiri,2026,2026 IEEE International Research Conference on Smart Computing and Systems Engineering (SCSE),10.1109/SCSE70081.2026.11499783,CONF
NeuroFusion: An Intelligent Multimodal AI Framework for Early Diagnosis and Risk Stratification of Neurological Disorders,N. Suriyapriya; K. G. Maheswari,2026,"2026 International Conference on Innovative Computing, Intelligent Communication and Smart Electrical Systems (ICSES)",10.1109/ICSES66558.2026.11478866,CONF
Enhanced NeuroX: Advanced Algorithms for Neurological Cognitive Dysfunction,B. Lahari; A. Himaja; R. Rajalakshmi,2025,2025 International Conference on Electronics and Renewable Systems (ICEARS),10.1109/ICEARS64219.2025.10940276,CONF
Comparative Analysis of Deep Learning Approaches for Harmful Brain Activity Detection Using EEG,S. S. Bhatti; A. Yadav; M. Monga; N. Kumar,2024,2024 IEEE 8th International Conference on Information and Communication Technology (CICT),10.1109/CICT64037.2024.10899480,CONF
Investigating the Impact of CNN Depth on Neonatal Seizure Detection Performance,A. O’Shea; G. Lightbody; G. Boylan; A. Temko,2018,2018 40th Annual International Conference of the IEEE Engineering in Medicine and Biology Society (EMBC),10.1109/EMBC.2018.8513617,CONF
Multi-model decision-making seizure types classification based on transfer learning,N. Dang; K. Shao; L. Chen; M. Yang,2022,2022 International Symposium on Control Engineering and Robotics (ISCER),10.1109/ISCER55570.2022.00040,CONF
Adaptive Multi-Scale Fusion and Uncertainty-Aware CNN-ViT for EEG Seizure Detection,S. Chawla; R. Ranjan; Y. Narayan,2026,"2026 IEEE 6th International Conference on Computing, Power, and Communication Technologies (IC2PCT)",10.1109/IC2PCT68894.2026.11584424,CONF
KDF-DIL: Knowledge-Data Fusion for Domain Incremental Seizure Detection,J. An; D. Liu; X. Xu; D. Wu,2026,IEEE Journal of Biomedical and Health Informatics,10.1109/JBHI.2026.3738399,JOUR
Advances in Multimodal Machine Learning for Brain Disorder Classification: A Comprehensive Review and Research Roadmap,P. Vishalini; T. Anuradha,2026,"2026 5th International Conference on Communication, Computing and Electronics Systems (ICCCES)",10.1109/ICCCES62661.2026.11437067,CONF
A Feature Fusion Model Based on Temporal Convolutional Network for Automatic Sleep Staging Using Single-Channel EEG,J. Bao; G. Wang; T. Wang; N. Wu; S. Hu; W. H. Lee; S. -L. Lo; X. Yan; Y. Zheng; G. Wang,2024,IEEE Journal of Biomedical and Health Informatics,10.1109/JBHI.2024.3457969,JOUR
Explainable End-to-End Seizure Prediction via Stationary Wavelet Transform-Driven Dynamic Multiscale Fuzzy Clustering,J. Wang; Y. Wang; W. Nie; Q. Yuan,2025,IEEE Journal of Biomedical and Health Informatics,10.1109/JBHI.2025.3633739,JOUR
Prediction of Seizure via Residual Networks Based on Decision Fusion,L. Duan; Y. Wang; Y. Xiao; Y. Qiao; C. Wang,2020,"2020 13th International Congress on Image and Signal Processing, BioMedical Engineering and Informatics (CISP-BMEI)",10.1109/CISP-BMEI51763.2020.9263544,CONF
GCF-SeizNet: A Dual-Modal Gated Co-Attention Fusion Network for Neonatal Seizure Detection,C. Yang; M. Zhu; X. Li; K. Zhang; S. T. Aboyeji; W. Hou; J. Yang; S. Chen,2026,2026 7th International Conference on Pattern Recognition and Machine Learning (PRML),10.1109/PRML71097.2026.11687150,CONF
Adaptive Multimodal Fusion Network with Attention Mechanisms for Robust Medical Signal Classification,S. Jirapattarasakul; N. Joijinda; R. Rattanakanpirom; T. Akkaralaertsest; T. Yingthawornsuk,2026,"2026 23rd International Conference on Electrical Engineering/Electronics, Computer, Telecommunications and Information Technology (ECTI-CON)",10.1109/ECTI-CON68836.2026.11608561,CONF
Automatic Detection of EEG Epileptiform Abnormalities in Traumatic Brain Injury using Deep Learning,R. Faghihpirayesh; S. Ruf; M. L. Rocca; R. Garner; P. Vespa; D. Erdoğmuş; D. Duncan,2021,2021 43rd Annual International Conference of the IEEE Engineering in Medicine & Biology Society (EMBC),10.1109/EMBC46164.2021.9630242,CONF
2D Wavelet-Scalogram Deep-Learning for Seizures Pattern Identification in the Post-Hypoxic-Ischemic EEG of Preterm Fetal Sheep,H. Abbasi; S. K. Dhillon; J. Davidson; A. J. Gunn; L. Bennet,2023,2023 45th Annual International Conference of the IEEE Engineering in Medicine & Biology Society (EMBC),10.1109/EMBC40787.2023.10340425,CONF
Synthesizing Multi-Modal Imaging for Enhanced Brain Mapping in Neurology: A State-of-the-art Review,P. Kumar; T. K. Mohammad; A. Pramod Kumar; R. Kassym; T. A. S.; T. Akmaral,2024,"2024 5th International Conference on Communications, Information, Electronic and Energy Systems (CIEES)",10.1109/CIEES62939.2024.10811448,CONF
Deep Learning with Edge Computing for Localization of Epileptogenicity Using Multimodal rs-fMRI and EEG Big Data,M. -P. Hosseini; T. X. Tran; D. Pompili; K. Elisevich; H. Soltanian-Zadeh,2017,2017 IEEE International Conference on Autonomic Computing (ICAC),10.1109/ICAC.2017.41,CONF
Low to High Dimensional Projection of Seizure Electroencephalography Using Recurrent Neural Network,V. KN; N. Singh; D. Hazarika; C. N. Gupta,2023,2023 IEEE 20th India Council International Conference (INDICON),10.1109/INDICON59947.2023.10440874,CONF
SCFNet: An easily transportable epileptiform electrical classification network,W. Xu; R. Lu; K. Yao; H. Zhang,2025,2025 40th Youth Academic Annual Conference of Chinese Association of Automation (YAC),10.1109/YAC66630.2025.11149728,CONF
Automated Identification of Cyclic Alternating Patterns of Sleep Using Fusion of VGG16 and Vision Transformer,H. Telangore; A. Kumar Jha; P. Verma; M. Sharma; C. Sabareesh; A. A. Bhurane; H. S. Mir; U. Rajendra Acharya,2025,IEEE Access,10.1109/ACCESS.2025.3571145,JOUR
A Comprehensive Analysis of Biomarkers for Neurological Disorder Detections,K. Bhardwaj; S. Sharma,2026,2026 IEEE Madhya Pradesh Section Conference (MPCON),10.1109/MPCON69668.2026.11509017,CONF
Enhancing EEG Data Quality with Explainable AI-Based Artifact Detection Models,S. Bansal; R. K. Verma; A. Dutt; R. Verma; A. Busad; R. P. R. Kumar,2026,2026 2nd International Conference on Big Data & Machine Learning (ICBDML),10.1109/ICBDML68582.2026.11544650,CONF
HCFT: A Hierarchical Convolutional Fusion Transformer for Cross-Task EEG Decoding,H. Zhang; J. Zhu; Y. Chen; H. Li,2026,IEEE Journal of Biomedical and Health Informatics,10.1109/JBHI.2026.3721596,JOUR
Battery-Less Implantable Continuous EEG Monitoring via Anisotropic Diffusion,K. Anjum; D. Pompili,2024,IEEE Journal on Selected Areas in Communications,10.1109/JSAC.2024.3399203,JOUR
Fair-Esi: Feature Adaptive Importance Refinement for Electrophysiological Source Imaging,L. Zou; L. Zhang; X. Wang; J. -H. Gao; Y. Sun; S. Sheng; K. Xiao; W. Yang; P. Teng; G. Luan; Z. Lv; Z. Xu,2025,2025 IEEE International Conference on Bioinformatics and Biomedicine (BIBM),10.1109/BIBM66473.2025.11356466,CONF
A One-Step Physiological Status Assessment Method Fusing Subject-Variant Information,Y. An; S. Chen; X. Zhang,2023,IEEE Transactions on Automation Science and Engineering,10.1109/TASE.2022.3183589,JOUR
EEGDM: Label-Efficient EEG Representation Learning with Generative Diffusion Model,J. H. Puah; S. K. Goh; Z. Zhang; Z. Ye; C. K. Chan; K. S. Lim; S. L. Fong; K. S. Woon; C. Guan,2026,IEEE Journal of Biomedical and Health Informatics,10.1109/JBHI.2026.3737616,JOUR
Artificial Intelligence in Action (2019-2024): A Review on Parkinson’s Disease Detection Using Non-Invasive Procedures,P. Patro; T. K. Das,2025,IEEE Access,10.1109/ACCESS.2025.3583572,JOUR
