acc,f1_macro,precision_macro,recall_macro,auc,f1_c0,recall_c0,f1_c1,recall_c1,recall_ictal,cm,model,repeat,fold,n_fit
0.9166666666666666,0.9093929326487467,0.899529964747356,0.925,0.9775,0.935064935064935,0.9,0.8837209302325582,0.95,0.95,"[[36, 4], [1, 19]]",logvar__trval,0,0,240
0.9333333333333333,0.9282296650717703,0.9166666666666667,0.95,0.9775,0.9473684210526315,0.9,0.9090909090909091,1.0,1.0,"[[36, 4], [0, 20]]",logvar__tr_only,0,0,192
0.95,0.9444272923741897,0.9395604395604396,0.95,0.9974999999999999,0.9620253164556962,0.95,0.926829268292683,0.95,0.95,"[[38, 2], [1, 19]]",shallow__trval,0,0,240
0.95,0.9444272923741897,0.9395604395604396,0.95,0.9974999999999999,0.9620253164556962,0.95,0.926829268292683,0.95,0.95,"[[38, 2], [1, 19]]",shallow__tr_only,0,0,192
0.95,0.9444272923741897,0.9395604395604396,0.95,0.9924999999999999,0.9620253164556962,0.95,0.926829268292683,0.95,0.95,"[[38, 2], [1, 19]]",logvar__trval,0,1,240
0.95,0.9444272923741897,0.9395604395604396,0.95,0.9924999999999999,0.9620253164556962,0.95,0.926829268292683,0.95,0.95,"[[38, 2], [1, 19]]",logvar__tr_only,0,1,192
0.9666666666666667,0.9633699633699633,0.9545454545454546,0.975,0.9974999999999999,0.9743589743589743,0.95,0.9523809523809523,1.0,1.0,"[[38, 2], [0, 20]]",shallow__trval,0,1,240
0.9666666666666667,0.9633699633699633,0.9545454545454546,0.975,0.99875,0.9743589743589743,0.95,0.9523809523809523,1.0,1.0,"[[38, 2], [0, 20]]",shallow__tr_only,0,1,192
0.9333333333333333,0.925,0.925,0.925,0.9862500000000001,0.95,0.95,0.9,0.9,0.9,"[[38, 2], [2, 18]]",logvar__trval,0,2,240
0.9166666666666666,0.9050332383665717,0.9107830551989731,0.8999999999999999,0.9862500000000001,0.9382716049382716,0.95,0.8717948717948718,0.85,0.85,"[[38, 2], [3, 17]]",logvar__tr_only,0,2,192
0.9833333333333333,0.9810066476733144,0.9878048780487805,0.975,0.9974999999999999,0.9876543209876543,1.0,0.9743589743589743,0.95,0.95,"[[40, 0], [1, 19]]",shallow__trval,0,2,240
0.9833333333333333,0.9810066476733144,0.9878048780487805,0.975,0.9974999999999999,0.9876543209876543,1.0,0.9743589743589743,0.95,0.95,"[[40, 0], [1, 19]]",shallow__tr_only,0,2,192
0.95,0.9413871703028329,0.9651162790697674,0.925,1.0,0.963855421686747,1.0,0.918918918918919,0.85,0.85,"[[40, 0], [3, 17]]",logvar__trval,0,3,240
0.95,0.9413871703028329,0.9651162790697674,0.925,1.0,0.963855421686747,1.0,0.918918918918919,0.85,0.85,"[[40, 0], [3, 17]]",logvar__tr_only,0,3,192
0.9833333333333333,0.9810066476733144,0.9878048780487805,0.975,0.9875,0.9876543209876543,1.0,0.9743589743589743,0.95,0.95,"[[40, 0], [1, 19]]",shallow__trval,0,3,240
0.9833333333333333,0.9810066476733144,0.9878048780487805,0.975,0.9875,0.9876543209876543,1.0,0.9743589743589743,0.95,0.95,"[[40, 0], [1, 19]]",shallow__tr_only,0,3,192
0.9666666666666667,0.9633699633699633,0.9545454545454546,0.975,0.97125,0.9743589743589743,0.95,0.9523809523809523,1.0,1.0,"[[38, 2], [0, 20]]",logvar__trval,0,4,240
0.9666666666666667,0.9633699633699633,0.9545454545454546,0.975,0.97125,0.9743589743589743,0.95,0.9523809523809523,1.0,1.0,"[[38, 2], [0, 20]]",logvar__tr_only,0,4,192
0.9666666666666667,0.9633699633699633,0.9545454545454546,0.975,0.99375,0.9743589743589743,0.95,0.9523809523809523,1.0,1.0,"[[38, 2], [0, 20]]",shallow__trval,0,4,240
0.9833333333333333,0.9814757641247298,0.9761904761904762,0.9875,0.995,0.9873417721518988,0.975,0.975609756097561,1.0,1.0,"[[39, 1], [0, 20]]",shallow__tr_only,0,4,192
0.9166666666666666,0.9050332383665717,0.9107830551989731,0.8999999999999999,0.99,0.9382716049382716,0.95,0.8717948717948718,0.85,0.85,"[[38, 2], [3, 17]]",logvar__trval,1,0,240
0.9166666666666666,0.9050332383665717,0.9107830551989731,0.8999999999999999,0.99,0.9382716049382716,0.95,0.8717948717948718,0.85,0.85,"[[38, 2], [3, 17]]",logvar__tr_only,1,0,192
0.9833333333333333,0.9814757641247298,0.9761904761904762,0.9875,0.99875,0.9873417721518988,0.975,0.975609756097561,1.0,1.0,"[[39, 1], [0, 20]]",shallow__trval,1,0,240
0.9666666666666667,0.9624999999999999,0.9624999999999999,0.9624999999999999,0.99875,0.975,0.975,0.95,0.95,0.95,"[[39, 1], [1, 19]]",shallow__tr_only,1,0,192
0.95,0.9444272923741897,0.9395604395604396,0.95,0.9824999999999999,0.9620253164556962,0.95,0.926829268292683,0.95,0.95,"[[38, 2], [1, 19]]",logvar__trval,1,1,240
0.95,0.9444272923741897,0.9395604395604396,0.95,0.9824999999999999,0.9620253164556962,0.95,0.926829268292683,0.95,0.95,"[[38, 2], [1, 19]]",logvar__tr_only,1,1,192
0.9666666666666667,0.9624999999999999,0.9624999999999999,0.9624999999999999,0.99875,0.975,0.975,0.95,0.95,0.95,"[[39, 1], [1, 19]]",shallow__trval,1,1,240
0.9666666666666667,0.9624999999999999,0.9624999999999999,0.9624999999999999,0.99875,0.975,0.975,0.95,0.95,0.95,"[[39, 1], [1, 19]]",shallow__tr_only,1,1,192
0.9666666666666667,0.9624999999999999,0.9624999999999999,0.9624999999999999,0.99375,0.975,0.975,0.95,0.95,0.95,"[[39, 1], [1, 19]]",logvar__trval,1,2,240
0.9666666666666667,0.9633699633699633,0.9545454545454546,0.975,0.99375,0.9743589743589743,0.95,0.9523809523809523,1.0,1.0,"[[38, 2], [0, 20]]",logvar__tr_only,1,2,192
1.0,1.0,1.0,1.0,1.0,1.0,1.0,1.0,1.0,1.0,"[[40, 0], [0, 20]]",shallow__trval,1,2,240
0.9833333333333333,0.9814757641247298,0.9761904761904762,0.9875,1.0,0.9873417721518988,0.975,0.975609756097561,1.0,1.0,"[[39, 1], [0, 20]]",shallow__tr_only,1,2,192
0.9166666666666666,0.9073788206236493,0.9029304029304028,0.9125000000000001,0.9725,0.9367088607594937,0.925,0.8780487804878049,0.9,0.9,"[[37, 3], [2, 18]]",logvar__trval,1,3,240
0.9166666666666666,0.9073788206236493,0.9029304029304028,0.9125000000000001,0.9725,0.9367088607594937,0.925,0.8780487804878049,0.9,0.9,"[[37, 3], [2, 18]]",logvar__tr_only,1,3,192
0.9333333333333333,0.925,0.925,0.925,0.98125,0.95,0.95,0.9,0.9,0.9,"[[38, 2], [2, 18]]",shallow__trval,1,3,240
0.9333333333333333,0.925,0.925,0.925,0.98,0.95,0.95,0.9,0.9,0.9,"[[38, 2], [2, 18]]",shallow__tr_only,1,3,192
0.95,0.9444272923741897,0.9395604395604396,0.95,0.995,0.9620253164556962,0.95,0.926829268292683,0.95,0.95,"[[38, 2], [1, 19]]",logvar__trval,1,4,240
0.95,0.9444272923741897,0.9395604395604396,0.95,0.995,0.9620253164556962,0.95,0.926829268292683,0.95,0.95,"[[38, 2], [1, 19]]",logvar__tr_only,1,4,192
0.9833333333333333,0.9814757641247298,0.9761904761904762,0.9875,1.0,0.9873417721518988,0.975,0.975609756097561,1.0,1.0,"[[39, 1], [0, 20]]",shallow__trval,1,4,240
0.9833333333333333,0.9814757641247298,0.9761904761904762,0.9875,0.99875,0.9873417721518988,0.975,0.975609756097561,1.0,1.0,"[[39, 1], [0, 20]]",shallow__tr_only,1,4,192
0.9333333333333333,0.9267399267399268,0.9186602870813397,0.9375,0.9850000000000001,0.9487179487179487,0.925,0.9047619047619048,0.95,0.95,"[[37, 3], [1, 19]]",logvar__trval,2,0,240
0.9333333333333333,0.9267399267399268,0.9186602870813397,0.9375,0.9850000000000001,0.9487179487179487,0.925,0.9047619047619048,0.95,0.95,"[[37, 3], [1, 19]]",logvar__tr_only,2,0,192
0.9666666666666667,0.9633699633699633,0.9545454545454546,0.975,0.99625,0.9743589743589743,0.95,0.9523809523809523,1.0,1.0,"[[38, 2], [0, 20]]",shallow__trval,2,0,240
0.9666666666666667,0.9633699633699633,0.9545454545454546,0.975,0.99625,0.9743589743589743,0.95,0.9523809523809523,1.0,1.0,"[[38, 2], [0, 20]]",shallow__tr_only,2,0,192
0.9,0.8923444976076556,0.8819444444444444,0.9125,0.98,0.9210526315789473,0.875,0.8636363636363636,0.95,0.95,"[[35, 5], [1, 19]]",logvar__trval,2,1,240
0.9,0.8923444976076556,0.8819444444444444,0.9125,0.98,0.9210526315789473,0.875,0.8636363636363636,0.95,0.95,"[[35, 5], [1, 19]]",logvar__tr_only,2,1,192
0.9333333333333333,0.9267399267399268,0.9186602870813397,0.9375,0.9925,0.9487179487179487,0.925,0.9047619047619048,0.95,0.95,"[[37, 3], [1, 19]]",shallow__trval,2,1,240
0.9333333333333333,0.9267399267399268,0.9186602870813397,0.9375,0.995,0.9487179487179487,0.925,0.9047619047619048,0.95,0.95,"[[37, 3], [1, 19]]",shallow__tr_only,2,1,192
0.95,0.9430199430199431,0.9492939666238767,0.9375,0.98,0.9629629629629629,0.975,0.9230769230769231,0.9,0.9,"[[39, 1], [2, 18]]",logvar__trval,2,2,240
0.95,0.9430199430199431,0.9492939666238767,0.9375,0.98,0.9629629629629629,0.975,0.9230769230769231,0.9,0.9,"[[39, 1], [2, 18]]",logvar__tr_only,2,2,192
0.95,0.9430199430199431,0.9492939666238767,0.9375,0.9874999999999999,0.9629629629629629,0.975,0.9230769230769231,0.9,0.9,"[[39, 1], [2, 18]]",shallow__trval,2,2,240
0.95,0.9430199430199431,0.9492939666238767,0.9375,0.98625,0.9629629629629629,0.975,0.9230769230769231,0.9,0.9,"[[39, 1], [2, 18]]",shallow__tr_only,2,2,192
0.9666666666666667,0.9614890885750962,0.9761904761904762,0.95,1.0,0.975609756097561,1.0,0.9473684210526315,0.9,0.9,"[[40, 0], [2, 18]]",logvar__trval,2,3,240
0.9666666666666667,0.9614890885750962,0.9761904761904762,0.95,1.0,0.975609756097561,1.0,0.9473684210526315,0.9,0.9,"[[40, 0], [2, 18]]",logvar__tr_only,2,3,192
0.9666666666666667,0.9624999999999999,0.9624999999999999,0.9624999999999999,0.99875,0.975,0.975,0.95,0.95,0.95,"[[39, 1], [1, 19]]",shallow__trval,2,3,240
0.9833333333333333,0.9814757641247298,0.9761904761904762,0.9875,0.99875,0.9873417721518988,0.975,0.975609756097561,1.0,1.0,"[[39, 1], [0, 20]]",shallow__tr_only,2,3,192
0.95,0.9444272923741897,0.9395604395604396,0.95,0.9912500000000001,0.9620253164556962,0.95,0.926829268292683,0.95,0.95,"[[38, 2], [1, 19]]",logvar__trval,2,4,240
0.95,0.9444272923741897,0.9395604395604396,0.95,0.9912500000000001,0.9620253164556962,0.95,0.926829268292683,0.95,0.95,"[[38, 2], [1, 19]]",logvar__tr_only,2,4,192
1.0,1.0,1.0,1.0,1.0,1.0,1.0,1.0,1.0,1.0,"[[40, 0], [0, 20]]",shallow__trval,2,4,240
1.0,1.0,1.0,1.0,1.0,1.0,1.0,1.0,1.0,1.0,"[[40, 0], [0, 20]]",shallow__tr_only,2,4,192
0.9833333333333333,0.9810066476733144,0.9878048780487805,0.975,1.0,0.9876543209876543,1.0,0.9743589743589743,0.95,0.95,"[[40, 0], [1, 19]]",logvar__trval,3,0,240
0.9833333333333333,0.9810066476733144,0.9878048780487805,0.975,1.0,0.9876543209876543,1.0,0.9743589743589743,0.95,0.95,"[[40, 0], [1, 19]]",logvar__tr_only,3,0,192
0.9666666666666667,0.9614890885750962,0.9761904761904762,0.95,0.985,0.975609756097561,1.0,0.9473684210526315,0.9,0.9,"[[40, 0], [2, 18]]",shallow__trval,3,0,240
0.95,0.9413871703028329,0.9651162790697674,0.925,0.98625,0.963855421686747,1.0,0.918918918918919,0.85,0.85,"[[40, 0], [3, 17]]",shallow__tr_only,3,0,192
0.9333333333333333,0.9267399267399268,0.9186602870813397,0.9375,0.9850000000000001,0.9487179487179487,0.925,0.9047619047619048,0.95,0.95,"[[37, 3], [1, 19]]",logvar__trval,3,1,240
0.9333333333333333,0.9267399267399268,0.9186602870813397,0.9375,0.9850000000000001,0.9487179487179487,0.925,0.9047619047619048,0.95,0.95,"[[37, 3], [1, 19]]",logvar__tr_only,3,1,192
0.9333333333333333,0.9267399267399268,0.9186602870813397,0.9375,0.9962500000000001,0.9487179487179487,0.925,0.9047619047619048,0.95,0.95,"[[37, 3], [1, 19]]",shallow__trval,3,1,240
0.9333333333333333,0.9267399267399268,0.9186602870813397,0.9375,0.9962500000000001,0.9487179487179487,0.925,0.9047619047619048,0.95,0.95,"[[37, 3], [1, 19]]",shallow__tr_only,3,1,192
0.9166666666666666,0.9093929326487467,0.899529964747356,0.925,0.96875,0.935064935064935,0.9,0.8837209302325582,0.95,0.95,"[[36, 4], [1, 19]]",logvar__trval,3,2,240
0.9166666666666666,0.9093929326487467,0.899529964747356,0.925,0.96875,0.935064935064935,0.9,0.8837209302325582,0.95,0.95,"[[36, 4], [1, 19]]",logvar__tr_only,3,2,192
0.9666666666666667,0.9633699633699633,0.9545454545454546,0.975,0.99875,0.9743589743589743,0.95,0.9523809523809523,1.0,1.0,"[[38, 2], [0, 20]]",shallow__trval,3,2,240
0.9666666666666667,0.9633699633699633,0.9545454545454546,0.975,0.9974999999999999,0.9743589743589743,0.95,0.9523809523809523,1.0,1.0,"[[38, 2], [0, 20]]",shallow__tr_only,3,2,192
0.9333333333333333,0.925,0.925,0.925,0.99125,0.95,0.95,0.9,0.9,0.9,"[[38, 2], [2, 18]]",logvar__trval,3,3,240
0.95,0.9444272923741897,0.9395604395604396,0.95,0.99125,0.9620253164556962,0.95,0.926829268292683,0.95,0.95,"[[38, 2], [1, 19]]",logvar__tr_only,3,3,192
0.95,0.945635759589248,0.9347826086956521,0.9625,0.9974999999999999,0.961038961038961,0.925,0.9302325581395349,1.0,1.0,"[[37, 3], [0, 20]]",shallow__trval,3,3,240
0.95,0.945635759589248,0.9347826086956521,0.9625,0.9974999999999999,0.961038961038961,0.925,0.9302325581395349,1.0,1.0,"[[37, 3], [0, 20]]",shallow__tr_only,3,3,192
0.9166666666666666,0.9050332383665717,0.9107830551989731,0.8999999999999999,0.99,0.9382716049382716,0.95,0.8717948717948718,0.85,0.85,"[[38, 2], [3, 17]]",logvar__trval,3,4,240
0.9166666666666666,0.9050332383665717,0.9107830551989731,0.8999999999999999,0.99,0.9382716049382716,0.95,0.8717948717948718,0.85,0.85,"[[38, 2], [3, 17]]",logvar__tr_only,3,4,192
1.0,1.0,1.0,1.0,1.0,1.0,1.0,1.0,1.0,1.0,"[[40, 0], [0, 20]]",shallow__trval,3,4,240
1.0,1.0,1.0,1.0,1.0,1.0,1.0,1.0,1.0,1.0,"[[40, 0], [0, 20]]",shallow__tr_only,3,4,192
0.95,0.9444272923741897,0.9395604395604396,0.95,0.99625,0.9620253164556962,0.95,0.926829268292683,0.95,0.95,"[[38, 2], [1, 19]]",logvar__trval,4,0,240
0.9666666666666667,0.9633699633699633,0.9545454545454546,0.975,0.99625,0.9743589743589743,0.95,0.9523809523809523,1.0,1.0,"[[38, 2], [0, 20]]",logvar__tr_only,4,0,192
0.9833333333333333,0.9814757641247298,0.9761904761904762,0.9875,0.99875,0.9873417721518988,0.975,0.975609756097561,1.0,1.0,"[[39, 1], [0, 20]]",shallow__trval,4,0,240
0.9666666666666667,0.9624999999999999,0.9624999999999999,0.9624999999999999,0.99875,0.975,0.975,0.95,0.95,0.95,"[[39, 1], [1, 19]]",shallow__tr_only,4,0,192
0.9166666666666666,0.9073788206236493,0.9029304029304028,0.9125000000000001,0.9712500000000001,0.9367088607594937,0.925,0.8780487804878049,0.9,0.9,"[[37, 3], [2, 18]]",logvar__trval,4,1,240
0.9166666666666666,0.9073788206236493,0.9029304029304028,0.9125000000000001,0.9712500000000001,0.9367088607594937,0.925,0.8780487804878049,0.9,0.9,"[[37, 3], [2, 18]]",logvar__tr_only,4,1,192
0.9666666666666667,0.9624999999999999,0.9624999999999999,0.9624999999999999,0.99,0.975,0.975,0.95,0.95,0.95,"[[39, 1], [1, 19]]",shallow__trval,4,1,240
0.9666666666666667,0.9624999999999999,0.9624999999999999,0.9624999999999999,0.99,0.975,0.975,0.95,0.95,0.95,"[[39, 1], [1, 19]]",shallow__tr_only,4,1,192
0.95,0.945635759589248,0.9347826086956521,0.9625,0.9837499999999999,0.961038961038961,0.925,0.9302325581395349,1.0,1.0,"[[37, 3], [0, 20]]",logvar__trval,4,2,240
0.95,0.945635759589248,0.9347826086956521,0.9625,0.9837499999999999,0.961038961038961,0.925,0.9302325581395349,1.0,1.0,"[[37, 3], [0, 20]]",logvar__tr_only,4,2,192
0.95,0.9444272923741897,0.9395604395604396,0.95,0.995,0.9620253164556962,0.95,0.926829268292683,0.95,0.95,"[[38, 2], [1, 19]]",shallow__trval,4,2,240
0.95,0.9444272923741897,0.9395604395604396,0.95,0.9962500000000001,0.9620253164556962,0.95,0.926829268292683,0.95,0.95,"[[38, 2], [1, 19]]",shallow__tr_only,4,2,192
0.9666666666666667,0.9624999999999999,0.9624999999999999,0.9624999999999999,0.98625,0.975,0.975,0.95,0.95,0.95,"[[39, 1], [1, 19]]",logvar__trval,4,3,240
0.9666666666666667,0.9624999999999999,0.9624999999999999,0.9624999999999999,0.98625,0.975,0.975,0.95,0.95,0.95,"[[39, 1], [1, 19]]",logvar__tr_only,4,3,192
0.9666666666666667,0.9633699633699633,0.9545454545454546,0.975,0.99625,0.9743589743589743,0.95,0.9523809523809523,1.0,1.0,"[[38, 2], [0, 20]]",shallow__trval,4,3,240
0.9666666666666667,0.9633699633699633,0.9545454545454546,0.975,0.99625,0.9743589743589743,0.95,0.9523809523809523,1.0,1.0,"[[38, 2], [0, 20]]",shallow__tr_only,4,3,192
0.9166666666666666,0.9050332383665717,0.9107830551989731,0.8999999999999999,0.99125,0.9382716049382716,0.95,0.8717948717948718,0.85,0.85,"[[38, 2], [3, 17]]",logvar__trval,4,4,240
0.9166666666666666,0.9050332383665717,0.9107830551989731,0.8999999999999999,0.99125,0.9382716049382716,0.95,0.8717948717948718,0.85,0.85,"[[38, 2], [3, 17]]",logvar__tr_only,4,4,192
0.9833333333333333,0.9810066476733144,0.9878048780487805,0.975,0.99875,0.9876543209876543,1.0,0.9743589743589743,0.95,0.95,"[[40, 0], [1, 19]]",shallow__trval,4,4,240
0.9833333333333333,0.9810066476733144,0.9878048780487805,0.975,0.99875,0.9876543209876543,1.0,0.9743589743589743,0.95,0.95,"[[40, 0], [1, 19]]",shallow__tr_only,4,4,192
