acc,f1_macro,precision_macro,recall_macro,auc,f1_c0,recall_c0,f1_c1,recall_c1,recall_ictal,cm,model,repeat,fold,params,sec,blend_w
1.0,1.0,1.0,1.0,1.0,1.0,1.0,1.0,1.0,1.0,"[[80, 0], [0, 20]]",raw1d,0,0,26946,38.922228900002665,
0.97,0.9502570054717294,0.9819277108433735,0.925,0.999375,0.9815950920245399,1.0,0.918918918918919,0.85,0.85,"[[80, 0], [3, 17]]",spec2d,0,0,32098,12.449071899998671,
0.99,0.9846602239607302,0.9761904761904762,0.99375,1.0,0.9937106918238994,0.9875,0.975609756097561,1.0,1.0,"[[79, 1], [0, 20]]",raw1d_wide,0,0,99666,103.21462119999705,
0.99,0.9840738971173754,0.9938271604938271,0.975,1.0,0.9937888198757764,1.0,0.9743589743589743,0.95,0.95,"[[80, 0], [1, 19]]",spec2d_wide,0,0,97646,25.76195739999821,
1.0,1.0,1.0,1.0,1.0,1.0,1.0,1.0,1.0,1.0,"[[80, 0], [0, 20]]",late,0,0,98416,58.904555100001744,
0.99,0.9840738971173754,0.9938271604938271,0.975,0.999375,0.9937888198757764,1.0,0.9743589743589743,0.95,0.95,"[[80, 0], [1, 19]]",gated,0,0,98569,50.47556609999447,
1.0,1.0,1.0,1.0,1.0,1.0,1.0,1.0,1.0,1.0,"[[80, 0], [0, 20]]",attention,0,0,98415,47.47228560000076,
0.98,0.9675113710201428,0.9878048780487805,0.95,0.990625,0.9876543209876543,1.0,0.9473684210526315,0.9,0.9,"[[80, 0], [2, 18]]",early,0,0,97617,32.066404299999704,
0.98,0.9675113710201428,0.9878048780487805,0.95,1.0,0.9876543209876543,1.0,0.9473684210526315,0.9,0.9,"[[80, 0], [2, 18]]",score,0,0,59044,0.09250819999579107,0.42500000000000004
1.0,1.0,1.0,1.0,1.0,1.0,1.0,1.0,1.0,1.0,"[[80, 0], [0, 20]]",logvar,0,0,2,0.02287870000145631,
1.0,1.0,1.0,1.0,1.0,1.0,1.0,1.0,1.0,1.0,"[[80, 0], [0, 20]]",shallow,0,0,14,0.07275639999716077,
0.99,0.9840738971173754,0.9938271604938271,0.975,0.99875,0.9937888198757764,1.0,0.9743589743589743,0.95,0.95,"[[80, 0], [1, 19]]",raw1d,0,1,26946,42.842636200002744,
0.98,0.96875,0.96875,0.96875,0.999375,0.9875,0.9875,0.95,0.95,0.95,"[[79, 1], [1, 19]]",spec2d,0,1,32098,11.375594800003455,
0.99,0.9840738971173754,0.9938271604938271,0.975,0.973125,0.9937888198757764,1.0,0.9743589743589743,0.95,0.95,"[[80, 0], [1, 19]]",raw1d_wide,0,1,99666,158.39263790000405,
1.0,1.0,1.0,1.0,1.0,1.0,1.0,1.0,1.0,1.0,"[[80, 0], [0, 20]]",spec2d_wide,0,1,97646,22.71907839999767,
1.0,1.0,1.0,1.0,1.0,1.0,1.0,1.0,1.0,1.0,"[[80, 0], [0, 20]]",late,0,1,98416,54.75898980000056,
0.98,0.9698613622664256,0.9545454545454546,0.9875,1.0,0.9873417721518988,0.975,0.9523809523809523,1.0,1.0,"[[78, 2], [0, 20]]",gated,0,1,98569,45.75900919999549,
0.99,0.9840738971173754,0.9938271604938271,0.975,1.0,0.9937888198757764,1.0,0.9743589743589743,0.95,0.95,"[[80, 0], [1, 19]]",attention,0,1,98415,58.92996239999775,
0.97,0.9522216913521262,0.9613385315139701,0.9437500000000001,0.979375,0.9813664596273292,0.9875,0.9230769230769231,0.9,0.9,"[[79, 1], [2, 18]]",early,0,1,97617,26.712399899995944,
1.0,1.0,1.0,1.0,1.0,1.0,1.0,1.0,1.0,1.0,"[[80, 0], [0, 20]]",score,0,1,59044,0.09107339999900432,0.45
0.97,0.9522216913521262,0.9613385315139701,0.9437500000000001,0.995,0.9813664596273292,0.9875,0.9230769230769231,0.9,0.9,"[[79, 1], [2, 18]]",logvar,0,1,2,0.025790500003495254,
0.98,0.96875,0.96875,0.96875,0.9981249999999999,0.9875,0.9875,0.95,0.95,0.95,"[[79, 1], [1, 19]]",shallow,0,1,14,0.034397099996567704,
0.99,0.9846602239607302,0.9761904761904762,0.99375,0.999375,0.9937106918238994,0.9875,0.975609756097561,1.0,1.0,"[[79, 1], [0, 20]]",raw1d,0,2,26946,40.60049599999911,
0.98,0.9675113710201428,0.9878048780487805,0.95,0.99875,0.9876543209876543,1.0,0.9473684210526315,0.9,0.9,"[[80, 0], [2, 18]]",spec2d,0,2,32098,10.132216000005428,
0.98,0.9675113710201428,0.9878048780487805,0.95,0.999375,0.9876543209876543,1.0,0.9473684210526315,0.9,0.9,"[[80, 0], [2, 18]]",raw1d_wide,0,2,99666,128.04850420000002,
0.99,0.9840738971173754,0.9938271604938271,0.975,1.0,0.9937888198757764,1.0,0.9743589743589743,0.95,0.95,"[[80, 0], [1, 19]]",spec2d_wide,0,2,97646,24.239183600002434,
0.98,0.96875,0.96875,0.96875,0.999375,0.9875,0.9875,0.95,0.95,0.95,"[[79, 1], [1, 19]]",late,0,2,98416,49.031491200003074,
0.96,0.9322493224932249,0.9761904761904762,0.9,0.999375,0.975609756097561,1.0,0.8888888888888888,0.8,0.8,"[[80, 0], [4, 16]]",gated,0,2,98569,48.913054500000726,
0.98,0.9675113710201428,0.9878048780487805,0.95,0.9937499999999999,0.9876543209876543,1.0,0.9473684210526315,0.9,0.9,"[[80, 0], [2, 18]]",attention,0,2,98415,51.859120499997516,
0.93,0.8787878787878788,0.9313725490196079,0.84375,0.905,0.9575757575757575,0.9875,0.8,0.7,0.7,"[[79, 1], [6, 14]]",early,0,2,97617,24.367157699998643,
0.98,0.9675113710201428,0.9878048780487805,0.95,0.99875,0.9876543209876543,1.0,0.9473684210526315,0.9,0.9,"[[80, 0], [2, 18]]",score,0,2,59044,0.11293529999966267,0.0
0.95,0.9259368982372982,0.9065499717673631,0.95,0.986875,0.9681528662420382,0.95,0.8837209302325582,0.95,0.95,"[[76, 4], [1, 19]]",logvar,0,2,2,0.026823499996680766,
0.97,0.955562138942379,0.9347826086956521,0.98125,0.9924999999999999,0.9808917197452229,0.9625,0.9302325581395349,1.0,1.0,"[[77, 3], [0, 20]]",shallow,0,2,14,0.02955620000284398,
0.99,0.9840738971173754,0.9938271604938271,0.975,0.9924999999999999,0.9937888198757764,1.0,0.9743589743589743,0.95,0.95,"[[80, 0], [1, 19]]",raw1d,0,3,26946,43.077798400001484,
0.96,0.9322493224932249,0.9761904761904762,0.9,0.998125,0.975609756097561,1.0,0.8888888888888888,0.8,0.8,"[[80, 0], [4, 16]]",spec2d,0,3,32098,14.078618599996844,
0.99,0.9840738971173754,0.9938271604938271,0.975,0.999375,0.9937888198757764,1.0,0.9743589743589743,0.95,0.95,"[[80, 0], [1, 19]]",raw1d_wide,0,3,99666,109.78435400000308,
0.99,0.9840738971173754,0.9938271604938271,0.975,0.99875,0.9937888198757764,1.0,0.9743589743589743,0.95,0.95,"[[80, 0], [1, 19]]",spec2d_wide,0,3,97646,26.72388140000112,
1.0,1.0,1.0,1.0,1.0,1.0,1.0,1.0,1.0,1.0,"[[80, 0], [0, 20]]",late,0,3,98416,65.53212910000002,
1.0,1.0,1.0,1.0,1.0,1.0,1.0,1.0,1.0,1.0,"[[80, 0], [0, 20]]",gated,0,3,98569,49.517722600001434,
0.97,0.9522216913521262,0.9613385315139701,0.9437500000000001,0.9981249999999999,0.9813664596273292,0.9875,0.9230769230769231,0.9,0.9,"[[79, 1], [2, 18]]",attention,0,3,98415,73.04580980000173,
0.96,0.9375,0.9375,0.9375,0.9881249999999999,0.975,0.975,0.9,0.9,0.9,"[[78, 2], [2, 18]]",early,0,3,97617,27.28095079999912,
0.96,0.9322493224932249,0.9761904761904762,0.9,0.998125,0.975609756097561,1.0,0.8888888888888888,0.8,0.8,"[[80, 0], [4, 16]]",score,0,3,59044,0.08669319999899017,0.0
0.99,0.9846602239607302,0.9761904761904762,0.99375,0.9912500000000001,0.9937106918238994,0.9875,0.975609756097561,1.0,1.0,"[[79, 1], [0, 20]]",logvar,0,3,2,0.02037209999980405,
0.98,0.96875,0.96875,0.96875,0.99375,0.9875,0.9875,0.95,0.95,0.95,"[[79, 1], [1, 19]]",shallow,0,3,14,0.02602370000386145,
0.98,0.96875,0.96875,0.96875,0.998125,0.9875,0.9875,0.95,0.95,0.95,"[[79, 1], [1, 19]]",raw1d,0,4,26946,37.344374499996775,
0.99,0.9840738971173754,0.9938271604938271,0.975,1.0,0.9937888198757764,1.0,0.9743589743589743,0.95,0.95,"[[80, 0], [1, 19]]",spec2d,0,4,32098,10.783290799998213,
0.99,0.9840738971173754,0.9938271604938271,0.975,0.996875,0.9937888198757764,1.0,0.9743589743589743,0.95,0.95,"[[80, 0], [1, 19]]",raw1d_wide,0,4,99666,113.13972689999355,
0.97,0.9502570054717294,0.9819277108433735,0.925,1.0,0.9815950920245399,1.0,0.918918918918919,0.85,0.85,"[[80, 0], [3, 17]]",spec2d_wide,0,4,97646,21.811909500000183,
0.98,0.9675113710201428,0.9878048780487805,0.95,1.0,0.9876543209876543,1.0,0.9473684210526315,0.9,0.9,"[[80, 0], [2, 18]]",late,0,4,98416,50.73178759999428,
0.99,0.9840738971173754,0.9938271604938271,0.975,0.9974999999999999,0.9937888198757764,1.0,0.9743589743589743,0.95,0.95,"[[80, 0], [1, 19]]",gated,0,4,98569,52.23206790000404,
0.99,0.9840738971173754,0.9938271604938271,0.975,1.0,0.9937888198757764,1.0,0.9743589743589743,0.95,0.95,"[[80, 0], [1, 19]]",attention,0,4,98415,55.010821800002304,
0.91,0.8666864168271367,0.8500846979107848,0.8875,0.969375,0.9426751592356688,0.925,0.7906976744186046,0.85,0.85,"[[74, 6], [3, 17]]",early,0,4,97617,40.550125999994634,
0.99,0.9840738971173754,0.9938271604938271,0.975,1.0,0.9937888198757764,1.0,0.9743589743589743,0.95,0.95,"[[80, 0], [1, 19]]",score,0,4,59044,0.09500329999718815,0.0
0.94,0.9153020892151327,0.8846153846153846,0.9625,0.98875,0.961038961038961,0.925,0.8695652173913043,1.0,1.0,"[[74, 6], [0, 20]]",logvar,0,4,2,0.020272199995815754,
0.96,0.9397227245328511,0.9254079254079255,0.95625,0.989375,0.9746835443037974,0.9625,0.9047619047619048,0.95,0.95,"[[77, 3], [1, 19]]",shallow,0,4,14,0.024437799998850096,
0.99,0.9840738971173754,0.9938271604938271,0.975,0.999375,0.9937888198757764,1.0,0.9743589743589743,0.95,0.95,"[[80, 0], [1, 19]]",raw1d,1,0,26946,44.40130639999552,
0.99,0.9840738971173754,0.9938271604938271,0.975,0.999375,0.9937888198757764,1.0,0.9743589743589743,0.95,0.95,"[[80, 0], [1, 19]]",spec2d,1,0,32098,16.702063999997335,
0.99,0.9840738971173754,0.9938271604938271,0.975,0.998125,0.9937888198757764,1.0,0.9743589743589743,0.95,0.95,"[[80, 0], [1, 19]]",raw1d_wide,1,0,99666,115.92674660000193,
0.98,0.96875,0.96875,0.96875,0.9981249999999999,0.9875,0.9875,0.95,0.95,0.95,"[[79, 1], [1, 19]]",spec2d_wide,1,0,97646,28.973792500000854,
0.98,0.96875,0.96875,0.96875,0.999375,0.9875,0.9875,0.95,0.95,0.95,"[[79, 1], [1, 19]]",late,1,0,98416,52.757004900005995,
1.0,1.0,1.0,1.0,1.0,1.0,1.0,1.0,1.0,1.0,"[[80, 0], [0, 20]]",gated,1,0,98569,64.31011099999887,
0.99,0.9840738971173754,0.9938271604938271,0.975,0.99875,0.9937888198757764,1.0,0.9743589743589743,0.95,0.95,"[[80, 0], [1, 19]]",attention,1,0,98415,47.70786300000327,
0.92,0.875,0.875,0.875,0.9368749999999999,0.95,0.95,0.8,0.8,0.8,"[[76, 4], [4, 16]]",early,1,0,97617,24.05662630000006,
0.99,0.9840738971173754,0.9938271604938271,0.975,1.0,0.9937888198757764,1.0,0.9743589743589743,0.95,0.95,"[[80, 0], [1, 19]]",score,1,0,59044,0.089774000000034,0.30000000000000004
0.95,0.9233011198036509,0.9159132007233273,0.93125,0.9874999999999999,0.9685534591194969,0.9625,0.8780487804878049,0.9,0.9,"[[77, 3], [2, 18]]",logvar,1,0,2,0.020017300004838035,
0.97,0.955562138942379,0.9347826086956521,0.98125,0.9968750000000001,0.9808917197452229,0.9625,0.9302325581395349,1.0,1.0,"[[77, 3], [0, 20]]",shallow,1,0,14,0.02104949999920791,
0.99,0.9840738971173754,0.9938271604938271,0.975,0.996875,0.9937888198757764,1.0,0.9743589743589743,0.95,0.95,"[[80, 0], [1, 19]]",raw1d,1,1,26946,43.486897099995986,
0.98,0.9675113710201428,0.9878048780487805,0.95,1.0,0.9876543209876543,1.0,0.9473684210526315,0.9,0.9,"[[80, 0], [2, 18]]",spec2d,1,1,32098,10.147305499995127,
0.98,0.96875,0.96875,0.96875,0.9924999999999999,0.9875,0.9875,0.95,0.95,0.95,"[[79, 1], [1, 19]]",raw1d_wide,1,1,99666,159.900341200002,
1.0,1.0,1.0,1.0,1.0,1.0,1.0,1.0,1.0,1.0,"[[80, 0], [0, 20]]",spec2d_wide,1,1,97646,31.312881199999538,
1.0,1.0,1.0,1.0,1.0,1.0,1.0,1.0,1.0,1.0,"[[80, 0], [0, 20]]",late,1,1,98416,55.251963200003956,
0.99,0.9840738971173754,0.9938271604938271,0.975,1.0,0.9937888198757764,1.0,0.9743589743589743,0.95,0.95,"[[80, 0], [1, 19]]",gated,1,1,98569,46.5474441999977,
0.98,0.9675113710201428,0.9878048780487805,0.95,1.0,0.9876543209876543,1.0,0.9473684210526315,0.9,0.9,"[[80, 0], [2, 18]]",attention,1,1,98415,49.50876980000612,
0.9,0.8228206945428774,0.8820598006644518,0.7875,0.9075000000000001,0.9397590361445783,0.975,0.7058823529411765,0.6,0.6,"[[78, 2], [8, 12]]",early,1,1,97617,24.645526899999822,
0.98,0.9675113710201428,0.9878048780487805,0.95,1.0,0.9876543209876543,1.0,0.9473684210526315,0.9,0.9,"[[80, 0], [2, 18]]",score,1,1,59044,0.08761380000214558,0.0
0.95,0.9203694855868769,0.928849902534113,0.9125,0.989375,0.968944099378882,0.975,0.8717948717948718,0.85,0.85,"[[78, 2], [3, 17]]",logvar,1,1,2,0.019707300001755357,
0.95,0.9233011198036509,0.9159132007233273,0.93125,0.98625,0.9685534591194969,0.9625,0.8780487804878049,0.9,0.9,"[[77, 3], [2, 18]]",shallow,1,1,14,0.02297559999715304,
0.97,0.9539806718821906,0.9460518384569018,0.9624999999999999,0.95875,0.9811320754716981,0.975,0.926829268292683,0.95,0.95,"[[78, 2], [1, 19]]",raw1d,1,2,26946,53.684806799996295,
0.99,0.9846602239607302,0.9761904761904762,0.99375,1.0,0.9937106918238994,0.9875,0.975609756097561,1.0,1.0,"[[79, 1], [0, 20]]",spec2d,1,2,32098,13.901017799995316,
0.99,0.9840738971173754,0.9938271604938271,0.975,0.9737499999999999,0.9937888198757764,1.0,0.9743589743589743,0.95,0.95,"[[80, 0], [1, 19]]",raw1d_wide,1,2,99666,101.0519701000012,
0.99,0.9846602239607302,0.9761904761904762,0.99375,1.0,0.9937106918238994,0.9875,0.975609756097561,1.0,1.0,"[[79, 1], [0, 20]]",spec2d_wide,1,2,97646,43.891951500001596,
0.99,0.9840738971173754,0.9938271604938271,0.975,1.0,0.9937888198757764,1.0,0.9743589743589743,0.95,0.95,"[[80, 0], [1, 19]]",late,1,2,98416,46.443765500000154,
0.99,0.9840738971173754,0.9938271604938271,0.975,1.0,0.9937888198757764,1.0,0.9743589743589743,0.95,0.95,"[[80, 0], [1, 19]]",gated,1,2,98569,47.576900100000785,
0.98,0.9675113710201428,0.9878048780487805,0.95,0.9875,0.9876543209876543,1.0,0.9473684210526315,0.9,0.9,"[[80, 0], [2, 18]]",attention,1,2,98415,62.75266459999693,
0.96,0.9375,0.9375,0.9375,0.993125,0.975,0.975,0.9,0.9,0.9,"[[78, 2], [2, 18]]",early,1,2,97617,36.06856069999776,
0.99,0.9840738971173754,0.9938271604938271,0.975,1.0,0.9937888198757764,1.0,0.9743589743589743,0.95,0.95,"[[80, 0], [1, 19]]",score,1,2,59044,0.0842597000009846,0.5
0.97,0.955562138942379,0.9347826086956521,0.98125,0.995,0.9808917197452229,0.9625,0.9302325581395349,1.0,1.0,"[[77, 3], [0, 20]]",logvar,1,2,2,0.019695900002261624,
0.96,0.9397227245328511,0.9254079254079255,0.95625,0.9962500000000001,0.9746835443037974,0.9625,0.9047619047619048,0.95,0.95,"[[77, 3], [1, 19]]",shallow,1,2,14,0.023368800000753254,
0.97,0.9502570054717294,0.9819277108433735,0.925,0.99875,0.9815950920245399,1.0,0.918918918918919,0.85,0.85,"[[80, 0], [3, 17]]",raw1d,1,3,26946,36.796343900001375,
0.97,0.955562138942379,0.9347826086956521,0.98125,0.99875,0.9808917197452229,0.9625,0.9302325581395349,1.0,1.0,"[[77, 3], [0, 20]]",spec2d,1,3,32098,10.201246299999184,
0.98,0.96875,0.96875,0.96875,0.99875,0.9875,0.9875,0.95,0.95,0.95,"[[79, 1], [1, 19]]",raw1d_wide,1,3,99666,97.88404769999761,
1.0,1.0,1.0,1.0,1.0,1.0,1.0,1.0,1.0,1.0,"[[80, 0], [0, 20]]",spec2d_wide,1,3,97646,21.924449999998615,
1.0,1.0,1.0,1.0,1.0,1.0,1.0,1.0,1.0,1.0,"[[80, 0], [0, 20]]",late,1,3,98416,61.20753649999824,
0.99,0.9840738971173754,0.9938271604938271,0.975,1.0,0.9937888198757764,1.0,0.9743589743589743,0.95,0.95,"[[80, 0], [1, 19]]",gated,1,3,98569,46.05038390000118,
0.97,0.955562138942379,0.9347826086956521,0.98125,0.9975,0.9808917197452229,0.9625,0.9302325581395349,1.0,1.0,"[[77, 3], [0, 20]]",attention,1,3,98415,78.84512629999517,
0.97,0.9502570054717294,0.9819277108433735,0.925,0.993125,0.9815950920245399,1.0,0.918918918918919,0.85,0.85,"[[80, 0], [3, 17]]",early,1,3,97617,47.16137650000019,
0.97,0.9502570054717294,0.9819277108433735,0.925,0.99875,0.9815950920245399,1.0,0.918918918918919,0.85,0.85,"[[80, 0], [3, 17]]",score,1,3,59044,0.08118570000078762,1.0
0.99,0.9846602239607302,0.9761904761904762,0.99375,1.0,0.9937106918238994,0.9875,0.975609756097561,1.0,1.0,"[[79, 1], [0, 20]]",logvar,1,3,2,0.02249360000132583,
1.0,1.0,1.0,1.0,1.0,1.0,1.0,1.0,1.0,1.0,"[[80, 0], [0, 20]]",shallow,1,3,14,0.02619340000092052,
0.97,0.9539806718821906,0.9460518384569018,0.9624999999999999,0.9981249999999999,0.9811320754716981,0.975,0.926829268292683,0.95,0.95,"[[78, 2], [1, 19]]",raw1d,1,4,26946,41.85936039999797,
0.99,0.9840738971173754,0.9938271604938271,0.975,1.0,0.9937888198757764,1.0,0.9743589743589743,0.95,0.95,"[[80, 0], [1, 19]]",spec2d,1,4,32098,11.187375300003623,
0.97,0.9539806718821906,0.9460518384569018,0.9624999999999999,0.99875,0.9811320754716981,0.975,0.926829268292683,0.95,0.95,"[[78, 2], [1, 19]]",raw1d_wide,1,4,99666,125.85499680000066,
0.99,0.9846602239607302,0.9761904761904762,0.99375,1.0,0.9937106918238994,0.9875,0.975609756097561,1.0,1.0,"[[79, 1], [0, 20]]",spec2d_wide,1,4,97646,19.46704250000039,
0.95,0.9283154121863799,0.9,0.96875,0.99875,0.967741935483871,0.9375,0.8888888888888888,1.0,1.0,"[[75, 5], [0, 20]]",late,1,4,98416,44.974623399997654,
0.97,0.955562138942379,0.9347826086956521,0.98125,1.0,0.9808917197452229,0.9625,0.9302325581395349,1.0,1.0,"[[77, 3], [0, 20]]",gated,1,4,98569,47.74985119999474,
1.0,1.0,1.0,1.0,1.0,1.0,1.0,1.0,1.0,1.0,"[[80, 0], [0, 20]]",attention,1,4,98415,47.43863380000403,
0.94,0.9025341130604287,0.9200542005420054,0.8875,0.975625,0.9629629629629629,0.975,0.8421052631578947,0.8,0.8,"[[78, 2], [4, 16]]",early,1,4,97617,43.23155250000127,
0.99,0.9840738971173754,0.9938271604938271,0.975,1.0,0.9937888198757764,1.0,0.9743589743589743,0.95,0.95,"[[80, 0], [1, 19]]",score,1,4,59044,0.08756300000095507,0.0
0.97,0.955562138942379,0.9347826086956521,0.98125,0.9925,0.9808917197452229,0.9625,0.9302325581395349,1.0,1.0,"[[77, 3], [0, 20]]",logvar,1,4,2,0.021227400000498164,
0.98,0.9698613622664256,0.9545454545454546,0.9875,0.9962500000000001,0.9873417721518988,0.975,0.9523809523809523,1.0,1.0,"[[78, 2], [0, 20]]",shallow,1,4,14,0.026528200003667735,
1.0,1.0,1.0,1.0,1.0,1.0,1.0,1.0,1.0,1.0,"[[80, 0], [0, 20]]",raw1d,2,0,26946,36.83070900000166,
1.0,1.0,1.0,1.0,1.0,1.0,1.0,1.0,1.0,1.0,"[[80, 0], [0, 20]]",spec2d,2,0,32098,17.4078628999996,
1.0,1.0,1.0,1.0,1.0,1.0,1.0,1.0,1.0,1.0,"[[80, 0], [0, 20]]",raw1d_wide,2,0,99666,126.15282980000484,
0.98,0.9675113710201428,0.9878048780487805,0.95,1.0,0.9876543209876543,1.0,0.9473684210526315,0.9,0.9,"[[80, 0], [2, 18]]",spec2d_wide,2,0,97646,31.214071200003673,
1.0,1.0,1.0,1.0,1.0,1.0,1.0,1.0,1.0,1.0,"[[80, 0], [0, 20]]",late,2,0,98416,55.90774500000407,
0.99,0.9846602239607302,0.9761904761904762,0.99375,1.0,0.9937106918238994,0.9875,0.975609756097561,1.0,1.0,"[[79, 1], [0, 20]]",gated,2,0,98569,47.29739079999854,
1.0,1.0,1.0,1.0,1.0,1.0,1.0,1.0,1.0,1.0,"[[80, 0], [0, 20]]",attention,2,0,98415,47.52078959999926,
0.92,0.8794454490657022,0.8671328671328671,0.89375,0.966875,0.9493670886075949,0.9375,0.8095238095238095,0.85,0.85,"[[75, 5], [3, 17]]",early,2,0,97617,25.322784999996657,
1.0,1.0,1.0,1.0,1.0,1.0,1.0,1.0,1.0,1.0,"[[80, 0], [0, 20]]",score,2,0,59044,0.09700319999683416,0.0
0.98,0.96875,0.96875,0.96875,0.99625,0.9875,0.9875,0.95,0.95,0.95,"[[79, 1], [1, 19]]",logvar,2,0,2,0.023119199999200646,
0.99,0.9846602239607302,0.9761904761904762,0.99375,0.998125,0.9937106918238994,0.9875,0.975609756097561,1.0,1.0,"[[79, 1], [0, 20]]",shallow,2,0,14,0.024959099995612632,
0.98,0.96875,0.96875,0.96875,0.99875,0.9875,0.9875,0.95,0.95,0.95,"[[79, 1], [1, 19]]",raw1d,2,1,26946,37.271963800005324,
0.98,0.9675113710201428,0.9878048780487805,0.95,1.0,0.9876543209876543,1.0,0.9473684210526315,0.9,0.9,"[[80, 0], [2, 18]]",spec2d,2,1,32098,10.24487749999389,
0.99,0.9840738971173754,0.9938271604938271,0.975,0.999375,0.9937888198757764,1.0,0.9743589743589743,0.95,0.95,"[[80, 0], [1, 19]]",raw1d_wide,2,1,99666,114.25050439999904,
1.0,1.0,1.0,1.0,1.0,1.0,1.0,1.0,1.0,1.0,"[[80, 0], [0, 20]]",spec2d_wide,2,1,97646,29.8304461000007,
0.98,0.9698613622664256,0.9545454545454546,0.9875,1.0,0.9873417721518988,0.975,0.9523809523809523,1.0,1.0,"[[78, 2], [0, 20]]",late,2,1,98416,44.70402369999647,
0.99,0.9840738971173754,0.9938271604938271,0.975,1.0,0.9937888198757764,1.0,0.9743589743589743,0.95,0.95,"[[80, 0], [1, 19]]",gated,2,1,98569,56.88336479999998,
0.98,0.9698613622664256,0.9545454545454546,0.9875,1.0,0.9873417721518988,0.975,0.9523809523809523,1.0,1.0,"[[78, 2], [0, 20]]",attention,2,1,98415,71.37077509999654,
0.95,0.917095009119549,0.946491849751949,0.89375,0.9574999999999999,0.9693251533742331,0.9875,0.8648648648648649,0.8,0.8,"[[79, 1], [4, 16]]",early,2,1,97617,23.829664000004414,
0.99,0.9840738971173754,0.9938271604938271,0.975,0.99875,0.9937888198757764,1.0,0.9743589743589743,0.95,0.95,"[[80, 0], [1, 19]]",score,2,1,59044,0.08645400000386871,0.4
0.97,0.955562138942379,0.9347826086956521,0.98125,0.998125,0.9808917197452229,0.9625,0.9302325581395349,1.0,1.0,"[[77, 3], [0, 20]]",logvar,2,1,2,0.02158219999546418,
0.98,0.9698613622664256,0.9545454545454546,0.9875,0.99875,0.9873417721518988,0.975,0.9523809523809523,1.0,1.0,"[[78, 2], [0, 20]]",shallow,2,1,14,0.02264620000642026,
0.98,0.96875,0.96875,0.96875,0.989375,0.9875,0.9875,0.95,0.95,0.95,"[[79, 1], [1, 19]]",raw1d,2,2,26946,65.83648300000641,
0.98,0.9675113710201428,0.9878048780487805,0.95,1.0,0.9876543209876543,1.0,0.9473684210526315,0.9,0.9,"[[80, 0], [2, 18]]",spec2d,2,2,32098,10.900793599997996,
0.98,0.96875,0.96875,0.96875,0.985625,0.9875,0.9875,0.95,0.95,0.95,"[[79, 1], [1, 19]]",raw1d_wide,2,2,99666,159.91961250000168,
0.99,0.9840738971173754,0.9938271604938271,0.975,1.0,0.9937888198757764,1.0,0.9743589743589743,0.95,0.95,"[[80, 0], [1, 19]]",spec2d_wide,2,2,97646,28.348710699996445,
0.98,0.9675113710201428,0.9878048780487805,0.95,0.998125,0.9876543209876543,1.0,0.9473684210526315,0.9,0.9,"[[80, 0], [2, 18]]",late,2,2,98416,54.47143679999863,
0.99,0.9840738971173754,0.9938271604938271,0.975,1.0,0.9937888198757764,1.0,0.9743589743589743,0.95,0.95,"[[80, 0], [1, 19]]",gated,2,2,98569,46.12450840000383,
0.98,0.9675113710201428,0.9878048780487805,0.95,0.996875,0.9876543209876543,1.0,0.9473684210526315,0.9,0.9,"[[80, 0], [2, 18]]",attention,2,2,98415,65.27743589999591,
0.95,0.917095009119549,0.946491849751949,0.89375,0.96875,0.9693251533742331,0.9875,0.8648648648648649,0.8,0.8,"[[79, 1], [4, 16]]",early,2,2,97617,31.0490787000017,
0.98,0.96875,0.96875,0.96875,0.989375,0.9875,0.9875,0.95,0.95,0.95,"[[79, 1], [1, 19]]",score,2,2,59044,0.08762740000383928,1.0
0.97,0.955562138942379,0.9347826086956521,0.98125,0.985625,0.9808917197452229,0.9625,0.9302325581395349,1.0,1.0,"[[77, 3], [0, 20]]",logvar,2,2,2,0.01977189999888651,
0.98,0.9698613622664256,0.9545454545454546,0.9875,0.994375,0.9873417721518988,0.975,0.9523809523809523,1.0,1.0,"[[78, 2], [0, 20]]",shallow,2,2,14,0.023051800002576783,
0.98,0.9675113710201428,0.9878048780487805,0.95,0.998125,0.9876543209876543,1.0,0.9473684210526315,0.9,0.9,"[[80, 0], [2, 18]]",raw1d,2,3,26946,42.73505160000059,
0.96,0.9322493224932249,0.9761904761904762,0.9,0.99875,0.975609756097561,1.0,0.8888888888888888,0.8,0.8,"[[80, 0], [4, 16]]",spec2d,2,3,32098,11.561520800001745,
0.96,0.9375,0.9375,0.9375,0.9874999999999999,0.975,0.975,0.9,0.9,0.9,"[[78, 2], [2, 18]]",raw1d_wide,2,3,99666,124.727455500004,
0.99,0.9840738971173754,0.9938271604938271,0.975,1.0,0.9937888198757764,1.0,0.9743589743589743,0.95,0.95,"[[80, 0], [1, 19]]",spec2d_wide,2,3,97646,23.659154300003138,
0.97,0.9502570054717294,0.9819277108433735,0.925,0.99875,0.9815950920245399,1.0,0.918918918918919,0.85,0.85,"[[80, 0], [3, 17]]",late,2,3,98416,55.299062799997046,
0.99,0.9846602239607302,0.9761904761904762,0.99375,0.999375,0.9937106918238994,0.9875,0.975609756097561,1.0,1.0,"[[79, 1], [0, 20]]",gated,2,3,98569,58.00465399999666,
0.97,0.9502570054717294,0.9819277108433735,0.925,1.0,0.9815950920245399,1.0,0.918918918918919,0.85,0.85,"[[80, 0], [3, 17]]",attention,2,3,98415,53.082415999997465,
0.97,0.9502570054717294,0.9819277108433735,0.925,0.9625,0.9815950920245399,1.0,0.918918918918919,0.85,0.85,"[[80, 0], [3, 17]]",early,2,3,97617,28.27555919999577,
0.98,0.9675113710201428,0.9878048780487805,0.95,0.99875,0.9876543209876543,1.0,0.9473684210526315,0.9,0.9,"[[80, 0], [2, 18]]",score,2,3,59044,0.09325969999918016,0.225
0.96,0.9397227245328511,0.9254079254079255,0.95625,0.9918750000000001,0.9746835443037974,0.9625,0.9047619047619048,0.95,0.95,"[[77, 3], [1, 19]]",logvar,2,3,2,0.02155789999960689,
0.95,0.9203694855868769,0.928849902534113,0.9125,0.98875,0.968944099378882,0.975,0.8717948717948718,0.85,0.85,"[[78, 2], [3, 17]]",shallow,2,3,14,0.024094700005662162,
0.96,0.9322493224932249,0.9761904761904762,0.9,0.974375,0.975609756097561,1.0,0.8888888888888888,0.8,0.8,"[[80, 0], [4, 16]]",raw1d,2,4,26946,57.6569798000055,
0.94,0.90625,0.90625,0.90625,0.985,0.9625,0.9625,0.85,0.85,0.85,"[[77, 3], [3, 17]]",spec2d,2,4,32098,9.565893999999389,
0.98,0.9675113710201428,0.9878048780487805,0.95,0.9974999999999999,0.9876543209876543,1.0,0.9473684210526315,0.9,0.9,"[[80, 0], [2, 18]]",raw1d_wide,2,4,99666,208.18789119999565,
0.98,0.96875,0.96875,0.96875,0.999375,0.9875,0.9875,0.95,0.95,0.95,"[[79, 1], [1, 19]]",spec2d_wide,2,4,97646,23.8910235000003,
1.0,1.0,1.0,1.0,1.0,1.0,1.0,1.0,1.0,1.0,"[[80, 0], [0, 20]]",late,2,4,98416,51.85726080000313,
0.99,0.9846602239607302,0.9761904761904762,0.99375,1.0,0.9937106918238994,0.9875,0.975609756097561,1.0,1.0,"[[79, 1], [0, 20]]",gated,2,4,98569,65.98841840000387,
0.96,0.9350227420402859,0.9539295392953929,0.91875,0.99,0.9753086419753086,0.9875,0.8947368421052632,0.85,0.85,"[[79, 1], [3, 17]]",attention,2,4,98415,48.923721099999966,
0.93,0.8996415770609318,0.8733333333333333,0.9375,0.9912500000000001,0.9548387096774194,0.925,0.8444444444444444,0.95,0.95,"[[74, 6], [1, 19]]",early,2,4,97617,31.311956899997313,
0.96,0.9322493224932249,0.9761904761904762,0.9,0.998125,0.975609756097561,1.0,0.8888888888888888,0.8,0.8,"[[80, 0], [4, 16]]",score,2,4,59044,0.08166990000609076,0.9
0.98,0.9698613622664256,0.9545454545454546,0.9875,0.9924999999999999,0.9873417721518988,0.975,0.9523809523809523,1.0,1.0,"[[78, 2], [0, 20]]",logvar,2,4,2,0.02024389999860432,
0.99,0.9846602239607302,0.9761904761904762,0.99375,0.9975,0.9937106918238994,0.9875,0.975609756097561,1.0,1.0,"[[79, 1], [0, 20]]",shallow,2,4,14,0.026179300002695527,
0.97,0.955562138942379,0.9347826086956521,0.98125,1.0,0.9808917197452229,0.9625,0.9302325581395349,1.0,1.0,"[[77, 3], [0, 20]]",raw1d,3,0,26946,41.985466899997846,
0.98,0.9698613622664256,0.9545454545454546,0.9875,0.9975,0.9873417721518988,0.975,0.9523809523809523,1.0,1.0,"[[78, 2], [0, 20]]",spec2d,3,0,32098,24.038798800000222,
0.99,0.9846602239607302,0.9761904761904762,0.99375,1.0,0.9937106918238994,0.9875,0.975609756097561,1.0,1.0,"[[79, 1], [0, 20]]",raw1d_wide,3,0,99666,177.51108029999887,
1.0,1.0,1.0,1.0,1.0,1.0,1.0,1.0,1.0,1.0,"[[80, 0], [0, 20]]",spec2d_wide,3,0,97646,44.90415340000618,
1.0,1.0,1.0,1.0,1.0,1.0,1.0,1.0,1.0,1.0,"[[80, 0], [0, 20]]",late,3,0,98416,91.60736899999756,
1.0,1.0,1.0,1.0,1.0,1.0,1.0,1.0,1.0,1.0,"[[80, 0], [0, 20]]",gated,3,0,98569,55.949149800006126,
1.0,1.0,1.0,1.0,1.0,1.0,1.0,1.0,1.0,1.0,"[[80, 0], [0, 20]]",attention,3,0,98415,52.84686689999944,
0.93,0.8839330127673686,0.9110559886605245,0.8625,0.98,0.9570552147239264,0.975,0.8108108108108109,0.75,0.75,"[[78, 2], [5, 15]]",early,3,0,97617,51.18873400000302,
0.98,0.9698613622664256,0.9545454545454546,0.9875,0.9975,0.9873417721518988,0.975,0.9523809523809523,1.0,1.0,"[[78, 2], [0, 20]]",score,3,0,59044,0.07301300000108313,0.0
0.97,0.9539806718821906,0.9460518384569018,0.9624999999999999,0.9981249999999999,0.9811320754716981,0.975,0.926829268292683,0.95,0.95,"[[78, 2], [1, 19]]",logvar,3,0,2,0.017999399999098387,
0.97,0.9522216913521262,0.9613385315139701,0.9437500000000001,0.99875,0.9813664596273292,0.9875,0.9230769230769231,0.9,0.9,"[[79, 1], [2, 18]]",shallow,3,0,14,0.02312050000182353,
0.98,0.9675113710201428,0.9878048780487805,0.95,0.994375,0.9876543209876543,1.0,0.9473684210526315,0.9,0.9,"[[80, 0], [2, 18]]",raw1d,3,1,26946,30.811317799998506,
0.99,0.9840738971173754,0.9938271604938271,0.975,0.999375,0.9937888198757764,1.0,0.9743589743589743,0.95,0.95,"[[80, 0], [1, 19]]",spec2d,3,1,32098,9.16365890000452,
0.99,0.9840738971173754,0.9938271604938271,0.975,0.996875,0.9937888198757764,1.0,0.9743589743589743,0.95,0.95,"[[80, 0], [1, 19]]",raw1d_wide,3,1,99666,88.63261099999363,
1.0,1.0,1.0,1.0,1.0,1.0,1.0,1.0,1.0,1.0,"[[80, 0], [0, 20]]",spec2d_wide,3,1,97646,20.60024049999629,
1.0,1.0,1.0,1.0,1.0,1.0,1.0,1.0,1.0,1.0,"[[80, 0], [0, 20]]",late,3,1,98416,54.00844060000236,
0.99,0.9846602239607302,0.9761904761904762,0.99375,0.999375,0.9937106918238994,0.9875,0.975609756097561,1.0,1.0,"[[79, 1], [0, 20]]",gated,3,1,98569,40.03761640000448,
1.0,1.0,1.0,1.0,1.0,1.0,1.0,1.0,1.0,1.0,"[[80, 0], [0, 20]]",attention,3,1,98415,39.479731899999024,
0.93,0.8885172798216276,0.896361273554256,0.8812500000000001,0.970625,0.9565217391304348,0.9625,0.8205128205128205,0.8,0.8,"[[77, 3], [4, 16]]",early,3,1,97617,32.10406839999632,
0.99,0.9840738971173754,0.9938271604938271,0.975,0.999375,0.9937888198757764,1.0,0.9743589743589743,0.95,0.95,"[[80, 0], [1, 19]]",score,3,1,59044,0.07932769999752054,0.0
0.97,0.955562138942379,0.9347826086956521,0.98125,0.9968750000000001,0.9808917197452229,0.9625,0.9302325581395349,1.0,1.0,"[[77, 3], [0, 20]]",logvar,3,1,2,0.015380000004370231,
0.98,0.96875,0.96875,0.96875,0.995625,0.9875,0.9875,0.95,0.95,0.95,"[[79, 1], [1, 19]]",shallow,3,1,14,0.0169095000019297,
0.96,0.9417249417249417,0.9166666666666667,0.975,1.0,0.9743589743589743,0.95,0.9090909090909091,1.0,1.0,"[[76, 4], [0, 20]]",raw1d,3,2,26946,37.48230440000043,
0.99,0.9846602239607302,0.9761904761904762,0.99375,1.0,0.9937106918238994,0.9875,0.975609756097561,1.0,1.0,"[[79, 1], [0, 20]]",spec2d,3,2,32098,14.585585699998774,
0.97,0.9539806718821906,0.9460518384569018,0.9624999999999999,0.995,0.9811320754716981,0.975,0.926829268292683,0.95,0.95,"[[78, 2], [1, 19]]",raw1d_wide,3,2,99666,88.53194749999966,
1.0,1.0,1.0,1.0,1.0,1.0,1.0,1.0,1.0,1.0,"[[80, 0], [0, 20]]",spec2d_wide,3,2,97646,19.200062000003527,
1.0,1.0,1.0,1.0,1.0,1.0,1.0,1.0,1.0,1.0,"[[80, 0], [0, 20]]",late,3,2,98416,60.546775000002526,
1.0,1.0,1.0,1.0,1.0,1.0,1.0,1.0,1.0,1.0,"[[80, 0], [0, 20]]",gated,3,2,98569,44.30792450000445,
1.0,1.0,1.0,1.0,1.0,1.0,1.0,1.0,1.0,1.0,"[[80, 0], [0, 20]]",attention,3,2,98415,56.807319900006405,
0.9,0.8375568551007146,0.8523035230352304,0.825,0.9212499999999999,0.9382716049382716,0.95,0.7368421052631579,0.7,0.7,"[[76, 4], [6, 14]]",early,3,2,97617,20.69778929999302,
0.99,0.9846602239607302,0.9761904761904762,0.99375,1.0,0.9937106918238994,0.9875,0.975609756097561,1.0,1.0,"[[79, 1], [0, 20]]",score,3,2,59044,0.06706600000325125,0.0
0.93,0.8963116575322174,0.878317334839074,0.91875,0.974375,0.9554140127388535,0.9375,0.8372093023255814,0.9,0.9,"[[75, 5], [2, 18]]",logvar,3,2,2,0.010656899998139124,
0.96,0.9417249417249417,0.9166666666666667,0.975,0.99,0.9743589743589743,0.95,0.9090909090909091,1.0,1.0,"[[76, 4], [0, 20]]",shallow,3,2,14,0.018576000002212822,
0.97,0.9522216913521262,0.9613385315139701,0.9437500000000001,0.996875,0.9813664596273292,0.9875,0.9230769230769231,0.9,0.9,"[[79, 1], [2, 18]]",raw1d,3,3,26946,32.73185979999835,
1.0,1.0,1.0,1.0,1.0,1.0,1.0,1.0,1.0,1.0,"[[80, 0], [0, 20]]",spec2d,3,3,32098,11.469167600000219,
0.98,0.9675113710201428,0.9878048780487805,0.95,0.9562499999999999,0.9876543209876543,1.0,0.9473684210526315,0.9,0.9,"[[80, 0], [2, 18]]",raw1d_wide,3,3,99666,128.92097880000074,
1.0,1.0,1.0,1.0,1.0,1.0,1.0,1.0,1.0,1.0,"[[80, 0], [0, 20]]",spec2d_wide,3,3,97646,22.48628540000209,
1.0,1.0,1.0,1.0,1.0,1.0,1.0,1.0,1.0,1.0,"[[80, 0], [0, 20]]",late,3,3,98416,41.05990369999927,
0.99,0.9840738971173754,0.9938271604938271,0.975,1.0,0.9937888198757764,1.0,0.9743589743589743,0.95,0.95,"[[80, 0], [1, 19]]",gated,3,3,98569,46.195325000000594,
0.98,0.9675113710201428,0.9878048780487805,0.95,1.0,0.9876543209876543,1.0,0.9473684210526315,0.9,0.9,"[[80, 0], [2, 18]]",attention,3,3,98415,56.9510689000017,
0.95,0.9134199134199135,0.9705882352941176,0.875,0.99,0.9696969696969697,1.0,0.8571428571428571,0.75,0.75,"[[80, 0], [5, 15]]",early,3,3,97617,20.939581499995256,
1.0,1.0,1.0,1.0,1.0,1.0,1.0,1.0,1.0,1.0,"[[80, 0], [0, 20]]",score,3,3,59044,0.08019950000016252,0.0
0.99,0.9846602239607302,0.9761904761904762,0.99375,0.9918750000000001,0.9937106918238994,0.9875,0.975609756097561,1.0,1.0,"[[79, 1], [0, 20]]",logvar,3,3,2,0.01916940000228351,
0.99,0.9846602239607302,0.9761904761904762,0.99375,0.99375,0.9937106918238994,0.9875,0.975609756097561,1.0,1.0,"[[79, 1], [0, 20]]",shallow,3,3,14,0.017574699995748233,
0.98,0.9698613622664256,0.9545454545454546,0.9875,1.0,0.9873417721518988,0.975,0.9523809523809523,1.0,1.0,"[[78, 2], [0, 20]]",raw1d,3,4,26946,33.58312060000026,
0.98,0.9698613622664256,0.9545454545454546,0.9875,0.999375,0.9873417721518988,0.975,0.9523809523809523,1.0,1.0,"[[78, 2], [0, 20]]",spec2d,3,4,32098,11.037807200002135,
0.99,0.9840738971173754,0.9938271604938271,0.975,0.999375,0.9937888198757764,1.0,0.9743589743589743,0.95,0.95,"[[80, 0], [1, 19]]",raw1d_wide,3,4,99666,85.1311843999938,
0.97,0.955562138942379,0.9347826086956521,0.98125,0.998125,0.9808917197452229,0.9625,0.9302325581395349,1.0,1.0,"[[77, 3], [0, 20]]",spec2d_wide,3,4,97646,23.6346068999992,
0.99,0.9840738971173754,0.9938271604938271,0.975,1.0,0.9937888198757764,1.0,0.9743589743589743,0.95,0.95,"[[80, 0], [1, 19]]",late,3,4,98416,42.64266510000016,
0.98,0.96875,0.96875,0.96875,0.999375,0.9875,0.9875,0.95,0.95,0.95,"[[79, 1], [1, 19]]",gated,3,4,98569,56.138689200000954,
0.98,0.96875,0.96875,0.96875,0.99875,0.9875,0.9875,0.95,0.95,0.95,"[[79, 1], [1, 19]]",attention,3,4,98415,40.43152920000284,
0.93,0.8996415770609318,0.8733333333333333,0.9375,0.985625,0.9548387096774194,0.925,0.8444444444444444,0.95,0.95,"[[74, 6], [1, 19]]",early,3,4,97617,20.591855400001805,
0.98,0.9698613622664256,0.9545454545454546,0.9875,0.999375,0.9873417721518988,0.975,0.9523809523809523,1.0,1.0,"[[78, 2], [0, 20]]",score,3,4,59044,0.07134090000181459,0.0
0.99,0.9846602239607302,0.9761904761904762,0.99375,0.9968750000000001,0.9937106918238994,0.9875,0.975609756097561,1.0,1.0,"[[79, 1], [0, 20]]",logvar,3,4,2,0.014775000003282912,
0.98,0.9698613622664256,0.9545454545454546,0.9875,0.99875,0.9873417721518988,0.975,0.9523809523809523,1.0,1.0,"[[78, 2], [0, 20]]",shallow,3,4,14,0.014603099996747915,
0.99,0.9840738971173754,0.9938271604938271,0.975,1.0,0.9937888198757764,1.0,0.9743589743589743,0.95,0.95,"[[80, 0], [1, 19]]",raw1d,4,0,26946,31.5240827000016,
0.99,0.9846602239607302,0.9761904761904762,0.99375,0.999375,0.9937106918238994,0.9875,0.975609756097561,1.0,1.0,"[[79, 1], [0, 20]]",spec2d,4,0,32098,13.189270299997588,
0.99,0.9840738971173754,0.9938271604938271,0.975,1.0,0.9937888198757764,1.0,0.9743589743589743,0.95,0.95,"[[80, 0], [1, 19]]",raw1d_wide,4,0,99666,96.91393640000024,
0.98,0.96875,0.96875,0.96875,0.99875,0.9875,0.9875,0.95,0.95,0.95,"[[79, 1], [1, 19]]",spec2d_wide,4,0,97646,22.996639599994523,
1.0,1.0,1.0,1.0,1.0,1.0,1.0,1.0,1.0,1.0,"[[80, 0], [0, 20]]",late,4,0,98416,51.948791800001345,
0.99,0.9840738971173754,0.9938271604938271,0.975,1.0,0.9937888198757764,1.0,0.9743589743589743,0.95,0.95,"[[80, 0], [1, 19]]",gated,4,0,98569,45.9465612999993,
0.99,0.9846602239607302,0.9761904761904762,0.99375,1.0,0.9937106918238994,0.9875,0.975609756097561,1.0,1.0,"[[79, 1], [0, 20]]",attention,4,0,98415,57.20640640000056,
0.96,0.9375,0.9375,0.9375,0.995,0.975,0.975,0.9,0.9,0.9,"[[78, 2], [2, 18]]",early,4,0,97617,32.33174589999544,
0.99,0.9846602239607302,0.9761904761904762,0.99375,1.0,0.9937106918238994,0.9875,0.975609756097561,1.0,1.0,"[[79, 1], [0, 20]]",score,4,0,59044,0.06494830000156071,0.225
0.98,0.9698613622664256,0.9545454545454546,0.9875,0.98875,0.9873417721518988,0.975,0.9523809523809523,1.0,1.0,"[[78, 2], [0, 20]]",logvar,4,0,2,0.01654410000628559,
0.98,0.9698613622664256,0.9545454545454546,0.9875,0.995,0.9873417721518988,0.975,0.9523809523809523,1.0,1.0,"[[78, 2], [0, 20]]",shallow,4,0,14,0.018185400003858376,
0.98,0.9675113710201428,0.9878048780487805,0.95,0.985625,0.9876543209876543,1.0,0.9473684210526315,0.9,0.9,"[[80, 0], [2, 18]]",raw1d,4,1,26946,35.104205399999046,
1.0,1.0,1.0,1.0,1.0,1.0,1.0,1.0,1.0,1.0,"[[80, 0], [0, 20]]",spec2d,4,1,32098,10.062619699994684,
0.99,0.9840738971173754,0.9938271604938271,0.975,0.9737499999999999,0.9937888198757764,1.0,0.9743589743589743,0.95,0.95,"[[80, 0], [1, 19]]",raw1d_wide,4,1,99666,115.05383490000531,
1.0,1.0,1.0,1.0,1.0,1.0,1.0,1.0,1.0,1.0,"[[80, 0], [0, 20]]",spec2d_wide,4,1,97646,20.195119000003615,
0.99,0.9840738971173754,0.9938271604938271,0.975,0.999375,0.9937888198757764,1.0,0.9743589743589743,0.95,0.95,"[[80, 0], [1, 19]]",late,4,1,98416,40.62420640000346,
0.96,0.9322493224932249,0.9761904761904762,0.9,0.999375,0.975609756097561,1.0,0.8888888888888888,0.8,0.8,"[[80, 0], [4, 16]]",gated,4,1,98569,53.875395799994294,
1.0,1.0,1.0,1.0,1.0,1.0,1.0,1.0,1.0,1.0,"[[80, 0], [0, 20]]",attention,4,1,98415,43.05301970000437,
0.93,0.8839330127673686,0.9110559886605245,0.8625,0.97125,0.9570552147239264,0.975,0.8108108108108109,0.75,0.75,"[[78, 2], [5, 15]]",early,4,1,97617,31.38402749999659,
0.98,0.9675113710201428,0.9878048780487805,0.95,0.99875,0.9876543209876543,1.0,0.9473684210526315,0.9,0.9,"[[80, 0], [2, 18]]",score,4,1,59044,0.07109630000195466,0.8
0.98,0.9698613622664256,0.9545454545454546,0.9875,0.99375,0.9873417721518988,0.975,0.9523809523809523,1.0,1.0,"[[78, 2], [0, 20]]",logvar,4,1,2,0.015522600006079301,
0.98,0.96875,0.96875,0.96875,0.9981249999999999,0.9875,0.9875,0.95,0.95,0.95,"[[79, 1], [1, 19]]",shallow,4,1,14,0.019456099995295517,
0.97,0.9502570054717294,0.9819277108433735,0.925,0.995625,0.9815950920245399,1.0,0.918918918918919,0.85,0.85,"[[80, 0], [3, 17]]",raw1d,4,2,26946,32.87509549999959,
1.0,1.0,1.0,1.0,1.0,1.0,1.0,1.0,1.0,1.0,"[[80, 0], [0, 20]]",spec2d,4,2,32098,14.516791800000647,
0.98,0.9675113710201428,0.9878048780487805,0.95,0.9975,0.9876543209876543,1.0,0.9473684210526315,0.9,0.9,"[[80, 0], [2, 18]]",raw1d_wide,4,2,99666,85.33980919999885,
0.99,0.9840738971173754,0.9938271604938271,0.975,1.0,0.9937888198757764,1.0,0.9743589743589743,0.95,0.95,"[[80, 0], [1, 19]]",spec2d_wide,4,2,97646,17.542596599996614,
0.98,0.9675113710201428,0.9878048780487805,0.95,1.0,0.9876543209876543,1.0,0.9473684210526315,0.9,0.9,"[[80, 0], [2, 18]]",late,4,2,98416,51.12263979999989,
0.98,0.9675113710201428,0.9878048780487805,0.95,1.0,0.9876543209876543,1.0,0.9473684210526315,0.9,0.9,"[[80, 0], [2, 18]]",gated,4,2,98569,39.918058700000984,
1.0,1.0,1.0,1.0,1.0,1.0,1.0,1.0,1.0,1.0,"[[80, 0], [0, 20]]",attention,4,2,98415,49.90510750000249,
0.9,0.8493068113321278,0.837995337995338,0.8625,0.953125,0.9367088607594937,0.925,0.7619047619047619,0.8,0.8,"[[74, 6], [4, 16]]",early,4,2,97617,30.181901000003563,
1.0,1.0,1.0,1.0,1.0,1.0,1.0,1.0,1.0,1.0,"[[80, 0], [0, 20]]",score,4,2,59044,0.07852010000351584,0.25
0.98,0.9675113710201428,0.9878048780487805,0.95,1.0,0.9876543209876543,1.0,0.9473684210526315,0.9,0.9,"[[80, 0], [2, 18]]",logvar,4,2,2,0.0191869999980554,
0.98,0.9675113710201428,0.9878048780487805,0.95,0.990625,0.9876543209876543,1.0,0.9473684210526315,0.9,0.9,"[[80, 0], [2, 18]]",shallow,4,2,14,0.016467900000861846,
0.96,0.9397227245328511,0.9254079254079255,0.95625,0.995625,0.9746835443037974,0.9625,0.9047619047619048,0.95,0.95,"[[77, 3], [1, 19]]",raw1d,4,3,26946,39.47912250000081,
0.99,0.9846602239607302,0.9761904761904762,0.99375,0.999375,0.9937106918238994,0.9875,0.975609756097561,1.0,1.0,"[[79, 1], [0, 20]]",spec2d,4,3,32098,10.233901899999182,
0.98,0.96875,0.96875,0.96875,0.990625,0.9875,0.9875,0.95,0.95,0.95,"[[79, 1], [1, 19]]",raw1d_wide,4,3,99666,122.44369569999981,
0.98,0.9698613622664256,0.9545454545454546,0.9875,1.0,0.9873417721518988,0.975,0.9523809523809523,1.0,1.0,"[[78, 2], [0, 20]]",spec2d_wide,4,3,97646,18.030361499993887,
1.0,1.0,1.0,1.0,1.0,1.0,1.0,1.0,1.0,1.0,"[[80, 0], [0, 20]]",late,4,3,98416,45.80718550000165,
1.0,1.0,1.0,1.0,1.0,1.0,1.0,1.0,1.0,1.0,"[[80, 0], [0, 20]]",gated,4,3,98569,53.64326699999947,
0.99,0.9846602239607302,0.9761904761904762,0.99375,1.0,0.9937106918238994,0.9875,0.975609756097561,1.0,1.0,"[[79, 1], [0, 20]]",attention,4,3,98415,47.561294699997234,
0.88,0.8355263157894737,0.8075396825396826,0.8875,0.979375,0.9210526315789473,0.875,0.75,0.9,0.9,"[[70, 10], [2, 18]]",early,4,3,97617,31.68015590000141,
0.98,0.96875,0.96875,0.96875,0.999375,0.9875,0.9875,0.95,0.95,0.95,"[[79, 1], [1, 19]]",score,4,3,59044,0.07654069999989588,0.7000000000000001
0.97,0.955562138942379,0.9347826086956521,0.98125,0.9875,0.9808917197452229,0.9625,0.9302325581395349,1.0,1.0,"[[77, 3], [0, 20]]",logvar,4,3,2,0.020402300004207063,
0.98,0.9698613622664256,0.9545454545454546,0.9875,0.993125,0.9873417721518988,0.975,0.9523809523809523,1.0,1.0,"[[78, 2], [0, 20]]",shallow,4,3,14,0.017332100003841333,
1.0,1.0,1.0,1.0,1.0,1.0,1.0,1.0,1.0,1.0,"[[80, 0], [0, 20]]",raw1d,4,4,26946,34.917734200003906,
0.98,0.9698613622664256,0.9545454545454546,0.9875,0.999375,0.9873417721518988,0.975,0.9523809523809523,1.0,1.0,"[[78, 2], [0, 20]]",spec2d,4,4,32098,10.212369599998055,
1.0,1.0,1.0,1.0,1.0,1.0,1.0,1.0,1.0,1.0,"[[80, 0], [0, 20]]",raw1d_wide,4,4,99666,122.20168240000203,
0.95,0.9259368982372982,0.9065499717673631,0.95,0.995625,0.9681528662420382,0.95,0.8837209302325582,0.95,0.95,"[[76, 4], [1, 19]]",spec2d_wide,4,4,97646,19.46655869999813,
1.0,1.0,1.0,1.0,1.0,1.0,1.0,1.0,1.0,1.0,"[[80, 0], [0, 20]]",late,4,4,98416,40.534374700000626,
0.99,0.9840738971173754,0.9938271604938271,0.975,1.0,0.9937888198757764,1.0,0.9743589743589743,0.95,0.95,"[[80, 0], [1, 19]]",gated,4,4,98569,39.7421811000022,
0.95,0.9259368982372982,0.9065499717673631,0.95,0.996875,0.9681528662420382,0.95,0.8837209302325582,0.95,0.95,"[[76, 4], [1, 19]]",attention,4,4,98415,40.501093999999284,
0.92,0.8794454490657022,0.8671328671328671,0.89375,0.9025,0.9493670886075949,0.9375,0.8095238095238095,0.85,0.85,"[[75, 5], [3, 17]]",early,4,4,97617,34.385296300002665,
1.0,1.0,1.0,1.0,1.0,1.0,1.0,1.0,1.0,1.0,"[[80, 0], [0, 20]]",score,4,4,59044,0.0731381000005058,1.0
0.94,0.9125874125874126,0.8892543859649122,0.94375,0.99,0.9615384615384616,0.9375,0.8636363636363636,0.95,0.95,"[[75, 5], [1, 19]]",logvar,4,4,2,0.013044699997408316,
0.97,0.955562138942379,0.9347826086956521,0.98125,0.9974999999999999,0.9808917197452229,0.9625,0.9302325581395349,1.0,1.0,"[[77, 3], [0, 20]]",shallow,4,4,14,0.02146560000255704,
