acc,f1_macro,precision_macro,recall_macro,auc,f1_c0,recall_c0,f1_c1,recall_c1,f1_c2,recall_c2,recall_ictal,cm,model,repeat,fold,params,sec,blend_w
0.96,0.96231078158789,0.9679722562219503,0.9583333333333334,0.9979166666666667,0.963855421686747,1.0,0.9487179487179487,0.925,0.9743589743589743,0.95,0.95,"[[40, 0, 0], [3, 37, 0], [0, 1, 19]]",raw1d,0,0,27075,55.734732000000804,
0.94,0.9372072715725966,0.94541910331384,0.9333333333333332,0.9977083333333333,0.9411764705882353,1.0,0.9473684210526315,0.9,0.9230769230769231,0.9,0.9,"[[40, 0, 0], [3, 36, 1], [2, 0, 18]]",spec2d,0,0,32227,14.757612100002007,
0.97,0.9749647942419027,0.9767441860465116,0.975,0.9968055555555555,0.963855421686747,1.0,0.961038961038961,0.925,1.0,1.0,1.0,"[[40, 0, 0], [3, 37, 0], [0, 0, 20]]",raw1d_wide,0,0,99795,122.00242680000156,
0.98,0.9790044317822096,0.9835365853658536,0.975,0.9992361111111111,0.9876543209876543,1.0,0.975,0.975,0.9743589743589743,0.95,0.95,"[[40, 0, 0], [1, 39, 0], [0, 1, 19]]",spec2d_wide,0,0,97775,28.497629900000902,
0.98,0.9833229101521784,0.9841269841269842,0.9833333333333334,0.9995833333333333,0.975609756097561,1.0,0.9743589743589743,0.95,1.0,1.0,1.0,"[[40, 0, 0], [2, 38, 0], [0, 0, 20]]",late,0,0,98571,50.25736859999961,
0.94,0.9342632675966009,0.9292762829348195,0.9416666666666668,0.9977083333333333,0.9629629629629629,0.975,0.935064935064935,0.9,0.9047619047619048,0.95,0.95,"[[39, 0, 1], [2, 36, 2], [0, 1, 19]]",gated,0,0,98698,66.42659889999777,
0.96,0.96231078158789,0.9679722562219503,0.9583333333333334,0.9983333333333334,0.963855421686747,1.0,0.9487179487179487,0.925,0.9743589743589743,0.95,0.95,"[[40, 0, 0], [3, 37, 0], [0, 1, 19]]",attention,0,0,98544,47.99003249999805,
0.87,0.8662363740676994,0.8674523360569872,0.8666666666666667,0.9740277777777777,0.891566265060241,0.925,0.8571428571428571,0.825,0.85,0.85,0.85,"[[37, 3, 0], [4, 33, 3], [2, 1, 17]]",early,0,0,97507,32.866744600003585,
0.93,0.9236594159194779,0.9354354354354354,0.9166666666666666,0.9980555555555556,0.9411764705882353,1.0,0.935064935064935,0.9,0.8947368421052632,0.85,0.85,"[[40, 0, 0], [3, 36, 1], [2, 1, 17]]",score,0,0,59302,0.0996917999946163,0.07500000000000001
0.6,0.6443989950056684,0.6358799766783275,0.6666666666666666,0.7473611111111111,0.5681818181818182,0.625,0.43478260869565216,0.375,0.9302325581395349,1.0,1.0,"[[25, 14, 1], [23, 15, 2], [0, 0, 20]]",logvar,0,0,3,0.07081540000217501,
0.96,0.9584530431770482,0.9538239538239538,0.9666666666666667,0.9971527777777777,0.975609756097561,1.0,0.9473684210526315,0.9,0.9523809523809523,1.0,1.0,"[[40, 0, 0], [2, 36, 2], [0, 0, 20]]",shallow,0,0,21,0.025240900002245326,
0.98,0.9791035008694781,0.9841269841269842,0.975,0.9956944444444443,0.975609756097561,1.0,0.9873417721518988,0.975,0.9743589743589743,0.95,0.95,"[[40, 0, 0], [1, 39, 0], [1, 0, 19]]",raw1d,0,1,27075,42.66415319999942,
0.99,0.991665364379851,0.991869918699187,0.9916666666666667,0.9995833333333333,0.9876543209876543,1.0,0.9873417721518988,0.975,1.0,1.0,1.0,"[[40, 0, 0], [1, 39, 0], [0, 0, 20]]",spec2d,0,1,32227,15.240968799997063,
0.97,0.9708577901348986,0.9767441860465116,0.9666666666666667,0.9997916666666667,0.963855421686747,1.0,0.9743589743589743,0.95,0.9743589743589743,0.95,0.95,"[[40, 0, 0], [2, 38, 0], [1, 0, 19]]",raw1d_wide,0,1,99795,108.96481809999386,
0.96,0.9625929625929626,0.9696969696969697,0.9583333333333334,0.9986805555555556,0.9523809523809523,1.0,0.961038961038961,0.925,0.9743589743589743,0.95,0.95,"[[40, 0, 0], [3, 37, 0], [1, 0, 19]]",spec2d_wide,0,1,97775,21.0491320000001,
0.98,0.9833229101521784,0.9841269841269842,0.9833333333333334,1.0,0.975609756097561,1.0,0.9743589743589743,0.95,1.0,1.0,1.0,"[[40, 0, 0], [2, 38, 0], [0, 0, 20]]",late,0,1,98571,50.956267800000205,
0.99,0.991665364379851,0.991869918699187,0.9916666666666667,1.0,0.9876543209876543,1.0,0.9873417721518988,0.975,1.0,1.0,1.0,"[[40, 0, 0], [1, 39, 0], [0, 0, 20]]",gated,0,1,98698,60.12286419999873,
0.97,0.9706646823040771,0.9755799755799756,0.9666666666666667,0.9997222222222222,0.975609756097561,1.0,0.9620253164556962,0.95,0.9743589743589743,0.95,0.95,"[[40, 0, 0], [2, 38, 0], [0, 1, 19]]",attention,0,1,98544,53.57967859999917,
0.97,0.9659927257167308,0.9757936507936508,0.9583333333333334,0.9927777777777779,0.975609756097561,1.0,0.975,0.975,0.9473684210526315,0.9,0.9,"[[40, 0, 0], [1, 39, 0], [1, 1, 18]]",early,0,1,97507,27.600792899997032,
0.99,0.991665364379851,0.991869918699187,0.9916666666666667,1.0,0.9876543209876543,1.0,0.9873417721518988,0.975,1.0,1.0,1.0,"[[40, 0, 0], [1, 39, 0], [0, 0, 20]]",score,0,1,59302,0.09337500000401633,0.325
0.61,0.6477588699810922,0.63012912482066,0.6749999999999999,0.7744444444444444,0.5679012345679012,0.575,0.4864864864864865,0.45,0.8888888888888888,1.0,1.0,"[[23, 16, 1], [18, 18, 4], [0, 0, 20]]",logvar,0,1,3,0.028205000002344605,
0.98,0.9755799755799757,0.9696969696969697,0.9833333333333334,1.0,1.0,1.0,0.9743589743589743,0.95,0.9523809523809523,1.0,1.0,"[[40, 0, 0], [0, 38, 2], [0, 0, 20]]",shallow,0,1,21,0.028220100000908133,
0.96,0.9544005126660954,0.9513519571285939,0.9583333333333334,0.9926388888888887,0.9876543209876543,1.0,0.9487179487179487,0.925,0.926829268292683,0.95,0.95,"[[40, 0, 0], [1, 37, 2], [0, 1, 19]]",raw1d,0,2,27075,38.346326099999715,
0.97,0.9661885382970924,0.9767441860465116,0.9583333333333334,0.9984722222222221,0.9873417721518988,0.975,0.963855421686747,1.0,0.9473684210526315,0.9,0.9,"[[39, 1, 0], [0, 40, 0], [0, 2, 18]]",spec2d,0,2,32227,10.826583800000662,
0.97,0.9619104146881924,0.9659927257167308,0.9583333333333334,0.9904166666666666,0.9876543209876543,1.0,0.975,0.975,0.9230769230769231,0.9,0.9,"[[40, 0, 0], [0, 39, 1], [1, 1, 18]]",raw1d_wide,0,2,99795,158.85664279999764,
0.95,0.9443671313590012,0.9599303135888503,0.9333333333333332,0.9986111111111112,0.9629629629629629,0.975,0.9512195121951219,0.975,0.918918918918919,0.85,0.85,"[[39, 1, 0], [1, 39, 0], [1, 2, 17]]",spec2d_wide,0,2,97775,21.162459400002263,
0.96,0.9585261621846989,0.9595238095238096,0.9583333333333334,0.9959722222222221,0.9743589743589743,0.95,0.9512195121951219,0.975,0.95,0.95,0.95,"[[38, 2, 0], [0, 39, 1], [0, 1, 19]]",late,0,2,98571,44.75670150000224,
0.96,0.9528805478172567,0.9696969696969697,0.9416666666666668,0.9989583333333333,0.9873417721518988,0.975,0.9523809523809523,1.0,0.918918918918919,0.85,0.85,"[[39, 1, 0], [0, 40, 0], [0, 3, 17]]",gated,0,2,98698,80.15381750000233,
0.98,0.9790044317822096,0.9835365853658536,0.975,0.9928472222222222,0.9876543209876543,1.0,0.975,0.975,0.9743589743589743,0.95,0.95,"[[40, 0, 0], [1, 39, 0], [0, 1, 19]]",attention,0,2,98544,72.54906060000212,
0.87,0.8597168597168597,0.8591800356506237,0.8666666666666667,0.9729861111111111,0.8648648648648649,0.8,0.9047619047619048,0.95,0.8095238095238095,0.85,0.85,"[[32, 4, 4], [1, 38, 1], [1, 2, 17]]",early,0,2,97507,28.364308000003803,
0.97,0.9661885382970924,0.9767441860465116,0.9583333333333334,0.9984722222222221,0.9873417721518988,0.975,0.963855421686747,1.0,0.9473684210526315,0.9,0.9,"[[39, 1, 0], [0, 40, 0], [0, 2, 18]]",score,0,2,59302,0.0842250999994576,0.0
0.6,0.65,0.65,0.65,0.7381944444444444,0.55,0.55,0.5,0.5,0.9,0.9,0.9,"[[22, 18, 0], [18, 20, 2], [0, 2, 18]]",logvar,0,2,3,0.026022800004284363,
0.94,0.9382324992081089,0.9365079365079364,0.9416666666666668,0.9943055555555556,0.961038961038961,0.925,0.926829268292683,0.95,0.926829268292683,0.95,0.95,"[[37, 3, 0], [0, 38, 2], [0, 1, 19]]",shallow,0,2,21,0.02385859999776585,
0.98,0.9790044317822096,0.9835365853658536,0.975,0.9944444444444445,0.9876543209876543,1.0,0.975,0.975,0.9743589743589743,0.95,0.95,"[[40, 0, 0], [1, 39, 0], [0, 1, 19]]",raw1d,0,3,27075,38.14003210000374,
0.99,0.991665364379851,0.991869918699187,0.9916666666666667,1.0,0.9876543209876543,1.0,0.9873417721518988,0.975,1.0,1.0,1.0,"[[40, 0, 0], [1, 39, 0], [0, 0, 20]]",spec2d,0,3,32227,17.630793399999675,
0.99,0.991665364379851,0.991869918699187,0.9916666666666667,0.9966666666666667,0.9876543209876543,1.0,0.9873417721518988,0.975,1.0,1.0,1.0,"[[40, 0, 0], [1, 39, 0], [0, 0, 20]]",raw1d_wide,0,3,99795,175.7110726000028,
0.99,0.991665364379851,0.991869918699187,0.9916666666666667,0.9977777777777778,0.9876543209876543,1.0,0.9873417721518988,0.975,1.0,1.0,1.0,"[[40, 0, 0], [1, 39, 0], [0, 0, 20]]",spec2d_wide,0,3,97775,37.86013790000288,
0.98,0.9791035008694781,0.9841269841269842,0.975,0.9981944444444445,0.975609756097561,1.0,0.9873417721518988,0.975,0.9743589743589743,0.95,0.95,"[[40, 0, 0], [1, 39, 0], [1, 0, 19]]",late,0,3,98571,60.36745389999851,
0.99,0.991665364379851,0.991869918699187,0.9916666666666667,0.9991666666666665,0.9876543209876543,1.0,0.9873417721518988,0.975,1.0,1.0,1.0,"[[40, 0, 0], [1, 39, 0], [0, 0, 20]]",gated,0,3,98698,56.87564310000016,
0.99,0.991665364379851,0.991869918699187,0.9916666666666667,0.9977777777777778,0.9876543209876543,1.0,0.9873417721518988,0.975,1.0,1.0,1.0,"[[40, 0, 0], [1, 39, 0], [0, 0, 20]]",attention,0,3,98544,60.6378263000006,
0.96,0.9536799620132953,0.9578626444159178,0.9500000000000001,0.9930555555555555,0.975,0.975,0.9629629629629629,0.975,0.9230769230769231,0.9,0.9,"[[39, 0, 1], [1, 39, 0], [0, 2, 18]]",early,0,3,97507,28.33812329999637,
0.99,0.991665364379851,0.991869918699187,0.9916666666666667,1.0,0.9876543209876543,1.0,0.9873417721518988,0.975,1.0,1.0,1.0,"[[40, 0, 0], [1, 39, 0], [0, 0, 20]]",score,0,3,59302,0.08209229999920353,0.0
0.6,0.6483709273182957,0.6484848484848484,0.65,0.7502777777777778,0.5714285714285714,0.6,0.47368421052631576,0.45,0.9,0.9,0.9,"[[24, 16, 0], [20, 18, 2], [0, 2, 18]]",logvar,0,3,3,0.025932600001397077,
0.93,0.928182928182928,0.9341350920298289,0.9249999999999999,0.9955555555555556,0.9523809523809523,1.0,0.9090909090909091,0.875,0.9230769230769231,0.9,0.9,"[[40, 0, 0], [4, 35, 1], [0, 2, 18]]",shallow,0,3,21,0.024086500001430977,
0.92,0.9211290001987678,0.9317315026697178,0.9166666666666666,0.9977083333333333,0.9333333333333333,0.875,0.9069767441860465,0.975,0.9230769230769231,0.9,0.9,"[[35, 5, 0], [0, 39, 1], [0, 2, 18]]",raw1d,0,4,27075,82.47470959999919,
0.95,0.958326821899255,0.9585157390035439,0.9583333333333334,0.9975,0.9367088607594937,0.925,0.9382716049382716,0.95,1.0,1.0,1.0,"[[37, 3, 0], [2, 38, 0], [0, 0, 20]]",spec2d,0,4,32227,12.535468000001856,
0.94,0.9375624375624376,0.9445773524720892,0.9333333333333332,0.9986805555555556,0.961038961038961,0.925,0.9285714285714286,0.975,0.9230769230769231,0.9,0.9,"[[37, 3, 0], [0, 39, 1], [0, 2, 18]]",raw1d_wide,0,4,99795,164.16485190000094,
0.97,0.9708577901348986,0.9767441860465116,0.9666666666666667,0.9986111111111112,0.963855421686747,1.0,0.9743589743589743,0.95,0.9743589743589743,0.95,0.95,"[[40, 0, 0], [2, 38, 0], [1, 0, 19]]",spec2d_wide,0,4,97775,23.149061600001005,
0.97,0.9707739791073124,0.9754065040650407,0.9666666666666667,0.997638888888889,0.9629629629629629,0.975,0.975,0.975,0.9743589743589743,0.95,0.95,"[[39, 1, 0], [1, 39, 0], [1, 0, 19]]",late,0,4,98571,48.58314359999349,
0.98,0.9833229101521784,0.9841269841269842,0.9833333333333334,0.9994444444444444,0.9743589743589743,0.95,0.975609756097561,1.0,1.0,1.0,1.0,"[[38, 2, 0], [0, 40, 0], [0, 0, 20]]",gated,0,4,98698,61.493332799997006,
0.94,0.9361366786841042,0.9518002322880372,0.9249999999999999,0.9948611111111111,0.9382716049382716,0.95,0.9512195121951219,0.975,0.918918918918919,0.85,0.85,"[[38, 2, 0], [1, 39, 0], [2, 1, 17]]",attention,0,4,98544,62.21170620000339,
0.86,0.8316824962394582,0.8428972987796518,0.8250000000000001,0.967013888888889,0.8809523809523809,0.925,0.9113924050632911,0.9,0.7027027027027027,0.65,0.65,"[[37, 0, 3], [3, 36, 1], [4, 3, 13]]",early,0,4,97507,35.46844989999954,
0.97,0.9749647942419027,0.9767441860465116,0.975,0.9983333333333334,0.961038961038961,0.925,0.963855421686747,1.0,1.0,1.0,1.0,"[[37, 3, 0], [0, 40, 0], [0, 0, 20]]",score,0,4,59302,0.09535719999985304,0.275
0.57,0.629255518144407,0.6187850821997163,0.6416666666666667,0.7635416666666667,0.49382716049382713,0.5,0.44155844155844154,0.425,0.9523809523809523,1.0,1.0,"[[20, 20, 0], [21, 17, 2], [0, 0, 20]]",logvar,0,4,3,0.027445200001238845,
0.95,0.9542786530738337,0.9602203182374541,0.9499999999999998,0.9979861111111111,0.9487179487179487,0.925,0.9397590361445783,0.975,0.9743589743589743,0.95,0.95,"[[37, 3, 0], [1, 39, 0], [0, 1, 19]]",shallow,0,4,21,0.025859500005026348,
0.96,0.9583294264728863,0.9585261621846989,0.9583333333333334,0.9979166666666668,0.9620253164556962,0.95,0.9629629629629629,0.975,0.95,0.95,0.95,"[[38, 2, 0], [0, 39, 1], [1, 0, 19]]",raw1d,1,0,27075,43.672819999999774,
0.96,0.9625346010032642,0.9676434676434676,0.9583333333333334,0.9984722222222221,0.9620253164556962,0.95,0.9512195121951219,0.975,0.9743589743589743,0.95,0.95,"[[38, 2, 0], [1, 39, 0], [0, 1, 19]]",spec2d,1,0,32227,17.476477800002613,
0.96,0.96231078158789,0.9679722562219503,0.9583333333333334,0.9983333333333334,0.9487179487179487,0.925,0.963855421686747,1.0,0.9743589743589743,0.95,0.95,"[[37, 3, 0], [0, 40, 0], [1, 0, 19]]",raw1d_wide,1,0,99795,115.45062080000207,
0.92,0.9138690363647823,0.908695652173913,0.9249999999999999,0.9970833333333333,0.9066666666666666,0.85,0.9512195121951219,0.975,0.8837209302325582,0.95,0.95,"[[34, 2, 4], [1, 39, 0], [0, 1, 19]]",spec2d_wide,1,0,97775,25.526149899997108,
0.96,0.9665831244778613,0.9696969696969697,0.9666666666666667,0.9997222222222222,0.9473684210526315,0.9,0.9523809523809523,1.0,1.0,1.0,1.0,"[[36, 4, 0], [0, 40, 0], [0, 0, 20]]",late,1,0,98571,69.86746850000054,
0.96,0.9584530431770482,0.9538239538239538,0.9666666666666667,0.9997222222222222,0.975609756097561,1.0,0.9473684210526315,0.9,0.9523809523809523,1.0,1.0,"[[40, 0, 0], [2, 36, 2], [0, 0, 20]]",gated,1,0,98698,49.30005619999429,
0.97,0.9707739791073124,0.9754065040650407,0.9666666666666667,0.9991666666666666,0.975,0.975,0.9629629629629629,0.975,0.9743589743589743,0.95,0.95,"[[39, 1, 0], [1, 39, 0], [0, 1, 19]]",attention,1,0,98544,87.87227060000441,
0.9,0.9047744890768147,0.8968370544457501,0.9166666666666666,0.9851388888888889,0.875,0.875,0.9090909090909091,0.875,0.9302325581395349,1.0,1.0,"[[35, 2, 3], [5, 35, 0], [0, 0, 20]]",early,1,0,97507,28.88596750000579,
0.96,0.9625346010032642,0.9676434676434676,0.9583333333333334,0.9984722222222221,0.9620253164556962,0.95,0.9512195121951219,0.975,0.9743589743589743,0.95,0.95,"[[38, 2, 0], [1, 39, 0], [0, 1, 19]]",score,1,0,59302,0.07620759999554139,0.0
0.64,0.6885789108011329,0.6792113621381914,0.7000000000000001,0.7752083333333334,0.5679012345679012,0.575,0.5454545454545454,0.525,0.9523809523809523,1.0,1.0,"[[23, 16, 1], [18, 21, 1], [0, 0, 20]]",logvar,1,0,3,0.025938799997675233,
0.95,0.9498906079074855,0.9499791536376901,0.9499999999999998,0.997013888888889,0.9629629629629629,0.975,0.9367088607594937,0.925,0.95,0.95,0.95,"[[39, 1, 0], [2, 37, 1], [0, 1, 19]]",shallow,1,0,21,0.023942400002852082,
0.95,0.9463918825234764,0.9406487232574189,0.9583333333333334,0.9995138888888889,0.975609756097561,1.0,0.9333333333333333,0.875,0.9302325581395349,1.0,1.0,"[[40, 0, 0], [2, 35, 3], [0, 0, 20]]",raw1d,1,1,27075,38.53172150000319,
0.95,0.9502659990611798,0.9523255813953488,0.9499999999999998,0.9950694444444445,0.9397590361445783,0.975,0.961038961038961,0.925,0.95,0.95,0.95,"[[39, 0, 1], [3, 37, 0], [1, 0, 19]]",spec2d,1,1,32227,10.138190999998187,
0.95,0.9407407407407407,0.9333333333333332,0.9583333333333334,0.9993055555555556,1.0,1.0,0.9333333333333333,0.875,0.8888888888888888,1.0,1.0,"[[40, 0, 0], [0, 35, 5], [0, 0, 20]]",raw1d_wide,1,1,99795,108.71026129999518,
0.95,0.9543012886666138,0.9629629629629629,0.9499999999999998,0.9954861111111111,0.9411764705882353,1.0,0.9473684210526315,0.9,0.9743589743589743,0.95,0.95,"[[40, 0, 0], [4, 36, 0], [1, 0, 19]]",spec2d_wide,1,1,97775,19.406839100003708,
0.98,0.97422568767598,0.983739837398374,0.9666666666666667,1.0,0.9876543209876543,1.0,0.9876543209876543,1.0,0.9473684210526315,0.9,0.9,"[[40, 0, 0], [0, 40, 0], [1, 1, 18]]",late,1,1,98571,54.51430840000103,
0.96,0.9521531100478469,0.9444444444444445,0.9666666666666667,0.9990277777777777,1.0,1.0,0.9473684210526315,0.9,0.9090909090909091,1.0,1.0,"[[40, 0, 0], [0, 36, 4], [0, 0, 20]]",gated,1,1,98698,46.36130019999837,
0.96,0.9550851000599402,0.9483916578296218,0.9666666666666667,0.9993055555555556,0.9876543209876543,1.0,0.9473684210526315,0.9,0.9302325581395349,1.0,1.0,"[[40, 0, 0], [1, 36, 3], [0, 0, 20]]",attention,1,1,98544,55.56750550000288,
0.92,0.9198372601276413,0.9410953506698188,0.9083333333333333,0.9957638888888889,0.9195402298850575,1.0,0.9210526315789473,0.875,0.918918918918919,0.85,0.85,"[[40, 0, 0], [5, 35, 0], [2, 1, 17]]",early,1,1,97507,37.35665909999807,
0.96,0.9584530431770482,0.9538239538239538,0.9666666666666667,0.9998611111111111,0.975609756097561,1.0,0.9473684210526315,0.9,0.9523809523809523,1.0,1.0,"[[40, 0, 0], [2, 36, 2], [0, 0, 20]]",score,1,1,59302,0.08677419999730773,0.9500000000000001
0.56,0.610132253917338,0.597420084284099,0.6333333333333333,0.7213194444444445,0.5287356321839081,0.575,0.37142857142857144,0.325,0.9302325581395349,1.0,1.0,"[[23, 17, 0], [24, 13, 3], [0, 0, 20]]",logvar,1,1,3,0.024755200000072364,
0.95,0.9498565691336776,0.9464411557434813,0.9583333333333334,0.9958333333333332,0.963855421686747,1.0,0.9333333333333333,0.875,0.9523809523809523,1.0,1.0,"[[40, 0, 0], [3, 35, 2], [0, 0, 20]]",shallow,1,1,21,0.02539930000057211,
0.96,0.9625346010032642,0.9676434676434676,0.9583333333333334,0.9933333333333333,0.9512195121951219,0.975,0.9620253164556962,0.95,0.9743589743589743,0.95,0.95,"[[39, 1, 0], [2, 38, 0], [1, 0, 19]]",raw1d,1,2,27075,46.56874180000159,
0.95,0.9505638394527282,0.9453067257945307,0.9583333333333334,0.9933333333333333,0.9382716049382716,0.95,0.961038961038961,0.925,0.9523809523809523,1.0,1.0,"[[38, 0, 2], [3, 37, 0], [0, 0, 20]]",spec2d,1,2,32227,15.694793700000446,
0.97,0.9708577901348986,0.9767441860465116,0.9666666666666667,0.9925,0.963855421686747,1.0,0.9743589743589743,0.95,0.9743589743589743,0.95,0.95,"[[40, 0, 0], [2, 38, 0], [1, 0, 19]]",raw1d_wide,1,2,99795,132.66545049999695,
0.96,0.9622778662789798,0.9608711701734958,0.9666666666666667,0.9979166666666667,0.963855421686747,1.0,0.9473684210526315,0.9,0.975609756097561,1.0,1.0,"[[40, 0, 0], [3, 36, 1], [0, 0, 20]]",spec2d_wide,1,2,97775,26.423979999999574,
0.98,0.9833229101521784,0.9841269841269842,0.9833333333333334,0.9980555555555556,0.975609756097561,1.0,0.9743589743589743,0.95,1.0,1.0,1.0,"[[40, 0, 0], [2, 38, 0], [0, 0, 20]]",late,1,2,98571,49.6992734000014,
0.97,0.9708577901348986,0.9767441860465116,0.9666666666666667,0.9948611111111111,0.963855421686747,1.0,0.9743589743589743,0.95,0.9743589743589743,0.95,0.95,"[[40, 0, 0], [2, 38, 0], [1, 0, 19]]",gated,1,2,98698,46.87386890000198,
0.95,0.954210193099082,0.9589430894308943,0.9499999999999998,0.9952777777777778,0.9382716049382716,0.95,0.95,0.95,0.9743589743589743,0.95,0.95,"[[38, 2, 0], [2, 38, 0], [1, 0, 19]]",attention,1,2,98544,57.492179099994246,
0.91,0.9044947121034078,0.8980769230769231,0.9249999999999999,0.9840972222222222,0.925,0.925,0.918918918918919,0.85,0.8695652173913043,1.0,1.0,"[[37, 0, 3], [3, 34, 3], [0, 0, 20]]",early,1,2,97507,24.946612100000493,
0.95,0.9505638394527282,0.9453067257945307,0.9583333333333334,0.9933333333333333,0.9382716049382716,0.95,0.961038961038961,0.925,0.9523809523809523,1.0,1.0,"[[38, 0, 2], [3, 37, 0], [0, 0, 20]]",score,1,2,59302,0.08607950000441633,0.0
0.67,0.716520810543314,0.7164998957681884,0.7166666666666667,0.7916666666666666,0.6172839506172839,0.625,0.5822784810126582,0.575,0.95,0.95,0.95,"[[25, 15, 0], [16, 23, 1], [0, 1, 19]]",logvar,1,2,3,0.022182499997143168,
0.95,0.954210193099082,0.9589430894308943,0.9499999999999998,0.9964583333333333,0.95,0.95,0.9382716049382716,0.95,0.9743589743589743,0.95,0.95,"[[38, 2, 0], [2, 38, 0], [0, 1, 19]]",shallow,1,2,21,0.02413140000135172,
0.93,0.928066402749947,0.945027195027195,0.9166666666666666,0.9922916666666667,0.9285714285714286,0.975,0.9367088607594937,0.925,0.918918918918919,0.85,0.85,"[[39, 1, 0], [3, 37, 0], [2, 1, 17]]",raw1d,1,3,27075,34.68382629999542,
0.97,0.9707739791073124,0.9754065040650407,0.9666666666666667,0.9990277777777777,0.975,0.975,0.9629629629629629,0.975,0.9743589743589743,0.95,0.95,"[[39, 1, 0], [1, 39, 0], [0, 1, 19]]",spec2d,1,3,32227,17.818699900002684,
0.95,0.9495293110825845,0.9595238095238096,0.9416666666666665,0.9981249999999999,0.9512195121951219,0.975,0.95,0.95,0.9473684210526315,0.9,0.9,"[[39, 1, 0], [2, 38, 0], [1, 1, 18]]",raw1d_wide,1,3,99795,110.18372119999549,
0.98,0.9833333333333334,0.9833333333333334,0.9833333333333334,0.9995833333333333,0.975,0.975,0.975,0.975,1.0,1.0,1.0,"[[39, 1, 0], [1, 39, 0], [0, 0, 20]]",spec2d_wide,1,3,97775,31.33794759999728,
0.98,0.9792076838147299,0.9759969028261711,0.9833333333333334,0.9995833333333333,0.9743589743589743,0.95,0.9876543209876543,1.0,0.975609756097561,1.0,1.0,"[[38, 1, 1], [0, 40, 0], [0, 0, 20]]",late,1,3,98571,56.253012299996044,
0.98,0.9790044317822096,0.9835365853658536,0.975,0.9982638888888888,0.975,0.975,0.9876543209876543,1.0,0.9743589743589743,0.95,0.95,"[[39, 1, 0], [0, 40, 0], [1, 0, 19]]",gated,1,3,98698,66.28744919999735,
0.98,0.9790044317822096,0.9835365853658536,0.975,0.9993055555555556,0.975,0.975,0.9876543209876543,1.0,0.9743589743589743,0.95,0.95,"[[39, 1, 0], [0, 40, 0], [1, 0, 19]]",attention,1,3,98544,50.38128020000295,
0.9,0.8864174647307177,0.8910648714810282,0.8833333333333334,0.9860416666666666,0.9230769230769231,0.9,0.9156626506024096,0.95,0.8205128205128205,0.8,0.8,"[[36, 1, 3], [2, 38, 0], [0, 4, 16]]",early,1,3,97507,38.302338299996336,
0.97,0.9707739791073124,0.9754065040650407,0.9666666666666667,0.9990277777777777,0.975,0.975,0.9629629629629629,0.975,0.9743589743589743,0.95,0.95,"[[39, 1, 0], [1, 39, 0], [0, 1, 19]]",score,1,3,59302,0.08623120000265772,0.0
0.55,0.6069389912413169,0.5923325499412456,0.625,0.7396527777777777,0.475,0.475,0.4155844155844156,0.4,0.9302325581395349,1.0,1.0,"[[19, 21, 0], [21, 16, 3], [0, 0, 20]]",logvar,1,3,3,0.025773800000024494,
0.96,0.9547236801481939,0.9515873015873016,0.9583333333333334,0.9979166666666667,0.9873417721518988,0.975,0.95,0.95,0.926829268292683,0.95,0.95,"[[39, 1, 0], [0, 38, 2], [0, 1, 19]]",shallow,1,3,21,0.02550419999897713,
0.96,0.9580361159308527,0.9696969696969697,0.9500000000000001,0.993125,0.9743589743589743,0.95,0.9523809523809523,1.0,0.9473684210526315,0.9,0.9,"[[38, 2, 0], [0, 40, 0], [0, 2, 18]]",raw1d,1,4,27075,37.75603450000199,
0.96,0.9525914468685553,0.9684108527131783,0.9416666666666668,0.9990972222222222,0.963855421686747,1.0,0.975,0.975,0.918918918918919,0.85,0.85,"[[40, 0, 0], [1, 39, 0], [2, 1, 17]]",spec2d,1,4,32227,13.611947599994892,
0.97,0.9659952350010829,0.975609756097561,0.9583333333333334,0.9951388888888889,0.9876543209876543,1.0,0.9629629629629629,0.975,0.9473684210526315,0.9,0.9,"[[40, 0, 0], [1, 39, 0], [0, 2, 18]]",raw1d_wide,1,4,99795,214.8455310000063,
0.98,0.975,0.975,0.975,0.9994444444444444,1.0,1.0,0.975,0.975,0.95,0.95,0.95,"[[40, 0, 0], [0, 39, 1], [0, 1, 19]]",spec2d_wide,1,4,97775,26.75211649999983,
0.98,0.9756881655615833,0.9696969696969697,0.9833333333333334,0.9990277777777777,0.9873417721518988,0.975,0.9873417721518988,0.975,0.9523809523809523,1.0,1.0,"[[39, 0, 1], [0, 39, 1], [0, 0, 20]]",late,1,4,98571,48.85550499999954,
0.97,0.9661885382970924,0.9767441860465116,0.9583333333333334,0.9993055555555556,0.9873417721518988,0.975,0.963855421686747,1.0,0.9473684210526315,0.9,0.9,"[[39, 1, 0], [0, 40, 0], [0, 2, 18]]",gated,1,4,98698,61.29641009999614,
0.98,0.9833229101521784,0.9841269841269842,0.9833333333333334,0.9997222222222222,0.9743589743589743,0.95,0.975609756097561,1.0,1.0,1.0,1.0,"[[38, 2, 0], [0, 40, 0], [0, 0, 20]]",attention,1,4,98544,73.91300510000292,
0.89,0.8751527295831094,0.8887174916586682,0.8666666666666667,0.9784027777777777,0.8860759493670886,0.875,0.9285714285714286,0.975,0.8108108108108109,0.75,0.75,"[[35, 3, 2], [1, 39, 0], [3, 2, 15]]",early,1,4,97507,38.433441799999855,
0.98,0.9791035008694781,0.9841269841269842,0.975,0.9979166666666668,0.9873417721518988,0.975,0.975609756097561,1.0,0.9743589743589743,0.95,0.95,"[[39, 1, 0], [0, 40, 0], [0, 1, 19]]",score,1,4,59302,0.0844444000031217,0.47500000000000003
0.6,0.6400647914525122,0.6367781155015199,0.65,0.7385416666666668,0.5977011494252874,0.65,0.4444444444444444,0.4,0.8780487804878049,0.9,0.9,"[[26, 14, 0], [21, 16, 3], [0, 2, 18]]",logvar,1,4,3,0.025575899999239482,
0.98,0.9791035008694781,0.9841269841269842,0.975,0.997013888888889,0.9873417721518988,0.975,0.975609756097561,1.0,0.9743589743589743,0.95,0.95,"[[39, 1, 0], [0, 40, 0], [0, 1, 19]]",shallow,1,4,21,0.02379550000478048,
0.93,0.9286256291134339,0.9284271284271285,0.9333333333333332,0.9945833333333333,0.9523809523809523,1.0,0.9066666666666666,0.85,0.926829268292683,0.95,0.95,"[[40, 0, 0], [4, 34, 2], [0, 1, 19]]",raw1d,2,0,27075,61.23833910000394,
0.92,0.9245251058681184,0.9408308004052685,0.9166666666666666,0.9965277777777777,0.9195402298850575,1.0,0.9066666666666666,0.85,0.9473684210526315,0.9,0.9,"[[40, 0, 0], [6, 34, 0], [1, 1, 18]]",spec2d,2,0,32227,14.011218100000406,
0.95,0.9458346531517262,0.9433719433719433,0.9499999999999998,0.9958333333333332,0.975609756097561,1.0,0.935064935064935,0.9,0.926829268292683,0.95,0.95,"[[40, 0, 0], [2, 36, 2], [0, 1, 19]]",raw1d_wide,2,0,99795,124.87265930000285,
0.98,0.9790044317822096,0.9835365853658536,0.975,0.9994444444444444,0.9876543209876543,1.0,0.975,0.975,0.9743589743589743,0.95,0.95,"[[40, 0, 0], [1, 39, 0], [0, 1, 19]]",spec2d_wide,2,0,97775,32.76122629999736,
0.97,0.9708577901348986,0.9767441860465116,0.9666666666666667,0.9993055555555556,0.963855421686747,1.0,0.9743589743589743,0.95,0.9743589743589743,0.95,0.95,"[[40, 0, 0], [2, 38, 0], [1, 0, 19]]",late,2,0,98571,59.68553840000095,
1.0,1.0,1.0,1.0,1.0,1.0,1.0,1.0,1.0,1.0,1.0,1.0,"[[40, 0, 0], [0, 40, 0], [0, 0, 20]]",gated,2,0,98698,67.85362660000101,
0.98,0.9833229101521784,0.9841269841269842,0.9833333333333334,0.9998611111111111,0.975609756097561,1.0,0.9743589743589743,0.95,1.0,1.0,1.0,"[[40, 0, 0], [2, 38, 0], [0, 0, 20]]",attention,2,0,98544,61.12687410000217,
0.82,0.7887522073568585,0.8007073569733416,0.7833333333333333,0.9243055555555556,0.8604651162790697,0.925,0.8571428571428571,0.825,0.6486486486486487,0.6,0.6,"[[37, 0, 3], [5, 33, 2], [4, 4, 12]]",early,2,0,97507,51.991562900002464,
0.96,0.9625929625929626,0.9696969696969697,0.9583333333333334,0.9991666666666666,0.9523809523809523,1.0,0.961038961038961,0.925,0.9743589743589743,0.95,0.95,"[[40, 0, 0], [3, 37, 0], [1, 0, 19]]",score,2,0,59302,0.08057430000189925,0.47500000000000003
0.53,0.5903977617254038,0.5757300162334488,0.6083333333333333,0.7536805555555555,0.4358974358974359,0.425,0.4050632911392405,0.4,0.9302325581395349,1.0,1.0,"[[17, 23, 0], [21, 16, 3], [0, 0, 20]]",logvar,2,0,3,0.02338210000016261,
0.94,0.9366697559468644,0.941656466748266,0.9333333333333332,0.9966666666666666,0.963855421686747,1.0,0.9230769230769231,0.9,0.9230769230769231,0.9,0.9,"[[40, 0, 0], [3, 36, 1], [0, 2, 18]]",shallow,2,0,21,0.02621460000227671,
0.96,0.9625929625929626,0.9696969696969697,0.9583333333333334,0.999375,0.961038961038961,0.925,0.9523809523809523,1.0,0.9743589743589743,0.95,0.95,"[[37, 3, 0], [0, 40, 0], [0, 1, 19]]",raw1d,2,1,27075,69.1907824000009,
0.95,0.953934953934954,0.9606879606879607,0.9499999999999998,0.9978472222222222,0.9523809523809523,1.0,0.935064935064935,0.9,0.9743589743589743,0.95,0.95,"[[40, 0, 0], [4, 36, 0], [0, 1, 19]]",spec2d,2,1,32227,9.612199700000929,
0.98,0.9791035008694781,0.9841269841269842,0.975,0.9996527777777778,0.9873417721518988,0.975,0.975609756097561,1.0,0.9743589743589743,0.95,0.95,"[[39, 1, 0], [0, 40, 0], [0, 1, 19]]",raw1d_wide,2,1,99795,115.8079252000025,
0.97,0.9707739791073124,0.9754065040650407,0.9666666666666667,0.998611111111111,0.975,0.975,0.9629629629629629,0.975,0.9743589743589743,0.95,0.95,"[[39, 1, 0], [1, 39, 0], [0, 1, 19]]",spec2d_wide,2,1,97775,35.215621700001066,
1.0,1.0,1.0,1.0,1.0,1.0,1.0,1.0,1.0,1.0,1.0,1.0,"[[40, 0, 0], [0, 40, 0], [0, 0, 20]]",late,2,1,98571,69.13544329999422,
0.96,0.9577497197316917,0.9681971774995031,0.9500000000000001,0.9991666666666666,0.9620253164556962,0.95,0.963855421686747,1.0,0.9473684210526315,0.9,0.9,"[[38, 2, 0], [0, 40, 0], [1, 1, 18]]",gated,2,1,98698,54.13313509999716,
0.99,0.9873377651155429,0.991869918699187,0.9833333333333334,0.9990972222222222,1.0,1.0,0.9876543209876543,1.0,0.9743589743589743,0.95,0.95,"[[40, 0, 0], [0, 40, 0], [0, 1, 19]]",attention,2,1,98544,46.00878210000519,
0.84,0.8347881078042535,0.8417498719918074,0.8416666666666667,0.9650000000000002,0.7887323943661971,0.7,0.8863636363636364,0.975,0.8292682926829268,0.85,0.85,"[[28, 8, 4], [1, 39, 0], [2, 1, 17]]",early,2,1,97507,24.08175409999967,
0.96,0.9625929625929626,0.9696969696969697,0.9583333333333334,0.999375,0.961038961038961,0.925,0.9523809523809523,1.0,0.9743589743589743,0.95,0.95,"[[37, 3, 0], [0, 40, 0], [0, 1, 19]]",score,2,1,59302,0.09305010000389302,1.0
0.54,0.6029204107830552,0.616005291005291,0.5916666666666667,0.7569444444444443,0.475,0.475,0.43902439024390244,0.45,0.8947368421052632,0.85,0.85,"[[19, 21, 0], [21, 18, 1], [0, 3, 17]]",logvar,2,1,3,0.026823400003195275,
0.94,0.9458768597657486,0.950609756097561,0.9416666666666668,0.9938194444444445,0.9382716049382716,0.95,0.925,0.925,0.9743589743589743,0.95,0.95,"[[38, 2, 0], [3, 37, 0], [0, 1, 19]]",shallow,2,1,21,0.02463010000064969,
0.96,0.9583333333333334,0.9583333333333334,0.9583333333333334,0.9946527777777777,0.975,0.975,0.95,0.95,0.95,0.95,0.95,"[[39, 1, 0], [1, 38, 1], [0, 1, 19]]",raw1d,2,2,27075,42.90922430000501,
0.98,0.9790044317822096,0.9835365853658536,0.975,0.9959027777777778,0.9876543209876543,1.0,0.975,0.975,0.9743589743589743,0.95,0.95,"[[40, 0, 0], [1, 39, 0], [0, 1, 19]]",spec2d,2,2,32227,15.4905018999998,
0.95,0.9497175912176353,0.9604452395150069,0.9416666666666665,0.9960416666666667,0.9620253164556962,0.95,0.9397590361445783,0.975,0.9473684210526315,0.9,0.9,"[[38, 2, 0], [1, 39, 0], [0, 2, 18]]",raw1d_wide,2,2,99795,125.39135230000102,
0.99,0.991665364379851,0.991869918699187,0.9916666666666667,0.998611111111111,0.9876543209876543,1.0,0.9873417721518988,0.975,1.0,1.0,1.0,"[[40, 0, 0], [1, 39, 0], [0, 0, 20]]",spec2d_wide,2,2,97775,26.9725416999936,
0.97,0.9707739791073124,0.9754065040650407,0.9666666666666667,0.9980555555555556,0.975,0.975,0.9629629629629629,0.975,0.9743589743589743,0.95,0.95,"[[39, 1, 0], [1, 39, 0], [0, 1, 19]]",late,2,2,98571,56.18256939999992,
0.98,0.9790044317822096,0.9835365853658536,0.975,0.9980555555555556,0.9876543209876543,1.0,0.975,0.975,0.9743589743589743,0.95,0.95,"[[40, 0, 0], [1, 39, 0], [0, 1, 19]]",gated,2,2,98698,55.02064500000415,
0.98,0.9790044317822096,0.9835365853658536,0.975,0.9960416666666667,0.9876543209876543,1.0,0.975,0.975,0.9743589743589743,0.95,0.95,"[[40, 0, 0], [1, 39, 0], [0, 1, 19]]",attention,2,2,98544,74.55472149999696,
0.93,0.9333601383136987,0.9465465465465467,0.9249999999999999,0.9929166666666666,0.935064935064935,0.9,0.9176470588235294,0.975,0.9473684210526315,0.9,0.9,"[[36, 4, 0], [1, 39, 0], [0, 2, 18]]",early,2,2,97507,45.77968519999558,
0.96,0.9583333333333334,0.9583333333333334,0.9583333333333334,0.9946527777777777,0.975,0.975,0.95,0.95,0.95,0.95,0.95,"[[39, 1, 0], [1, 38, 1], [0, 1, 19]]",score,2,2,59302,0.0934036999969976,0.925
0.64,0.6934129328610977,0.6886920142734096,0.7000000000000001,0.7604861111111111,0.5783132530120482,0.6,0.5263157894736842,0.5,0.975609756097561,1.0,1.0,"[[24, 16, 0], [19, 20, 1], [0, 0, 20]]",logvar,2,2,3,0.0214780999958748,
0.97,0.9665598791477835,0.9666562434855118,0.9666666666666667,0.9938194444444445,0.9876543209876543,1.0,0.9620253164556962,0.95,0.95,0.95,0.95,"[[40, 0, 0], [1, 38, 1], [0, 1, 19]]",shallow,2,2,21,0.02597359999344917,
0.99,0.991665364379851,0.991869918699187,0.9916666666666667,0.9986111111111112,0.9876543209876543,1.0,0.9873417721518988,0.975,1.0,1.0,1.0,"[[40, 0, 0], [1, 39, 0], [0, 0, 20]]",raw1d,2,3,27075,67.49641790000169,
0.97,0.9672493469961824,0.9611499611499612,0.975,0.9995833333333333,0.9620253164556962,0.95,0.9873417721518988,0.975,0.9523809523809523,1.0,1.0,"[[38, 0, 2], [1, 39, 0], [0, 0, 20]]",spec2d,2,3,32227,17.591559899999993,
0.96,0.9581092349385032,0.9586883876357559,0.9583333333333334,0.9981944444444443,0.975609756097561,1.0,0.9487179487179487,0.925,0.95,0.95,0.95,"[[40, 0, 0], [2, 37, 1], [0, 1, 19]]",raw1d_wide,2,3,99795,174.07399919999443,
0.94,0.9324074074074074,0.9250000000000002,0.9500000000000001,0.9987499999999999,0.975,0.975,0.9333333333333333,0.875,0.8888888888888888,1.0,1.0,"[[39, 0, 1], [1, 35, 4], [0, 0, 20]]",spec2d_wide,2,3,97775,25.92178319999948,
0.96,0.9555389496514017,0.9479747305834262,0.9666666666666667,0.9994444444444444,0.9620253164556962,0.95,0.9743589743589743,0.95,0.9302325581395349,1.0,1.0,"[[38, 0, 2], [1, 38, 1], [0, 0, 20]]",late,2,3,98571,64.25373840000248,
0.98,0.9790044317822096,0.9835365853658536,0.975,0.9987499999999999,0.9876543209876543,1.0,0.975,0.975,0.9743589743589743,0.95,0.95,"[[40, 0, 0], [1, 39, 0], [0, 1, 19]]",gated,2,3,98698,62.00383800000418,
0.98,0.9792076838147299,0.9759969028261711,0.9833333333333334,0.9988888888888888,0.9876543209876543,1.0,0.9743589743589743,0.95,0.975609756097561,1.0,1.0,"[[40, 0, 0], [1, 38, 1], [0, 0, 20]]",attention,2,3,98544,77.88060530000075,
0.95,0.9402209226770629,0.9489611562782295,0.9333333333333332,0.9939583333333334,0.9876543209876543,1.0,0.9382716049382716,0.95,0.8947368421052632,0.85,0.85,"[[40, 0, 0], [1, 38, 1], [0, 3, 17]]",early,2,3,97507,61.7887281000003,
0.97,0.9672493469961824,0.9611499611499612,0.975,0.9995833333333333,0.9620253164556962,0.95,0.9873417721518988,0.975,0.9523809523809523,1.0,1.0,"[[38, 0, 2], [1, 39, 0], [0, 0, 20]]",score,2,3,59302,0.10106880000239471,0.0
0.64,0.6619098494098493,0.6571895424836601,0.7000000000000001,0.7410416666666667,0.6593406593406593,0.75,0.4375,0.35,0.8888888888888888,1.0,1.0,"[[30, 10, 0], [21, 14, 5], [0, 0, 20]]",logvar,2,3,3,0.029925499999080785,
0.98,0.9793171760831533,0.9757936507936508,0.9833333333333334,0.9990277777777777,0.9873417721518988,0.975,0.975,0.975,0.975609756097561,1.0,1.0,"[[39, 1, 0], [0, 39, 1], [0, 0, 20]]",shallow,2,3,21,0.027855299995280802,
0.95,0.9542786530738337,0.9602203182374541,0.9499999999999998,0.998125,0.9397590361445783,0.975,0.9487179487179487,0.925,0.9743589743589743,0.95,0.95,"[[39, 1, 0], [3, 37, 0], [1, 0, 19]]",raw1d,2,4,27075,47.20278249999683,
0.95,0.9442667599849172,0.9597367402245451,0.9333333333333332,0.9987499999999999,0.9382716049382716,0.95,0.975609756097561,1.0,0.918918918918919,0.85,0.85,"[[38, 2, 0], [0, 40, 0], [3, 0, 17]]",spec2d,2,4,32227,15.132827699999325,
0.99,0.991665364379851,0.991869918699187,0.9916666666666667,1.0,0.9876543209876543,1.0,0.9873417721518988,0.975,1.0,1.0,1.0,"[[40, 0, 0], [1, 39, 0], [0, 0, 20]]",raw1d_wide,2,4,99795,182.41084260000207,
0.97,0.9706646823040771,0.9755799755799756,0.9666666666666667,0.9990277777777777,0.9620253164556962,0.95,0.975609756097561,1.0,0.9743589743589743,0.95,0.95,"[[38, 2, 0], [0, 40, 0], [1, 0, 19]]",spec2d_wide,2,4,97775,40.16650220000156,
0.99,0.991665364379851,0.991869918699187,0.9916666666666667,1.0,0.9873417721518988,0.975,0.9876543209876543,1.0,1.0,1.0,1.0,"[[39, 1, 0], [0, 40, 0], [0, 0, 20]]",late,2,4,98571,57.00483130000066,
0.98,0.9833229101521784,0.9841269841269842,0.9833333333333334,1.0,0.975609756097561,1.0,0.9743589743589743,0.95,1.0,1.0,1.0,"[[40, 0, 0], [2, 38, 0], [0, 0, 20]]",gated,2,4,98698,37.52998339999613,
0.97,0.9706646823040771,0.9755799755799756,0.9666666666666667,0.9989583333333333,0.9620253164556962,0.95,0.975609756097561,1.0,0.9743589743589743,0.95,0.95,"[[38, 2, 0], [0, 40, 0], [1, 0, 19]]",attention,2,4,98544,60.553915999997116,
0.88,0.851254009148746,0.9024635495223731,0.8333333333333334,0.9322222222222223,0.8791208791208791,1.0,0.9473684210526315,0.9,0.7272727272727273,0.6,0.6,"[[40, 0, 0], [3, 36, 1], [8, 0, 12]]",early,2,4,97507,21.655716300003405,
0.95,0.9442667599849172,0.9597367402245451,0.9333333333333332,0.9987499999999999,0.9382716049382716,0.95,0.975609756097561,1.0,0.918918918918919,0.85,0.85,"[[38, 2, 0], [0, 40, 0], [3, 0, 17]]",score,2,4,59302,0.06455419999838341,0.0
0.65,0.6810492585140473,0.6679374389051809,0.7083333333333334,0.7770138888888889,0.6190476190476191,0.65,0.5352112676056338,0.475,0.8888888888888888,1.0,1.0,"[[26, 12, 2], [18, 19, 3], [0, 0, 20]]",logvar,2,4,3,0.017764399999578018,
0.95,0.947100131086001,0.9394277220364177,0.9583333333333334,0.9980555555555556,0.9743589743589743,0.95,0.9367088607594937,0.925,0.9302325581395349,1.0,1.0,"[[38, 2, 0], [0, 37, 3], [0, 0, 20]]",shallow,2,4,21,0.014471499998762738,
0.99,0.991665364379851,0.991869918699187,0.9916666666666667,1.0,0.9873417721518988,0.975,0.9876543209876543,1.0,1.0,1.0,1.0,"[[39, 1, 0], [0, 40, 0], [0, 0, 20]]",raw1d,3,0,27075,61.452211499999976,
0.98,0.9833333333333334,0.9833333333333334,0.9833333333333334,0.9995833333333333,0.975,0.975,0.975,0.975,1.0,1.0,1.0,"[[39, 1, 0], [1, 39, 0], [0, 0, 20]]",spec2d,3,0,32227,17.52333770000405,
0.98,0.9792076838147299,0.9759969028261711,0.9833333333333334,0.9995833333333333,0.9876543209876543,1.0,0.9743589743589743,0.95,0.975609756097561,1.0,1.0,"[[40, 0, 0], [1, 38, 1], [0, 0, 20]]",raw1d_wide,3,0,99795,89.83887140000297,
0.99,0.991665364379851,0.991869918699187,0.9916666666666667,1.0,0.9873417721518988,0.975,0.9876543209876543,1.0,1.0,1.0,1.0,"[[39, 1, 0], [0, 40, 0], [0, 0, 20]]",spec2d_wide,3,0,97775,20.874856599999475,
0.96,0.9524905474272564,0.9444444444444445,0.9666666666666667,0.9997222222222222,0.961038961038961,0.925,0.9873417721518988,0.975,0.9090909090909091,1.0,1.0,"[[37, 0, 3], [0, 39, 1], [0, 0, 20]]",late,3,0,98571,40.01295669999672,
1.0,1.0,1.0,1.0,1.0,1.0,1.0,1.0,1.0,1.0,1.0,1.0,"[[40, 0, 0], [0, 40, 0], [0, 0, 20]]",gated,3,0,98698,49.06647360000352,
0.98,0.9791035008694781,0.9841269841269842,0.975,1.0,0.975609756097561,1.0,0.9873417721518988,0.975,0.9743589743589743,0.95,0.95,"[[40, 0, 0], [1, 39, 0], [1, 0, 19]]",attention,3,0,98544,47.62684409999929,
0.95,0.9402058600825688,0.9496786589809846,0.9333333333333332,0.9973611111111111,0.963855421686747,1.0,0.9620253164556962,0.95,0.8947368421052632,0.85,0.85,"[[40, 0, 0], [1, 38, 1], [2, 1, 17]]",early,3,0,97507,53.610385599997244,
0.99,0.991665364379851,0.991869918699187,0.9916666666666667,0.9997222222222222,0.9876543209876543,1.0,0.9873417721518988,0.975,1.0,1.0,1.0,"[[40, 0, 0], [1, 39, 0], [0, 0, 20]]",score,3,0,59302,0.06455579999601468,0.05
0.66,0.6905217502232427,0.6938337624612134,0.7083333333333334,0.75875,0.6593406593406593,0.75,0.5074626865671642,0.425,0.9047619047619048,0.95,0.95,"[[30, 9, 1], [21, 17, 2], [0, 1, 19]]",logvar,3,0,3,0.02308719999564346,
0.99,0.9876505094164866,0.9841269841269842,0.9916666666666667,0.9972916666666668,1.0,1.0,0.9873417721518988,0.975,0.975609756097561,1.0,1.0,"[[40, 0, 0], [0, 39, 1], [0, 0, 20]]",shallow,3,0,21,0.0198859000010998,
0.95,0.9537746806039489,0.9538239538239539,0.9583333333333334,0.9925,0.9523809523809523,1.0,0.9333333333333333,0.875,0.975609756097561,1.0,1.0,"[[40, 0, 0], [4, 35, 1], [0, 0, 20]]",raw1d,3,1,27075,51.829028500003915,
0.97,0.9749647942419027,0.9767441860465116,0.975,0.9968055555555555,0.963855421686747,1.0,0.961038961038961,0.925,1.0,1.0,1.0,"[[40, 0, 0], [3, 37, 0], [0, 0, 20]]",spec2d,3,1,32227,10.669795699999668,
0.98,0.9833333333333334,0.9833333333333334,0.9833333333333334,0.9966666666666667,0.975,0.975,0.975,0.975,1.0,1.0,1.0,"[[39, 1, 0], [1, 39, 0], [0, 0, 20]]",raw1d_wide,3,1,99795,103.46073560000514,
0.97,0.9708577901348986,0.9767441860465116,0.9666666666666667,0.998611111111111,0.963855421686747,1.0,0.9743589743589743,0.95,0.9743589743589743,0.95,0.95,"[[40, 0, 0], [2, 38, 0], [1, 0, 19]]",spec2d_wide,3,1,97775,26.59150189999491,
0.96,0.9625929625929626,0.9696969696969697,0.9583333333333334,0.99625,0.9523809523809523,1.0,0.961038961038961,0.925,0.9743589743589743,0.95,0.95,"[[40, 0, 0], [3, 37, 0], [1, 0, 19]]",late,3,1,98571,48.78101090000564,
0.94,0.931160140462466,0.9565217391304347,0.9166666666666666,0.9950694444444445,0.9302325581395349,1.0,0.9743589743589743,0.95,0.8888888888888888,0.8,0.8,"[[40, 0, 0], [2, 38, 0], [4, 0, 16]]",gated,3,1,98698,47.296767799998634,
0.95,0.9498612842266092,0.9629629629629629,0.9416666666666668,0.9957638888888889,0.9411764705882353,1.0,0.961038961038961,0.925,0.9473684210526315,0.9,0.9,"[[40, 0, 0], [3, 37, 0], [2, 0, 18]]",attention,3,1,98544,55.754371700000775,
0.93,0.9238553701326487,0.933068783068783,0.9166666666666666,0.9811805555555555,0.95,0.95,0.926829268292683,0.95,0.8947368421052632,0.85,0.85,"[[38, 1, 1], [2, 38, 0], [0, 3, 17]]",early,3,1,97507,27.071420000000217,
0.95,0.9537746806039489,0.9538239538239539,0.9583333333333334,0.9925,0.9523809523809523,1.0,0.9333333333333333,0.875,0.975609756097561,1.0,1.0,"[[40, 0, 0], [4, 35, 1], [0, 0, 20]]",score,3,1,59302,0.06356640000012703,1.0
0.6,0.6499043592066848,0.636701919310615,0.6666666666666666,0.7480555555555556,0.5194805194805194,0.5,0.5,0.5,0.9302325581395349,1.0,1.0,"[[20, 20, 0], [17, 20, 3], [0, 0, 20]]",logvar,3,1,3,0.022110399993835017,
0.95,0.9458346531517262,0.9433719433719433,0.9499999999999998,0.9950694444444445,0.975609756097561,1.0,0.935064935064935,0.9,0.926829268292683,0.95,0.95,"[[40, 0, 0], [2, 36, 2], [0, 1, 19]]",shallow,3,1,21,0.014166900000418536,
0.95,0.9543012886666138,0.9629629629629629,0.9499999999999998,0.9977083333333333,0.9473684210526315,0.9,0.9411764705882353,1.0,0.9743589743589743,0.95,0.95,"[[36, 4, 0], [0, 40, 0], [0, 1, 19]]",raw1d,3,2,27075,36.76172629999928,
0.93,0.9229286217658311,0.9163533098315707,0.9333333333333332,0.9948611111111111,0.935064935064935,0.9,0.95,0.95,0.8837209302325582,0.95,0.95,"[[36, 1, 3], [1, 38, 1], [0, 1, 19]]",spec2d,3,2,32227,9.72726700000203,
0.95,0.9543012886666138,0.9629629629629629,0.9499999999999998,0.9975,0.9473684210526315,0.9,0.9411764705882353,1.0,0.9743589743589743,0.95,0.95,"[[36, 4, 0], [0, 40, 0], [0, 1, 19]]",raw1d_wide,3,2,99795,132.30146909999894,
0.96,0.9625346010032642,0.9676434676434676,0.9583333333333334,0.9965277777777778,0.9620253164556962,0.95,0.9512195121951219,0.975,0.9743589743589743,0.95,0.95,"[[38, 2, 0], [1, 39, 0], [0, 1, 19]]",spec2d_wide,3,2,97775,29.725698700000066,
0.93,0.9264603709048154,0.9220251293422025,0.9333333333333332,0.9954166666666667,0.961038961038961,0.925,0.9135802469135802,0.925,0.9047619047619048,0.95,0.95,"[[37, 3, 0], [0, 37, 3], [0, 1, 19]]",late,3,2,98571,41.886287399996945,
0.98,0.9833229101521784,0.9841269841269842,0.9833333333333334,1.0,0.9743589743589743,0.95,0.975609756097561,1.0,1.0,1.0,1.0,"[[38, 2, 0], [0, 40, 0], [0, 0, 20]]",gated,3,2,98698,43.59888800000044,
0.92,0.9182796987675036,0.9126984126984127,0.9333333333333332,0.9964583333333333,0.918918918918919,0.85,0.926829268292683,0.95,0.9090909090909091,1.0,1.0,"[[34, 4, 2], [0, 38, 2], [0, 0, 20]]",attention,3,2,98544,45.66346260000137,
0.91,0.8938592271925604,0.8899642436227803,0.9,0.9823611111111111,0.9090909090909091,0.875,0.9629629629629629,0.975,0.8095238095238095,0.85,0.85,"[[35, 1, 4], [0, 39, 1], [2, 1, 17]]",early,3,2,97507,26.419891900004586,
0.95,0.9543012886666138,0.9629629629629629,0.9499999999999998,0.9977083333333333,0.9473684210526315,0.9,0.9411764705882353,1.0,0.9743589743589743,0.95,0.95,"[[36, 4, 0], [0, 40, 0], [0, 1, 19]]",score,3,2,59302,0.0713370000012219,1.0
0.67,0.7193153128112478,0.7143366546447419,0.725,0.77375,0.5897435897435898,0.575,0.5925925925925926,0.6,0.975609756097561,1.0,1.0,"[[23, 17, 0], [15, 24, 1], [0, 0, 20]]",logvar,3,2,3,0.014480300000286661,
0.94,0.9459984459984461,0.9531122031122031,0.9416666666666668,0.9940277777777778,0.935064935064935,0.9,0.9285714285714286,0.975,0.9743589743589743,0.95,0.95,"[[36, 4, 0], [1, 39, 0], [0, 1, 19]]",shallow,3,2,21,0.024114300002111122,
0.96,0.9625929625929626,0.9696969696969697,0.9583333333333334,0.9995833333333333,0.961038961038961,0.925,0.9523809523809523,1.0,0.9743589743589743,0.95,0.95,"[[37, 3, 0], [0, 40, 0], [0, 1, 19]]",raw1d,3,3,27075,35.11441370000102,
0.96,0.9537637730408814,0.9592003263973887,0.9500000000000001,0.9995833333333334,0.9743589743589743,0.95,0.963855421686747,1.0,0.9230769230769231,0.9,0.9,"[[38, 1, 1], [0, 40, 0], [0, 2, 18]]",spec2d,3,3,32227,8.934845900002983,
0.96,0.9524972126598142,0.9678668215253582,0.9416666666666668,0.9986111111111112,0.9629629629629629,0.975,0.975609756097561,1.0,0.918918918918919,0.85,0.85,"[[39, 1, 0], [0, 40, 0], [2, 1, 17]]",raw1d_wide,3,3,99795,82.4358246999982,
0.97,0.9708577901348986,0.9767441860465116,0.9666666666666667,1.0,0.9743589743589743,0.95,0.963855421686747,1.0,0.9743589743589743,0.95,0.95,"[[38, 2, 0], [0, 40, 0], [0, 1, 19]]",spec2d_wide,3,3,97775,24.366496700000425,
0.98,0.9755799755799757,0.9696969696969697,0.9833333333333334,0.9998611111111111,1.0,1.0,0.9743589743589743,0.95,0.9523809523809523,1.0,1.0,"[[40, 0, 0], [0, 38, 2], [0, 0, 20]]",late,3,3,98571,46.781496399999014,
0.99,0.9873377651155429,0.991869918699187,0.9833333333333334,0.9986805555555556,1.0,1.0,0.9876543209876543,1.0,0.9743589743589743,0.95,0.95,"[[40, 0, 0], [0, 40, 0], [0, 1, 19]]",gated,3,3,98698,42.13732529999834,
0.95,0.9444417292518558,0.9611499611499612,0.9333333333333332,0.9991666666666666,0.9620253164556962,0.95,0.9523809523809523,1.0,0.918918918918919,0.85,0.85,"[[38, 2, 0], [0, 40, 0], [1, 2, 17]]",attention,3,3,98544,64.8590750000003,
0.92,0.9163838256861513,0.9231884057971014,0.9166666666666666,0.9772222222222221,0.918918918918919,0.85,0.9302325581395349,1.0,0.9,0.9,0.9,"[[34, 4, 2], [0, 40, 0], [0, 2, 18]]",early,3,3,97507,54.6603935000021,
0.96,0.9625929625929626,0.9696969696969697,0.9583333333333334,0.9995833333333333,0.961038961038961,0.925,0.9523809523809523,1.0,0.9743589743589743,0.95,0.95,"[[37, 3, 0], [0, 40, 0], [0, 1, 19]]",score,3,3,59302,0.07939299999998184,1.0
0.55,0.5976450503376767,0.5805256869772999,0.625,0.7254861111111112,0.5176470588235295,0.55,0.36619718309859156,0.325,0.9090909090909091,1.0,1.0,"[[22, 18, 0], [23, 13, 4], [0, 0, 20]]",logvar,3,3,3,0.01587709999876097,
0.95,0.9498906079074855,0.9499791536376901,0.9499999999999998,0.9972916666666666,0.9629629629629629,0.975,0.9367088607594937,0.925,0.95,0.95,0.95,"[[39, 1, 0], [2, 37, 1], [0, 1, 19]]",shallow,3,3,21,0.02217870000458788,
0.97,0.9706646823040771,0.9755799755799756,0.9666666666666667,0.9963194444444445,0.975609756097561,1.0,0.9620253164556962,0.95,0.9743589743589743,0.95,0.95,"[[40, 0, 0], [2, 38, 0], [0, 1, 19]]",raw1d,3,4,27075,49.348000999998476,
0.99,0.991665364379851,0.991869918699187,0.9916666666666667,1.0,0.9876543209876543,1.0,0.9873417721518988,0.975,1.0,1.0,1.0,"[[40, 0, 0], [1, 39, 0], [0, 0, 20]]",spec2d,3,4,32227,21.632247800000187,
0.96,0.96231078158789,0.9679722562219503,0.9583333333333334,0.9969444444444445,0.963855421686747,1.0,0.9487179487179487,0.925,0.9743589743589743,0.95,0.95,"[[40, 0, 0], [3, 37, 0], [0, 1, 19]]",raw1d_wide,3,4,99795,94.40538129999914,
0.99,0.991665364379851,0.991869918699187,0.9916666666666667,1.0,0.9876543209876543,1.0,0.9873417721518988,0.975,1.0,1.0,1.0,"[[40, 0, 0], [1, 39, 0], [0, 0, 20]]",spec2d_wide,3,4,97775,29.206971499996143,
0.99,0.991665364379851,0.991869918699187,0.9916666666666667,1.0,0.9876543209876543,1.0,0.9873417721518988,0.975,1.0,1.0,1.0,"[[40, 0, 0], [1, 39, 0], [0, 0, 20]]",late,3,4,98571,67.50600130000385,
0.97,0.9749647942419027,0.9767441860465116,0.975,1.0,0.963855421686747,1.0,0.961038961038961,0.925,1.0,1.0,1.0,"[[40, 0, 0], [3, 37, 0], [0, 0, 20]]",gated,3,4,98698,57.23974179999641,
0.99,0.991665364379851,0.991869918699187,0.9916666666666667,0.9993055555555556,0.9876543209876543,1.0,0.9873417721518988,0.975,1.0,1.0,1.0,"[[40, 0, 0], [1, 39, 0], [0, 0, 20]]",attention,3,4,98544,48.65261409999948,
0.89,0.889346747348752,0.8835497835497836,0.9083333333333333,0.9902083333333334,0.9024390243902439,0.925,0.8767123287671232,0.8,0.8888888888888888,1.0,1.0,"[[37, 1, 2], [5, 32, 3], [0, 0, 20]]",early,3,4,97507,25.07962889999908,
0.99,0.991665364379851,0.991869918699187,0.9916666666666667,0.9998611111111111,0.9876543209876543,1.0,0.9873417721518988,0.975,1.0,1.0,1.0,"[[40, 0, 0], [1, 39, 0], [0, 0, 20]]",score,3,4,59302,0.07570620000478812,0.05
0.59,0.6496165471371184,0.6457431457431457,0.6583333333333333,0.7461111111111111,0.5348837209302325,0.575,0.4383561643835616,0.4,0.975609756097561,1.0,1.0,"[[23, 17, 0], [23, 16, 1], [0, 0, 20]]",logvar,3,4,3,0.024396999993768986,
0.94,0.9372457738527924,0.9357388950412205,0.9416666666666668,0.9987499999999999,0.963855421686747,1.0,0.9210526315789473,0.875,0.926829268292683,0.95,0.95,"[[40, 0, 0], [3, 35, 2], [0, 1, 19]]",shallow,3,4,21,0.017109899999923073,
0.86,0.8605595898315818,0.8680347326336832,0.875,0.9847916666666667,0.8115942028985508,0.7,0.8863636363636364,0.975,0.8837209302325582,0.95,0.95,"[[28, 8, 4], [1, 39, 0], [0, 1, 19]]",raw1d,4,0,27075,31.99817250000342,
0.94,0.9412787726522346,0.9518982309679984,0.9333333333333332,0.9910416666666667,0.9397590361445783,0.975,0.9367088607594937,0.925,0.9473684210526315,0.9,0.9,"[[39, 1, 0], [3, 37, 0], [1, 1, 18]]",spec2d,4,0,32227,13.106690799999342,
0.95,0.953934953934954,0.9606879606879607,0.9499999999999998,0.9897222222222221,0.9523809523809523,1.0,0.935064935064935,0.9,0.9743589743589743,0.95,0.95,"[[40, 0, 0], [4, 36, 0], [0, 1, 19]]",raw1d_wide,4,0,99795,109.09641260000353,
0.91,0.9165220744168113,0.9282296650717704,0.9083333333333333,0.9933333333333333,0.8974358974358975,0.875,0.9047619047619048,0.95,0.9473684210526315,0.9,0.9,"[[35, 5, 0], [2, 38, 0], [1, 1, 18]]",spec2d_wide,4,0,97775,19.204291200003354,
0.94,0.9409420988368357,0.9521531100478469,0.9333333333333332,0.991736111111111,0.9523809523809523,1.0,0.9230769230769231,0.9,0.9473684210526315,0.9,0.9,"[[40, 0, 0], [4, 36, 0], [0, 2, 18]]",late,4,0,98571,44.06611919999705,
0.94,0.9458768597657486,0.950609756097561,0.9416666666666668,0.992638888888889,0.9382716049382716,0.95,0.925,0.925,0.9743589743589743,0.95,0.95,"[[38, 2, 0], [3, 37, 0], [0, 1, 19]]",gated,4,0,98698,44.11621849999938,
0.93,0.9375268825716495,0.9426129426129427,0.9333333333333332,0.9914583333333334,0.926829268292683,0.95,0.9113924050632911,0.9,0.9743589743589743,0.95,0.95,"[[38, 2, 0], [4, 36, 0], [0, 1, 19]]",attention,4,0,98544,40.408857700000226,
0.87,0.8655613392455498,0.8760411128832182,0.8583333333333334,0.9540277777777778,0.8974358974358975,0.875,0.8571428571428571,0.9,0.8421052631578947,0.8,0.8,"[[35, 4, 1], [3, 36, 1], [0, 4, 16]]",early,4,0,97507,31.43970360000094,
0.94,0.9412787726522346,0.9518982309679984,0.9333333333333332,0.9910416666666667,0.9397590361445783,0.975,0.9367088607594937,0.925,0.9473684210526315,0.9,0.9,"[[39, 1, 0], [3, 37, 0], [1, 1, 18]]",score,4,0,59302,0.08946060000016587,0.0
0.59,0.6448499304313258,0.6516072790672333,0.6416666666666666,0.7591666666666667,0.5581395348837209,0.6,0.4533333333333333,0.425,0.9230769230769231,0.9,0.9,"[[24, 16, 0], [22, 17, 1], [0, 2, 18]]",logvar,4,0,3,0.022971200000029057,
0.92,0.9293968012708365,0.9346764346764346,0.9250000000000002,0.9892361111111111,0.9113924050632911,0.9,0.9024390243902439,0.925,0.9743589743589743,0.95,0.95,"[[36, 4, 0], [3, 37, 0], [0, 1, 19]]",shallow,4,0,21,0.024865400002454408,
0.94,0.941656466748266,0.9565217391304347,0.9333333333333332,0.9975,0.9302325581395349,1.0,0.9473684210526315,0.9,0.9473684210526315,0.9,0.9,"[[40, 0, 0], [4, 36, 0], [2, 0, 18]]",raw1d,4,1,27075,33.59869169999729,
0.95,0.9470905063928319,0.9398550724637681,0.9583333333333334,0.9981944444444445,0.95,0.95,0.961038961038961,0.925,0.9302325581395349,1.0,1.0,"[[38, 0, 2], [2, 37, 1], [0, 0, 20]]",spec2d,4,1,32227,10.931909999999334,
0.94,0.9362259850211657,0.9523255813953488,0.9249999999999999,0.9972916666666668,0.9397590361445783,0.975,0.95,0.95,0.918918918918919,0.85,0.85,"[[39, 1, 0], [2, 38, 0], [2, 1, 17]]",raw1d_wide,4,1,99795,91.588926000004,
0.97,0.9707739791073124,0.9754065040650407,0.9666666666666667,0.997013888888889,0.975,0.975,0.9629629629629629,0.975,0.9743589743589743,0.95,0.95,"[[39, 1, 0], [1, 39, 0], [0, 1, 19]]",spec2d_wide,4,1,97775,29.90051510000194,
0.98,0.9790044317822096,0.9835365853658536,0.975,0.9988888888888888,0.9876543209876543,1.0,0.975,0.975,0.9743589743589743,0.95,0.95,"[[40, 0, 0], [1, 39, 0], [0, 1, 19]]",late,4,1,98571,40.1891672999991,
0.94,0.9375145180023229,0.937950937950938,0.9416666666666668,0.9984722222222221,0.9523809523809523,1.0,0.9333333333333333,0.875,0.926829268292683,0.95,0.95,"[[40, 0, 0], [3, 35, 2], [1, 0, 19]]",gated,4,1,98698,45.42281560000265,
0.96,0.9577647823261858,0.9674796747967479,0.9500000000000001,0.9828472222222223,0.9629629629629629,0.975,0.9629629629629629,0.975,0.9473684210526315,0.9,0.9,"[[39, 1, 0], [1, 39, 0], [1, 1, 18]]",attention,4,1,98544,46.039100699999835,
0.91,0.9122401113098787,0.9222076931459081,0.9083333333333333,0.9775694444444444,0.9069767441860465,0.975,0.9066666666666666,0.85,0.9230769230769231,0.9,0.9,"[[39, 1, 0], [5, 34, 1], [2, 0, 18]]",early,4,1,97507,34.75180739999632,
0.94,0.941656466748266,0.9565217391304347,0.9333333333333332,0.9975,0.9302325581395349,1.0,0.9473684210526315,0.9,0.9473684210526315,0.9,0.9,"[[40, 0, 0], [4, 36, 0], [2, 0, 18]]",score,4,1,59302,0.06073840000317432,1.0
0.55,0.5970306992925661,0.5834431269213879,0.6166666666666667,0.7304861111111111,0.5238095238095238,0.55,0.3835616438356164,0.35,0.8837209302325582,0.95,0.95,"[[22, 18, 0], [22, 14, 4], [0, 1, 19]]",logvar,4,1,3,0.022938599999179132,
0.97,0.970752824411361,0.9682539682539683,0.975,0.9964583333333334,0.975609756097561,1.0,0.961038961038961,0.925,0.975609756097561,1.0,1.0,"[[40, 0, 0], [2, 37, 1], [0, 0, 20]]",shallow,4,1,21,0.020973699996829964,
0.94,0.932555748345222,0.9436026936026934,0.9249999999999999,0.9972916666666668,0.9743589743589743,0.95,0.9285714285714286,0.975,0.8947368421052632,0.85,0.85,"[[38, 2, 0], [0, 39, 1], [0, 3, 17]]",raw1d,4,2,27075,56.421719799996936,
0.97,0.9706646823040771,0.9755799755799756,0.9666666666666667,0.9988888888888888,0.9620253164556962,0.95,0.975609756097561,1.0,0.9743589743589743,0.95,0.95,"[[38, 2, 0], [0, 40, 0], [1, 0, 19]]",spec2d,4,2,32227,12.228150700000697,
0.97,0.9672466422466423,0.9613636363636364,0.975,0.9992361111111111,0.9743589743589743,0.95,0.975,0.975,0.9523809523809523,1.0,1.0,"[[38, 1, 1], [0, 39, 1], [0, 0, 20]]",raw1d_wide,4,2,99795,85.01232470000105,
0.98,0.9793171760831533,0.9757936507936508,0.9833333333333334,0.9994444444444444,0.975,0.975,0.9873417721518988,0.975,0.975609756097561,1.0,1.0,"[[39, 0, 1], [1, 39, 0], [0, 0, 20]]",spec2d_wide,4,2,97775,25.36955830000079,
0.98,0.9793171760831533,0.9757936507936508,0.9833333333333334,0.9998611111111111,0.9873417721518988,0.975,0.975,0.975,0.975609756097561,1.0,1.0,"[[39, 1, 0], [0, 39, 1], [0, 0, 20]]",late,4,2,98571,66.3939121000003,
1.0,1.0,1.0,1.0,1.0,1.0,1.0,1.0,1.0,1.0,1.0,1.0,"[[40, 0, 0], [0, 40, 0], [0, 0, 20]]",gated,4,2,98698,48.684692300004826,
0.97,0.9672466422466423,0.9613636363636364,0.975,0.9994444444444444,0.9743589743589743,0.95,0.975,0.975,0.9523809523809523,1.0,1.0,"[[38, 1, 1], [0, 39, 1], [0, 0, 20]]",attention,4,2,98544,45.36142120000295,
0.91,0.8981589248399326,0.9071092559464652,0.8916666666666666,0.9902777777777777,0.9156626506024096,0.95,0.9367088607594937,0.925,0.8421052631578947,0.8,0.8,"[[38, 1, 1], [2, 37, 1], [3, 1, 16]]",early,4,2,97507,45.81391049999365,
0.97,0.9706646823040771,0.9755799755799756,0.9666666666666667,0.9993055555555556,0.9620253164556962,0.95,0.975609756097561,1.0,0.9743589743589743,0.95,0.95,"[[38, 2, 0], [0, 40, 0], [1, 0, 19]]",score,4,2,59302,0.07010599999921396,0.25
0.5,0.5517732090027337,0.535032483758121,0.5833333333333334,0.7801388888888888,0.34782608695652173,0.3,0.4186046511627907,0.45,0.8888888888888888,1.0,1.0,"[[12, 28, 0], [17, 18, 5], [0, 0, 20]]",logvar,4,2,3,0.01755129999946803,
0.94,0.9342796092796092,0.9286682615629984,0.9416666666666668,0.9970833333333333,0.975,0.975,0.9230769230769231,0.9,0.9047619047619048,0.95,0.95,"[[39, 1, 0], [1, 36, 3], [0, 1, 19]]",shallow,4,2,21,0.021364500003983267,
0.95,0.9387674153403739,0.9608621667612024,0.9250000000000002,0.9987499999999999,0.9876543209876543,1.0,0.9397590361445783,0.975,0.8888888888888888,0.8,0.8,"[[40, 0, 0], [1, 39, 0], [0, 4, 16]]",raw1d,4,3,27075,40.214418799994746,
0.98,0.9756881655615833,0.9696969696969697,0.9833333333333334,0.9995833333333334,0.9873417721518988,0.975,0.9873417721518988,0.975,0.9523809523809523,1.0,1.0,"[[39, 0, 1], [0, 39, 1], [0, 0, 20]]",spec2d,4,3,32227,15.788798400004453,
0.97,0.9665598791477835,0.9666562434855118,0.9666666666666667,0.9995138888888889,0.9876543209876543,1.0,0.9620253164556962,0.95,0.95,0.95,0.95,"[[40, 0, 0], [1, 38, 1], [0, 1, 19]]",raw1d_wide,4,3,99795,77.55599749999965,
0.99,0.9876505094164866,0.9841269841269842,0.9916666666666667,1.0,1.0,1.0,0.9873417721518988,0.975,0.975609756097561,1.0,1.0,"[[40, 0, 0], [0, 39, 1], [0, 0, 20]]",spec2d_wide,4,3,97775,26.393232700000226,
1.0,1.0,1.0,1.0,1.0,1.0,1.0,1.0,1.0,1.0,1.0,1.0,"[[40, 0, 0], [0, 40, 0], [0, 0, 20]]",late,4,3,98571,77.53066430000035,
0.99,0.9876505094164866,0.9841269841269842,0.9916666666666667,1.0,1.0,1.0,0.9873417721518988,0.975,0.975609756097561,1.0,1.0,"[[40, 0, 0], [0, 39, 1], [0, 0, 20]]",gated,4,3,98698,34.75917389999813,
1.0,1.0,1.0,1.0,1.0,1.0,1.0,1.0,1.0,1.0,1.0,1.0,"[[40, 0, 0], [0, 40, 0], [0, 0, 20]]",attention,4,3,98544,54.572121199998946,
0.93,0.9136590511474735,0.911080586080586,0.9166666666666666,0.9855555555555555,0.9367088607594937,0.925,0.975,0.975,0.8292682926829268,0.85,0.85,"[[37, 0, 3], [0, 39, 1], [2, 1, 17]]",early,4,3,97507,22.761915499999304,
0.98,0.9756881655615833,0.9696969696969697,0.9833333333333334,0.9995833333333334,0.9873417721518988,0.975,0.9873417721518988,0.975,0.9523809523809523,1.0,1.0,"[[39, 0, 1], [0, 39, 1], [0, 0, 20]]",score,4,3,59302,0.04860920000646729,0.0
0.6,0.653103615875574,0.6451178451178451,0.6666666666666666,0.7310416666666666,0.5411764705882353,0.575,0.4657534246575342,0.425,0.9523809523809523,1.0,1.0,"[[23, 16, 1], [22, 17, 1], [0, 0, 20]]",logvar,4,3,3,0.021476000001712237,
0.97,0.9620132953466287,0.9661959777492511,0.9583333333333334,0.998611111111111,1.0,1.0,0.9629629629629629,0.975,0.9230769230769231,0.9,0.9,"[[40, 0, 0], [0, 39, 1], [0, 2, 18]]",shallow,4,3,21,0.016176099998119753,
0.93,0.9256853066062507,0.9211886304909561,0.9416666666666668,0.9997916666666667,0.963855421686747,1.0,0.9041095890410958,0.825,0.9090909090909091,1.0,1.0,"[[40, 0, 0], [3, 33, 4], [0, 0, 20]]",raw1d,4,4,27075,36.43285569999716,
0.95,0.9438325387692476,0.9354354354354354,0.9583333333333334,0.9986111111111112,0.935064935064935,0.9,0.9873417721518988,0.975,0.9090909090909091,1.0,1.0,"[[36, 0, 4], [1, 39, 0], [0, 0, 20]]",spec2d,4,4,32227,9.770463499997277,
0.97,0.9637571730594986,0.9565217391304347,0.975,1.0,1.0,1.0,0.961038961038961,0.925,0.9302325581395349,1.0,1.0,"[[40, 0, 0], [0, 37, 3], [0, 0, 20]]",raw1d_wide,4,4,99795,71.89116859999922,
0.92,0.9132316958403915,0.9050589050589051,0.9333333333333332,0.9983333333333334,0.9090909090909091,0.875,0.961038961038961,0.925,0.8695652173913043,1.0,1.0,"[[35, 0, 5], [2, 37, 1], [0, 0, 20]]",spec2d_wide,4,4,97775,16.924071500005084,
1.0,1.0,1.0,1.0,1.0,1.0,1.0,1.0,1.0,1.0,1.0,1.0,"[[40, 0, 0], [0, 40, 0], [0, 0, 20]]",late,4,4,98571,31.347748000000138,
1.0,1.0,1.0,1.0,1.0,1.0,1.0,1.0,1.0,1.0,1.0,1.0,"[[40, 0, 0], [0, 40, 0], [0, 0, 20]]",gated,4,4,98698,24.636707000005117,
0.99,0.991665364379851,0.991869918699187,0.9916666666666667,1.0,0.9876543209876543,1.0,0.9873417721518988,0.975,1.0,1.0,1.0,"[[40, 0, 0], [1, 39, 0], [0, 0, 20]]",attention,4,4,98544,35.6208564999979,
0.95,0.9385690911795329,0.9604840234448856,0.9250000000000002,0.9605555555555556,0.9629629629629629,0.975,0.963855421686747,1.0,0.8888888888888888,0.8,0.8,"[[39, 1, 0], [0, 40, 0], [2, 2, 16]]",early,4,4,97507,11.959396500002185,
0.95,0.9438325387692476,0.9354354354354354,0.9583333333333334,0.9988888888888888,0.935064935064935,0.9,0.9873417721518988,0.975,0.9090909090909091,1.0,1.0,"[[36, 0, 4], [1, 39, 0], [0, 0, 20]]",score,4,4,59302,0.036278799998399336,0.025
0.64,0.6835884572182681,0.6712913868269118,0.7000000000000001,0.7884027777777778,0.5526315789473685,0.525,0.5679012345679012,0.575,0.9302325581395349,1.0,1.0,"[[21, 18, 1], [15, 23, 2], [0, 0, 20]]",logvar,4,4,3,0.011982900003204122,
0.96,0.9586996336996337,0.9525917065390749,0.9666666666666667,0.9968055555555556,0.975,0.975,0.9487179487179487,0.925,0.9523809523809523,1.0,1.0,"[[39, 1, 0], [1, 37, 2], [0, 0, 20]]",shallow,4,4,21,0.009954599998309277,
