record,method,identical,corr_min,corr_median,rms_diff_rel,max_diff_rel,psd_change_db_median,psd_change_db_max,power_kept_a,power_kept_b,removed_a,removed_b,same_count
chb01_11.edf,amica,True,0.9999999999999998,1.0,0.0,0.0,0.0,0.0,0.2942045394219756,0.2942045394219756,"[0, 2, 7]","[0, 2, 7]",True
chb03_08.edf,amica,True,0.9999999999999998,1.0,0.0,0.0,0.0,0.0,0.6268153962626486,0.6268153962626486,"[0, 1]","[0, 1]",True
chb05_14.edf,amica,True,0.9999999999999998,1.0,0.0,0.0,0.0,0.0,0.7701774920626379,0.7701774920626379,[0],[0],True
chb07_10.edf,amica,True,0.9999999999999998,1.0,0.0,0.0,0.0,0.0,1.0,1.0,[],[],True
chb08_15.edf,amica,True,0.9999999999999998,1.0,0.0,0.0,0.0,0.0,0.9702429098031812,0.9702429098031812,[14],[14],True
chb13_03.edf,amica,True,0.9999999999999998,1.0,0.0,0.0,0.0,0.0,0.7377746977191775,0.7377746977191775,"[0, 6]","[0, 6]",True
chb17b_59.edf,amica,True,0.9999999999999998,1.0,0.0,0.0,0.0,0.0,0.5525289742646741,0.5525289742646741,"[0, 3]","[0, 3]",True
chb22_10.edf,amica,True,0.9999999999999999,1.0,0.0,0.0,0.0,0.0,0.2919148918453791,0.2919148918453791,"[0, 1]","[0, 1]",True
chb01_11.edf,gedai,True,0.9999999999999998,1.0,0.0,0.0,0.0,0.0,0.9995707135590968,0.9995707135590968,,,
chb03_08.edf,gedai,True,0.9999999999999999,1.0,0.0,0.0,0.0,0.0,0.9990978842605516,0.9990978842605516,,,
chb05_14.edf,gedai,True,0.9999999999999998,1.0,0.0,0.0,0.0,0.0,0.99930979457917,0.99930979457917,,,
chb07_10.edf,gedai,True,0.9999999999999998,1.0,0.0,0.0,0.0,0.0,0.9993791123346752,0.9993791123346752,,,
chb08_15.edf,gedai,True,0.9999999999999998,1.0,0.0,0.0,0.0,0.0,0.9992666781216591,0.9992666781216591,,,
chb13_03.edf,gedai,True,0.9999999999999998,1.0,0.0,0.0,0.0,0.0,0.9995841668140382,0.9995841668140382,,,
chb17b_59.edf,gedai,True,0.9999999999999998,1.0,0.0,0.0,0.0,0.0,0.9989998896116988,0.9989998896116988,,,
chb22_10.edf,gedai,True,0.9999999999999998,1.0,0.0,0.0,0.0,0.0,0.9994563977617228,0.9994563977617228,,,
chb01_11.edf,infomax,False,0.9999999999999998,1.0,1.1795471811301826e-13,5.9847506424017934e-12,0.0,0.000432037125548614,0.327673006200578,0.3276730062005759,"[0, 1]","[0, 1]",True
chb03_08.edf,infomax,False,0.9999999999999998,1.0,4.7977622497126684e-11,3.5603073918133667e-09,7.035926061466012e-11,0.004296498649539179,0.5695990965204103,0.5695990965201855,"[0, 1]","[0, 1]",True
chb05_14.edf,infomax,False,0.9999999999999998,1.0,4.986244441818334e-12,3.971539326449298e-10,0.0,9.053478361537323e-05,0.7746526244638509,0.774652624463851,[0],[0],True
chb07_10.edf,infomax,True,0.9999999999999998,1.0,0.0,0.0,0.0,5.055968907135942e-12,1.0,1.0,[],[],True
chb08_15.edf,infomax,True,0.9999999999999998,1.0,0.0,0.0,0.0,2.0683358249171693e-05,0.91830851356335,0.91830851356335,"[6, 14]","[6, 14]",True
chb13_03.edf,infomax,True,0.9999999999999999,1.0,0.0,0.0,0.0,0.0002235104964766927,0.7883309761674534,0.7883309761674532,[0],[0],True
chb17b_59.edf,infomax,False,0.9999999999999969,0.9999999999999998,1.2751449976416066e-08,4.0144098042806613e-08,2.336491883896425e-06,0.39619199048845233,0.6213922758870256,0.62139227567175,[0],[0],True
chb22_10.edf,infomax,False,0.9999999999999999,1.0,1.3957635518385676e-12,8.989600438984772e-11,0.0,4.251018675640121e-06,0.29722699712038,0.2972269971203801,"[0, 1]","[0, 1]",True
