acc,f1_macro,precision_macro,recall_macro,auc,log_loss,brier,f1_c0,recall_c0,f1_c1,recall_c1,recall_ictal,cm,sensitivity,specificity,false_alarms,fa_per_hour_subsampled,model,fold,test_subjects,n_test,n_test_ictal,params,sec,best_epoch,epochs_run,val_f1,blend_w
0.892,0.7834525680921369,0.9405286343612336,0.73,0.9526,0.3328190409871131,0.1530581699971973,0.936768149882904,1.0,0.6301369863013698,0.46,0.46,"[[200, 0], [27, 23]]",0.46,1.0,0,0.0,raw1d,0,chb01,250,50,28850,270.4,17,30,0.7449385548635952,
0.92,0.8511904761904762,0.9545454545454546,0.8,0.9718,0.2732332113984683,0.1450083964915334,0.9523809523809524,1.0,0.75,0.6,0.6,"[[200, 0], [20, 30]]",0.6,1.0,0,0.0,spec2d,0,chb01,250,50,34546,95.5,7,20,0.6655154403206974,
0.952,0.9172550750220654,0.9716981132075472,0.88,0.9771,0.1847984504660554,0.0807949325241161,0.970873786407767,1.0,0.8636363636363636,0.76,0.76,"[[200, 0], [12, 38]]",0.76,1.0,0,0.0,raw1d_wide,0,chb01,250,50,103712,453.9,11,24,0.7483479536428959,
0.84,0.6212121212121212,0.9166666666666669,0.6,0.9546,0.6429907096865329,0.2746964342794925,0.9090909090909092,1.0,0.3333333333333333,0.2,0.2,"[[200, 0], [40, 10]]",0.2,1.0,0,0.0,spec2d_wide,0,chb01,250,50,102236,82.2,5,20,0.645472042818513,
0.988,0.9808139981069812,0.9926108374384236,0.97,0.9954,0.062212658947436,0.0299401779933923,0.9925558312655088,1.0,0.9690721649484536,0.94,0.94,"[[200, 0], [3, 47]]",0.94,1.0,0,0.0,late,0,chb01,250,50,102768,313.8,13,26,0.7496035978083614,
0.976,0.9619250685348766,0.9692656765676568,0.955,0.9934,0.0846622449453719,0.0396231050324901,0.9850746268656716,0.99,0.9387755102040816,0.92,0.92,"[[198, 2], [4, 46]]",0.92,0.99,2,0.0493218249075215,gated,0,chb01,250,50,102921,228.6,2,20,0.7614991562148814,
0.916,0.8421479900177395,0.9524886877828054,0.79,0.9645,0.5692011181238953,0.146622791835878,0.9501187648456056,1.0,0.7341772151898734,0.58,0.58,"[[200, 0], [21, 29]]",0.58,1.0,0,0.0,attention,0,chb01,250,50,102767,362.7,22,35,0.7626438785339622,
0.952,0.9238501370697532,0.9305899339933994,0.9175,0.9776,0.1478520042522922,0.0808514717844616,0.9701492537313432,0.975,0.8775510204081632,0.86,0.86,"[[195, 5], [7, 43]]",0.86,0.975,5,0.1233045622688039,early,0,chb01,250,50,102547,194.7,12,25,0.6836740921574611,
0.83,0.5824121837386391,0.9123711340206184,0.575,0.74625,1.1364267595498108,0.3414258224339886,0.903954802259887,1.0,0.2608695652173913,0.15,0.15,"[[80, 0], [17, 3]]",0.15,1.0,0,0.0,raw1d,1,chb02,100,20,28850,365.7,26,39,0.7522188568704353,
0.91,0.8709677419354839,0.8466666666666667,0.90625,0.969375,0.2001865729623206,0.1196378895091505,0.9419354838709676,0.9125,0.8,0.9,0.9,"[[73, 7], [2, 18]]",0.9,0.9125,7,0.1985033477747144,spec2d,1,chb02,100,20,34546,90.1,3,20,0.6683644518486418,
0.79,0.52,0.6052631578947368,0.53125,0.6868749999999999,0.7337785207712321,0.3875651034863077,0.88,0.9625,0.16,0.1,0.1,"[[77, 3], [18, 2]]",0.1,0.9625,3,0.0850728633320204,raw1d_wide,1,chb02,100,20,103712,511.5,7,20,0.7665569119733061,
0.93,0.8926215677251113,0.8857745629897529,0.8999999999999999,0.960625,0.3362693793495524,0.1340208276924007,0.9559748427672956,0.95,0.8292682926829268,0.85,0.85,"[[76, 4], [3, 17]]",0.85,0.95,4,0.1134304844426939,spec2d_wide,1,chb02,100,20,102236,258.9,23,36,0.7309143686502177,
0.85,0.6788696210661529,0.8533026113671275,0.64375,0.8925,0.488919234226166,0.2529922786223553,0.9132947976878611,0.9875,0.4444444444444444,0.3,0.3,"[[79, 1], [14, 6]]",0.3,0.9875,1,0.0283576211106734,late,1,chb02,100,20,102768,305.9,6,20,0.7948847903298001,
0.87,0.7216870049239992,0.9301075268817204,0.675,0.95375,0.377187326707196,0.1978464510788968,0.9248554913294798,1.0,0.5185185185185185,0.35,0.35,"[[80, 0], [13, 7]]",0.35,1.0,0,0.0,gated,1,chb02,100,20,102921,310.1,7,20,0.767772148011669,
0.85,0.6975196612220206,0.8174603174603174,0.6625,0.833125,1.0468355256471376,0.2671227578174113,0.912280701754386,0.975,0.4827586206896552,0.35,0.35,"[[78, 2], [13, 7]]",0.35,0.975,2,0.0567152422213469,attention,1,chb02,100,20,102767,516.5,19,32,0.7489296390077469,
0.88,0.7767857142857143,0.8598484848484849,0.7375,0.934375,0.2680632807730855,0.1742378044681392,0.9285714285714286,0.975,0.625,0.5,0.5,"[[78, 2], [10, 10]]",0.5,0.975,2,0.0567152422213469,early,1,chb02,100,20,102547,267.9,7,20,0.6696201472075171,
0.8933333333333333,0.8059229442208166,0.8800140745953553,0.7666666666666666,0.922469135802469,0.3161387217877813,0.1781231201419,0.9361702127659576,0.9777777777777776,0.6756756756756757,0.5555555555555556,0.5555555555555556,"[[176, 4], [20, 25]]",0.5555555555555556,0.9777777777777776,4,0.1052631578947368,raw1d,2,chb03,225,45,28850,725.1,14,27,0.7045880294773346,
0.8177777777777778,0.6971537375660681,0.7121446664790319,0.6861111111111111,0.8504938271604938,0.5554702479125461,0.2627063854897548,0.888283378746594,0.9055555555555556,0.5060240963855421,0.4666666666666667,0.4666666666666667,"[[163, 17], [24, 21]]",0.4666666666666667,0.9055555555555556,17,0.4473684210526316,spec2d,2,chb03,225,45,34546,548.8,14,27,0.6650691762037957,
0.8311111111111111,0.6001683501683501,0.8587962962962963,0.5861111111111111,0.93,0.6148397693325048,0.2935896936533211,0.904040404040404,0.9944444444444444,0.2962962962962963,0.1777777777777777,0.1777777777777777,"[[179, 1], [37, 8]]",0.1777777777777777,0.9944444444444444,1,0.0263157894736842,raw1d_wide,2,chb03,225,45,103712,4543.8,10,23,0.7400431831686068,
0.8311111111111111,0.6239444053483463,0.8020682148040639,0.6027777777777777,0.7532098765432099,0.8764320791409556,0.3122048146580894,0.903061224489796,0.9833333333333332,0.3448275862068966,0.2222222222222222,0.2222222222222222,"[[177, 3], [35, 10]]",0.2222222222222222,0.9833333333333332,3,0.0789473684210526,spec2d_wide,2,chb03,225,45,102236,1155.9,9,22,0.6922399091742553,
0.8888888888888888,0.7807957601028799,0.9181594267801164,0.7305555555555556,0.9132098765432098,0.3947847223549843,0.2116533244342046,0.9347258485639688,0.9944444444444444,0.6268656716417911,0.4666666666666667,0.4666666666666667,"[[179, 1], [24, 21]]",0.4666666666666667,0.9944444444444444,1,0.0263157894736842,late,2,chb03,225,45,102768,2136.3,7,20,0.7227330840920063,
0.8488888888888889,0.690333549222798,0.8219213081246806,0.6555555555555556,0.9206172839506174,0.6124979507907503,0.2615139321439735,0.911917098445596,0.9777777777777776,0.46875,0.3333333333333333,0.3333333333333333,"[[176, 4], [30, 15]]",0.3333333333333333,0.9777777777777776,4,0.1052631578947368,gated,2,chb03,225,45,102921,2840.8,13,26,0.7223125437121928,
0.8533333333333334,0.7302060244903892,0.793691080493111,0.7,0.8918518518518518,0.3584609019703679,0.2274988583567843,0.9124668435013262,0.9555555555555556,0.547945205479452,0.4444444444444444,0.4444444444444444,"[[172, 8], [25, 20]]",0.4444444444444444,0.9555555555555556,8,0.2105263157894736,attention,2,chb03,225,45,102767,2137.0,4,20,0.7358546936698278,
0.8622222222222222,0.7465571745212747,0.8140862944162437,0.7138888888888889,0.8469135802469135,0.8139393449407514,0.2482821936306282,0.9177718832891246,0.9611111111111112,0.5753424657534246,0.4666666666666667,0.4666666666666667,"[[173, 7], [24, 21]]",0.4666666666666667,0.9611111111111112,7,0.1842105263157894,early,2,chb03,225,45,102547,3145.4,29,42,0.6454990087938267,
0.8285714285714286,0.7321428571428572,0.7321428571428572,0.7321428571428572,0.8433956916099773,0.5202959631789551,0.2714587235246374,0.8928571428571429,0.8928571428571429,0.5714285714285714,0.5714285714285714,0.5714285714285714,"[[150, 18], [18, 24]]",0.5714285714285714,0.8928571428571429,18,0.11535175163771,raw1d,3,chb04,210,42,28850,1775.2,7,20,0.702030975532237,
0.8857142857142857,0.8181555780054841,0.8242647058823529,0.8125,0.9248866213151928,0.275579442682614,0.1583236444936572,0.9289940828402368,0.9345238095238096,0.7073170731707317,0.6904761904761905,0.6904761904761905,"[[157, 11], [13, 29]]",0.6904761904761905,0.9345238095238096,11,0.0704927371119339,spec2d,3,chb04,210,42,34546,576.5,2,20,0.695734802999963,
0.8285714285714286,0.7368054588497424,0.7328860898138007,0.7410714285714286,0.8684807256235828,0.3925058786052198,0.2423185068647453,0.8922155688622755,0.8869047619047619,0.5813953488372093,0.5952380952380952,0.5952380952380952,"[[149, 19], [17, 25]]",0.5952380952380952,0.8869047619047619,19,0.1217601822842495,raw1d_wide,3,chb04,210,42,103712,3990.1,4,20,0.7367163293559233,
0.8904761904761904,0.8005698005698005,0.8740133576199149,0.7619047619047619,0.8948412698412699,0.4652101519901171,0.199391427718773,0.9344729344729344,0.9761904761904762,0.6666666666666666,0.5476190476190477,0.5476190476190477,"[[164, 4], [19, 23]]",0.5476190476190477,0.9761904761904762,4,0.0256337225861577,spec2d_wide,3,chb04,210,42,102236,1476.9,14,27,0.6896893332124681,
0.9095238095238096,0.8645575206218813,0.850868032893878,0.8809523809523809,0.9644274376417232,0.2323322040304383,0.1344161540003535,0.9425981873111784,0.9285714285714286,0.7865168539325843,0.8333333333333334,0.8333333333333334,"[[156, 12], [7, 35]]",0.8333333333333334,0.9285714285714286,12,0.0769011677584733,late,3,chb04,210,42,102768,3174.4,15,28,0.7514124971990142,
0.8857142857142857,0.7942857142857143,0.8585164835164836,0.7589285714285714,0.8717403628117915,0.5774317721732475,0.2097637504891702,0.9314285714285714,0.9702380952380952,0.6571428571428571,0.5476190476190477,0.5476190476190477,"[[163, 5], [19, 23]]",0.5476190476190477,0.9702380952380952,5,0.0320421532326972,gated,3,chb04,210,42,102921,2746.9,11,24,0.7413209391591333,
0.8714285714285714,0.7711772065055087,0.8240617260430558,0.7410714285714286,0.8442460317460317,0.8080338090720569,0.2262506764774144,0.9226361031518624,0.9583333333333334,0.6197183098591549,0.5238095238095238,0.5238095238095238,"[[161, 7], [20, 22]]",0.5238095238095238,0.9583333333333334,7,0.0448590145257761,attention,3,chb04,210,42,102767,1119.8,36,49,0.7806546052234997,
0.8285714285714286,0.7532959143714919,0.7377069133398247,0.7767857142857143,0.8499149659863944,0.778841407124711,0.2916224394218944,0.8895705521472392,0.8630952380952381,0.6170212765957447,0.6904761904761905,0.6904761904761905,"[[145, 23], [13, 29]]",0.6904761904761905,0.8630952380952381,23,0.1473939048704073,early,3,chb04,210,42,102547,182.4,16,29,0.6855201001588654,
0.4483870967741935,0.4385663902392527,0.5552506918062005,0.5766129032258065,0.6476326742976066,1.067433411951979,0.7554709673018537,0.5128205128205128,0.3629032258064516,0.3643122676579926,0.7903225806451613,0.7903225806451613,"[[90, 158], [13, 49]]",0.7903225806451613,0.3629032258064516,158,4.050993518980129,raw1d,4,chb05,310,62,28850,114.0,7,20,0.7915907157613318,
0.8225806451612904,0.7634408602150538,0.7411674347158218,0.8165322580645161,0.8895031217481789,0.5526593455968755,0.2798201070019218,0.8817204301075269,0.8266129032258065,0.6451612903225806,0.8064516129032258,0.8064516129032258,"[[205, 43], [12, 50]]",0.8064516129032258,0.8266129032258065,43,1.1024855779502885,spec2d,4,chb05,310,62,34546,80.8,19,32,0.6534653465346534,
0.2483870967741935,0.2336420833731207,0.5504612045577862,0.5181451612903226,0.6307882414151925,1.7998408964481385,1.142116274064426,0.1273408239700374,0.0685483870967741,0.3399433427762039,0.967741935483871,0.967741935483871,"[[17, 231], [2, 60]]",0.967741935483871,0.0685483870967741,231,5.922655081546898,raw1d_wide,4,chb05,310,62,103712,331.4,2,20,0.8064862708031142,
0.8258064516129032,0.7743813682678311,0.750952380952381,0.842741935483871,0.9126560874089488,0.4760856588763226,0.2738255013952546,0.8820960698689956,0.8145161290322581,0.6666666666666666,0.8709677419354839,0.8709677419354839,"[[202, 46], [8, 54]]",0.8709677419354839,0.8145161290322581,46,1.1794031764119364,spec2d_wide,4,chb05,310,62,102236,93.6,8,21,0.6793362252282118,
0.8161290322580645,0.7548387096774194,0.7334869431643625,0.8064516129032258,0.8757154006243495,0.41954720789548,0.2667759263290137,0.8774193548387097,0.8225806451612904,0.632258064516129,0.7903225806451613,0.7903225806451613,"[[204, 44], [13, 49]]",0.7903225806451613,0.8225806451612904,44,1.1281247774375045,late,4,chb05,310,62,102768,181.6,5,20,0.8184117647058824,
0.8419354838709677,0.7628748497478887,0.7535329845450718,0.7741935483870968,0.8534729448491154,0.5520252123459704,0.2379102246475421,0.8997955010224948,0.8870967741935484,0.6259541984732825,0.6612903225806451,0.6612903225806451,"[[220, 28], [21, 41]]",0.6612903225806451,0.8870967741935484,28,0.7178975856420482,gated,4,chb05,310,62,102921,337.3,25,38,0.7870149749454866,
0.6806451612903226,0.6459840121811953,0.673018451414053,0.7701612903225806,0.8988683662851197,0.9716719014771618,0.5054237369237425,0.7567567567567568,0.6209677419354839,0.5352112676056338,0.9193548387096774,0.9193548387096774,"[[154, 94], [5, 57]]",0.9193548387096774,0.6209677419354839,94,2.410084751798305,attention,4,chb05,310,62,102767,265.7,16,29,0.8242258907514819,
0.3548387096774194,0.354408763380399,0.5874565972222222,0.5786290322580645,0.8164672216441208,2.641596408699628,1.1187005614957275,0.3377483443708609,0.2056451612903226,0.3710691823899371,0.9516129032258064,0.9516129032258064,"[[51, 197], [3, 59]]",0.9516129032258064,0.2056451612903226,197,5.050922298981554,early,4,chb05,310,62,102547,144.5,9,22,0.7657219332626684,
0.7833333333333333,0.4743935309973046,0.5258620689655172,0.5052083333333334,0.6427951388888888,1.3954084474209183,0.4031317628866422,0.8773584905660378,0.96875,0.0714285714285714,0.0416666666666666,0.0416666666666666,"[[93, 3], [23, 1]]",0.0416666666666666,0.96875,3,0.0449569162885568,raw1d,5,chb06,120,24,28850,284.4,30,43,0.7512189753015146,
0.875,0.7793847285206521,0.8289548829240434,0.75,0.9036458333333334,0.3717635748469719,0.1961628976195451,0.9246231155778896,0.9583333333333334,0.6341463414634146,0.5416666666666666,0.5416666666666666,"[[92, 4], [11, 13]]",0.5416666666666666,0.9583333333333334,4,0.059942555051409,spec2d,5,chb06,120,24,34546,76.8,16,29,0.6869549892495859,
0.8,0.4444444444444444,0.4,0.5,0.8220486111111112,0.6763591840710864,0.3388843826430869,0.8888888888888888,1.0,0.0,0.0,0.0,"[[96, 0], [24, 0]]",0.0,1.0,0,0.0,raw1d_wide,5,chb06,120,24,103712,392.1,3,20,0.7457559498267625,
0.8083333333333333,0.5200834637454356,0.7393162393162394,0.5364583333333334,0.8107638888888888,0.8532689540232181,0.3209831054152203,0.892018779342723,0.9895833333333334,0.1481481481481481,0.0833333333333333,0.0833333333333333,"[[95, 1], [22, 2]]",0.0833333333333333,0.9895833333333334,1,0.0149856387628522,spec2d_wide,5,chb06,120,24,102236,215.9,27,40,0.728075127564868,
0.8,0.4444444444444444,0.4,0.5,0.8463541666666666,0.9554982651479376,0.3794634422390708,0.8888888888888888,1.0,0.0,0.0,0.0,"[[96, 0], [24, 0]]",0.0,1.0,0,0.0,late,5,chb06,120,24,102768,213.9,7,20,0.7586708493613337,
0.8,0.4444444444444444,0.4,0.5,0.8797743055555556,1.6346016819167668,0.399194056975185,0.8888888888888888,1.0,0.0,0.0,0.0,"[[96, 0], [24, 0]]",0.0,1.0,0,0.0,gated,5,chb06,120,24,102921,522.4,13,26,0.7292018581081081,
0.8,0.4444444444444444,0.4,0.5,0.8459201388888888,1.967689098844062,0.3987890828325592,0.8888888888888888,1.0,0.0,0.0,0.0,"[[96, 0], [24, 0]]",0.0,1.0,0,0.0,attention,5,chb06,120,24,102767,773.5,15,28,0.7659872783204441,
0.8083333333333333,0.5200834637454356,0.7393162393162394,0.5364583333333334,0.7842881944444444,2.634553220338016,0.3733033649959566,0.892018779342723,0.9895833333333334,0.1481481481481481,0.0833333333333333,0.0833333333333333,"[[95, 1], [22, 2]]",0.0833333333333333,0.9895833333333334,1,0.0149856387628522,early,5,chb06,120,24,102547,371.0,39,52,0.7164943085859694,
0.8111111111111111,0.6687594717471315,0.6978021978021978,0.6527777777777778,0.7534722222222222,0.6785364926863453,0.320448171602127,0.8859060402684564,0.9166666666666666,0.4516129032258064,0.3888888888888889,0.3888888888888889,"[[132, 12], [22, 14]]",0.3888888888888889,0.9166666666666666,12,0.1789709172259508,raw1d,6,chb07,180,36,28850,173.5,11,24,0.6919017983699505,
0.8611111111111112,0.7806910668161217,0.783743842364532,0.7777777777777777,0.8811728395061729,0.3993468624926153,0.2278814830123401,0.9134948096885812,0.9166666666666666,0.647887323943662,0.6388888888888888,0.6388888888888888,"[[132, 12], [13, 23]]",0.6388888888888888,0.9166666666666666,12,0.1789709172259508,spec2d,6,chb07,180,36,34546,60.1,4,20,0.693429766469153,
0.8166666666666667,0.7041685342895563,0.7115027829313543,0.6979166666666667,0.7438271604938272,0.8816994811556258,0.330773080432967,0.8865979381443299,0.8958333333333334,0.5217391304347826,0.5,0.5,"[[129, 15], [18, 18]]",0.5,0.8958333333333334,15,0.2237136465324385,raw1d_wide,6,chb07,180,36,103712,563.1,15,28,0.7046007628373823,
0.8666666666666667,0.7719594594594594,0.8045112781954887,0.75,0.9178240740740742,0.4414610978770817,0.223882943955882,0.918918918918919,0.9444444444444444,0.625,0.5555555555555556,0.5555555555555556,"[[136, 8], [16, 20]]",0.5555555555555556,0.9444444444444444,8,0.1193139448173005,spec2d_wide,6,chb07,180,36,102236,109.8,8,21,0.6859767424851898,
0.8388888888888889,0.7835731166300427,0.7593968206804338,0.8368055555555556,0.9367283950617284,0.4340833053234813,0.2410367466350323,0.8929889298892989,0.8402777777777778,0.6741573033707865,0.8333333333333334,0.8333333333333334,"[[121, 23], [6, 30]]",0.8333333333333334,0.8402777777777778,23,0.343027591349739,late,6,chb07,180,36,102768,254.3,12,25,0.754251160140669,
0.8777777777777778,0.7673872180451128,0.865625,0.7256944444444444,0.9245756172839504,0.5598246940236914,0.2156115882893514,0.9276315789473684,0.9791666666666666,0.6071428571428571,0.4722222222222222,0.4722222222222222,"[[141, 3], [19, 17]]",0.4722222222222222,0.9791666666666666,3,0.0447427293064877,gated,6,chb07,180,36,102921,254.5,12,25,0.7559810917826346,
0.8611111111111112,0.7852131163190301,0.7823662823662824,0.7881944444444444,0.880787037037037,0.4772250890928875,0.2181164711064425,0.9128919860627178,0.9097222222222222,0.6575342465753424,0.6666666666666666,0.6666666666666666,"[[131, 13], [12, 24]]",0.6666666666666666,0.9097222222222222,13,0.1938851603281133,attention,6,chb07,180,36,102767,207.3,7,20,0.7174209383284973,
0.9111111111111112,0.866567828020756,0.8535714285714286,0.8819444444444444,0.945408950617284,0.2514143838942619,0.1498748727927901,0.943661971830986,0.9305555555555556,0.7894736842105263,0.8333333333333334,0.8333333333333334,"[[134, 10], [6, 30]]",0.8333333333333334,0.9305555555555556,10,0.1491424310216256,early,6,chb07,180,36,102547,147.0,5,20,0.6526477666266743,
0.8061855670103093,0.4938044057559069,0.7609085475194262,0.5231958762886598,0.5195557444999469,1.237432478634924,0.3735575067730352,0.8914549653579676,0.9948453608247424,0.0961538461538461,0.0515463917525773,0.0515463917525773,"[[386, 2], [92, 5]]",0.0515463917525773,0.9948453608247424,2,0.0999722299361288,raw1d,7,chb08,485,97,28850,206.7,17,30,0.8209225193342375,
0.8268041237113402,0.6219937648456058,0.7722395907346882,0.6018041237113402,0.8225635030290147,0.395965503522748,0.2329070524130199,0.9002375296912114,0.9768041237113402,0.34375,0.2268041237113402,0.2268041237113402,"[[379, 9], [75, 22]]",0.2268041237113402,0.9768041237113402,9,0.4498750347125798,spec2d,7,chb08,485,97,34546,56.8,2,20,0.64720406681191,
0.8103092783505155,0.5625490196078431,0.7145209862601167,0.5605670103092784,0.6001700499521734,0.687839621329723,0.33828140679816,0.8917647058823529,0.9768041237113402,0.2333333333333333,0.1443298969072164,0.1443298969072164,"[[379, 9], [83, 14]]",0.1443298969072164,0.9768041237113402,9,0.4498750347125798,raw1d_wide,7,chb08,485,97,103712,381.0,2,20,0.8119383452348067,
0.8268041237113402,0.6451714046822743,0.750439463854098,0.6211340206185567,0.7314539270910829,1.2587361859154045,0.3158688873578599,0.8990384615384616,0.963917525773196,0.391304347826087,0.2783505154639175,0.2783505154639175,"[[374, 14], [70, 27]]",0.2783505154639175,0.963917525773196,14,0.6998056095529019,spec2d_wide,7,chb08,485,97,102236,206.7,28,41,0.7157135364261634,
0.8371134020618557,0.6760132249854136,0.7737941962959295,0.6469072164948454,0.7970028695929429,0.7083464164241885,0.2834074687044516,0.9044740024183796,0.963917525773196,0.4475524475524475,0.3298969072164948,0.3298969072164948,"[[374, 14], [65, 32]]",0.3298969072164948,0.963917525773196,14,0.6998056095529019,late,7,chb08,485,97,102768,338.8,21,34,0.8294481914032994,
0.8350515463917526,0.6620680044593088,0.7770819600087893,0.634020618556701,0.8507280263577425,0.4802956613272929,0.2648237785378736,0.903846153846154,0.9690721649484536,0.4202898550724637,0.2989690721649484,0.2989690721649484,"[[376, 12], [68, 29]]",0.2989690721649484,0.9690721649484536,12,0.5998333796167731,gated,7,chb08,485,97,102921,197.5,7,20,0.7784485039396118,
0.8412371134020619,0.6415373244641537,0.8616976705211999,0.6146907216494846,0.8291263683707089,0.5843659898922772,0.278700765309374,0.9090909090909092,0.9922680412371134,0.3739837398373983,0.2371134020618556,0.2371134020618556,"[[385, 3], [74, 23]]",0.2371134020618556,0.9922680412371134,3,0.1499583449041932,attention,7,chb08,485,97,102767,192.6,6,20,0.7963339546330561,
0.8350515463917526,0.6700006804109682,0.7694444444444444,0.6417525773195876,0.8120948028483367,0.4345827779772826,0.2504314784132913,0.9033816425120772,0.963917525773196,0.4366197183098591,0.3195876288659793,0.3195876288659793,"[[374, 14], [66, 31]]",0.3195876288659793,0.963917525773196,14,0.6998056095529019,early,7,chb08,485,97,102547,137.0,7,20,0.7377935596680347,
0.7548387096774194,0.6985053235053236,0.6886860007160759,0.7741935483870968,0.868366285119667,0.6005086815727826,0.3454641536749149,0.8288288288288288,0.7419354838709677,0.5681818181818182,0.8064516129032258,0.8064516129032258,"[[92, 32], [6, 25]]",0.8064516129032258,0.7419354838709677,32,0.4715513712648383,raw1d,8,chb09,155,31,28850,199.6,14,27,0.7310367879929212,
0.8903225806451613,0.8005148005148005,0.8731481481481481,0.7620967741935484,0.855879292403746,0.3561259071405662,0.1741298170365825,0.9343629343629344,0.9758064516129032,0.6666666666666666,0.5483870967741935,0.5483870967741935,"[[121, 3], [14, 17]]",0.5483870967741935,0.9758064516129032,3,0.0442079410560785,spec2d,8,chb09,155,31,34546,61.2,7,20,0.6859208867356967,
0.9032258064516128,0.8540031397174255,0.8428536703937775,0.8669354838709677,0.9266389177939646,0.2941354691285176,0.1772898692027568,0.9387755102040816,0.9274193548387096,0.7692307692307693,0.8064516129032258,0.8064516129032258,"[[115, 9], [6, 25]]",0.8064516129032258,0.9274193548387096,9,0.1326238231682357,raw1d_wide,8,chb09,155,31,103712,407.2,2,20,0.7034188233556098,
0.8258064516129032,0.7581064678342292,0.7384112937210283,0.7943548387096775,0.8038501560874088,0.7267781767534428,0.2927732337953142,0.8860759493670886,0.8467741935483871,0.6301369863013698,0.7419354838709677,0.7419354838709677,"[[105, 19], [8, 23]]",0.7419354838709677,0.8467741935483871,19,0.2799836266884977,spec2d_wide,8,chb09,155,31,102236,147.3,15,28,0.7024488987300659,
0.896774193548387,0.8552754435107377,0.8283055198973043,0.8991935483870968,0.9690426638917794,0.2553350456173036,0.156359392398803,0.9327731092436976,0.8951612903225806,0.7777777777777778,0.9032258064516128,0.9032258064516128,"[[111, 13], [3, 28]]",0.9032258064516128,0.8951612903225806,13,0.1915677445763405,late,8,chb09,155,31,102768,278.8,14,27,0.6830753162837209,
0.8387096774193549,0.78765959778618,0.7625584112149533,0.8508064516129032,0.9440686784599376,0.4739330068256486,0.2419837458848507,0.8917748917748918,0.8306451612903226,0.6835443037974683,0.8709677419354839,0.8709677419354839,"[[103, 21], [4, 27]]",0.8709677419354839,0.8306451612903226,21,0.3094555873925501,gated,8,chb09,155,31,102921,328.1,19,32,0.7202146446348952,
0.7741935483870968,0.7343941248470012,0.7288804945054945,0.8467741935483871,0.972684703433923,0.7452048385024577,0.3572547590109545,0.8372093023255814,0.7258064516129032,0.631578947368421,0.967741935483871,0.967741935483871,"[[90, 34], [1, 30]]",0.967741935483871,0.7258064516129032,34,0.5010233319688907,attention,8,chb09,155,31,102767,332.6,19,32,0.750713138746695,
0.8903225806451613,0.8447168365843597,0.8201086956521739,0.8830645161290323,0.9141519250780435,0.4943504867223984,0.1803033177420866,0.9288702928870292,0.8951612903225806,0.7605633802816901,0.8709677419354839,0.8709677419354839,"[[111, 13], [4, 27]]",0.8709677419354839,0.8951612903225806,13,0.1915677445763405,early,8,chb09,155,31,102547,243.4,21,34,0.6759237263171898,
0.7346938775510204,0.6974101730984819,0.7062289562289562,0.8188775510204082,0.9060807996668054,0.5428374339382362,0.3682766395276401,0.8036253776435045,0.6785714285714286,0.5911949685534591,0.9591836734693876,0.9591836734693876,"[[133, 63], [2, 47]]",0.9591836734693876,0.6785714285714286,63,1.2595101904814794,raw1d,9,chb10,245,49,28850,142.5,3,20,0.6581838694735005,
0.5836734693877551,0.540625,0.5800119968008531,0.625,0.7338608912952936,1.367473223076286,0.680613389595734,0.68125,0.5561224489795918,0.4,0.6938775510204082,0.6938775510204082,"[[109, 87], [15, 34]]",0.6938775510204082,0.5561224489795918,87,1.7393235963791858,spec2d,9,chb10,245,49,34546,68.7,10,23,0.6692285506720359,
0.8163265306122449,0.5391849529780565,0.8246164574616457,0.5484693877551021,0.6801332778009163,1.390785175335277,0.3365456188515499,0.896551724137931,0.9948979591836736,0.1818181818181818,0.1020408163265306,0.1020408163265306,"[[195, 1], [44, 5]]",0.1020408163265306,0.9948979591836736,1,0.0199922252457377,raw1d_wide,9,chb10,245,49,103712,804.3,27,40,0.7257658691621789,
0.6081632653061224,0.5722391968572675,0.6143333333333333,0.6785714285714286,0.7953456892961266,2.320885415694424,0.7010769276407425,0.6962025316455697,0.5612244897959183,0.4482758620689655,0.7959183673469388,0.7959183673469388,"[[110, 86], [10, 39]]",0.7959183673469388,0.5612244897959183,86,1.719331371133448,spec2d_wide,9,chb10,245,49,102236,178.7,21,34,0.6530849556014712,
0.6775510204081633,0.6190635517329607,0.6267241379310344,0.6913265306122449,0.8037276134943774,0.9832901793831538,0.5121919110097123,0.7683284457478006,0.6683673469387755,0.4697986577181208,0.7142857142857143,0.7142857142857143,"[[131, 65], [14, 35]]",0.7142857142857143,0.6683673469387755,65,1.2994946409729549,late,9,chb10,245,49,102768,522.2,17,30,0.7143095410717872,
0.8734693877551021,0.7942905121746431,0.8074966078697422,0.7831632653061225,0.8359017076218243,0.6018988777611874,0.2217551332217074,0.9219143576826196,0.9336734693877552,0.6666666666666666,0.6326530612244898,0.6326530612244898,"[[183, 13], [18, 31]]",0.6326530612244898,0.9336734693877552,13,0.259898928194591,gated,9,chb10,245,49,102921,618.4,16,29,0.7655444587628866,
0.7183673469387755,0.6405409428225137,0.6338096663175221,0.6862244897959184,0.7860266555601831,1.1604199464197928,0.4529981163440106,0.807799442896936,0.7397959183673469,0.4732824427480916,0.6326530612244898,0.6326530612244898,"[[145, 51], [18, 31]]",0.6326530612244898,0.7397959183673469,51,1.019603487532626,attention,9,chb10,245,49,102767,701.4,21,34,0.7828126274573783,
0.5959183673469388,0.5328839672604718,0.5565359033527895,0.5867346938775511,0.6435860058309038,1.7784107880901043,0.7220755801630656,0.7044776119402985,0.6020408163265306,0.3612903225806451,0.5714285714285714,0.5714285714285714,"[[118, 78], [21, 28]]",0.5714285714285714,0.6020408163265306,78,1.559393569167546,early,9,chb10,245,49,102547,419.9,16,29,0.6443355719475944,
0.9012048192771084,0.8305295763986414,0.8713274572649572,0.802710843373494,0.9095296850050804,0.278575316001163,0.1554694959555963,0.9399707174231332,0.966867469879518,0.7210884353741497,0.6385542168674698,0.6385542168674698,"[[321, 11], [30, 53]]",0.6385542168674698,0.966867469879518,11,0.3161929096135419,raw1d,10,chb11,415,83,28850,272.1,7,20,0.830052313374975,
0.8698795180722891,0.7332650923633593,0.8900375939849624,0.6882530120481928,0.8002249963710264,1.19100867840711,0.2463580228027143,0.9241573033707864,0.9909638554216867,0.5423728813559322,0.3855421686746988,0.3855421686746988,"[[329, 3], [51, 32]]",0.3855421686746988,0.9909638554216867,3,0.0862344298946023,spec2d,10,chb11,415,83,34546,311.6,35,48,0.636896804852606,
0.8867469879518072,0.8189102117743179,0.826808947728829,0.8117469879518072,0.8928726956016839,0.4082541698231233,0.182812483788783,0.929745889387145,0.9367469879518072,0.7080745341614907,0.6867469879518072,0.6867469879518072,"[[311, 21], [26, 57]]",0.6867469879518072,0.9367469879518072,21,0.6036410092622165,raw1d_wide,10,chb11,415,83,103712,1165.0,24,37,0.7982683982683982,
0.8843373493975903,0.7914048755968837,0.8563131313131314,0.7560240963855421,0.906590216286834,0.2803026610317313,0.1693324335087627,0.930635838150289,0.9698795180722892,0.6521739130434783,0.5421686746987951,0.5421686746987951,"[[322, 10], [38, 45]]",0.5421686746987951,0.9698795180722892,10,0.2874480996486745,spec2d_wide,10,chb11,415,83,102236,191.1,3,20,0.6665018909827113,
0.8771084337349397,0.7821387765185437,0.8347097459673525,0.7515060240963856,0.8936347800841922,0.5164595171718868,0.2007738919428258,0.9259796806966618,0.960843373493976,0.6382978723404256,0.5421686746987951,0.5421686746987951,"[[319, 13], [38, 45]]",0.5421686746987951,0.960843373493976,13,0.3736825295432768,late,10,chb11,415,83,102768,1236.5,46,59,0.8117963075602976,
0.8987951807228916,0.8131111682964488,0.9001562163326869,0.7695783132530121,0.929162432863986,0.4492750175494566,0.176468816861593,0.9396551724137931,0.9849397590361446,0.6865671641791045,0.5542168674698795,0.5542168674698795,"[[327, 5], [37, 46]]",0.5542168674698795,0.9849397590361446,5,0.1437240498243372,gated,10,chb11,415,83,102921,493.2,10,23,0.8210392507760704,
0.9301204819277108,0.8849701314217443,0.9083454810495628,0.8659638554216867,0.9236101030628538,0.242148483802586,0.1219204228127997,0.957037037037037,0.9728915662650602,0.8129032258064516,0.7590361445783133,0.7590361445783133,"[[323, 9], [20, 63]]",0.7590361445783133,0.9728915662650602,9,0.258703289683807,attention,10,chb11,415,83,102767,469.2,9,22,0.8393733125657445,
0.8746987951807229,0.814055283656166,0.800328947368421,0.8313253012048193,0.896864566700537,0.5877529737409501,0.2178074673562184,0.9202453987730062,0.9036144578313252,0.7078651685393258,0.7590361445783133,0.7590361445783133,"[[300, 32], [20, 63]]",0.7590361445783133,0.9036144578313252,32,0.9198339188757584,early,10,chb11,415,83,102547,638.0,28,41,0.7337828146208569,
0.8048780487804879,0.497494280422704,0.722155328115593,0.524390243902439,0.6072774142375571,0.9564555047782428,0.3535812822599689,0.8905109489051095,0.991869918699187,0.1044776119402985,0.056910569105691,0.056910569105691,"[[488, 4], [116, 7]]",0.056910569105691,0.991869918699187,4,0.193392425463336,raw1d,11,chb12,615,123,28850,317.4,10,23,0.8355397008794887,
0.7219512195121951,0.5974714940232182,0.5925806451612904,0.6067073170731707,0.679506246281975,0.6319580595672706,0.4023871654060326,0.8213166144200627,0.7987804878048781,0.3736263736263736,0.4146341463414634,0.4146341463414634,"[[393, 99], [72, 51]]",0.4146341463414634,0.7987804878048781,99,4.786462530217566,spec2d,11,chb12,615,123,34546,125.3,6,20,0.7227841162597999,
0.7951219512195122,0.4857859531772575,0.6025,0.5152439024390244,0.5649745521845462,1.2360359753512435,0.3779594891778008,0.8846153846153846,0.9817073170731708,0.0869565217391304,0.048780487804878,0.048780487804878,"[[483, 9], [117, 6]]",0.048780487804878,0.9817073170731708,9,0.435132957292506,raw1d_wide,11,chb12,615,123,103712,730.1,11,24,0.8477347010914971,
0.7837398373983739,0.5947231512448904,0.6305632289748312,0.584349593495935,0.7414402802564611,0.5008885815151151,0.3116613488214445,0.8714975845410629,0.9166666666666666,0.3179487179487179,0.2520325203252032,0.2520325203252032,"[[451, 41], [92, 31]]",0.2520325203252032,0.9166666666666666,41,1.982272360999194,spec2d_wide,11,chb12,615,123,102236,195.5,4,20,0.7345478048391912,
0.791869918699187,0.5140740740740741,0.6084656084656085,0.5284552845528455,0.6893714059091811,0.5133821292163497,0.3119179677263712,0.8814814814814815,0.967479674796748,0.1466666666666666,0.089430894308943,0.089430894308943,"[[476, 16], [112, 11]]",0.089430894308943,0.967479674796748,16,0.7735697018533441,late,11,chb12,615,123,102768,405.7,4,20,0.820614125932063,
0.8065040650406504,0.4916613993290222,0.7786243822075782,0.5223577235772358,0.7620464009518144,0.6966960131165759,0.3408540036245182,0.89171974522293,0.9959349593495936,0.0916030534351145,0.048780487804878,0.048780487804878,"[[490, 2], [117, 6]]",0.048780487804878,0.9959349593495936,2,0.096696212731668,gated,11,chb12,615,123,102921,412.0,5,20,0.8304258472136696,
0.8016260162601626,0.5617406542056075,0.6667913588328813,0.5589430894308943,0.6549011831581729,0.9066553767384294,0.3498729874044325,0.8859813084112149,0.9634146341463414,0.2375,0.1544715447154471,0.1544715447154471,"[[474, 18], [104, 19]]",0.1544715447154471,0.9634146341463414,18,0.8702659145850121,attention,11,chb12,615,123,102767,533.5,13,26,0.8297680897058184,
0.759349593495935,0.5903690369036904,0.6015901763324444,0.584349593495935,0.702409280190363,0.8527259183642107,0.390493755337962,0.8534653465346534,0.8760162601626016,0.3272727272727272,0.2926829268292683,0.2926829268292683,"[[431, 61], [87, 36]]",0.2926829268292683,0.8760162601626016,61,2.949234488315874,early,11,chb12,615,123,102547,358.2,11,24,0.7783808231569426,
0.8149253731343283,0.5290676582622891,0.8355836236933798,0.542910447761194,0.7908777010470037,1.492298445427046,0.3576580065291777,0.8959731543624161,0.996268656716418,0.1621621621621621,0.0895522388059701,0.0895522388059701,"[[267, 1], [61, 6]]",0.0895522388059701,0.996268656716418,1,0.0303030303030303,raw1d,12,chb13,335,67,28850,432.0,21,34,0.8169794144038192,
0.8388059701492537,0.6826315789473685,0.7756371663656432,0.6529850746268657,0.7882044998886167,0.5406369738843152,0.2514236200912503,0.9052631578947368,0.9626865671641792,0.46,0.3432835820895522,0.3432835820895522,"[[258, 10], [44, 23]]",0.3432835820895522,0.9626865671641792,10,0.303030303030303,spec2d,12,chb13,335,67,34546,142.7,8,21,0.6913956301733968,
0.7910447761194029,0.5136469221835075,0.6046875,0.5279850746268656,0.4210291824459791,1.2099495987616642,0.3919325236178324,0.8809523809523809,0.9664179104477612,0.1463414634146341,0.0895522388059701,0.0895522388059701,"[[259, 9], [61, 6]]",0.0895522388059701,0.9664179104477612,9,0.2727272727272727,raw1d_wide,12,chb13,335,67,103712,658.0,3,20,0.838095238095238,
0.8417910447761194,0.7514036487867715,0.752844429424355,0.75,0.762697705502339,0.4754396401665661,0.2694987106548575,0.9013035381750466,0.9029850746268656,0.6015037593984962,0.5970149253731343,0.5970149253731343,"[[242, 26], [27, 40]]",0.5970149253731343,0.9029850746268656,26,0.7878787878787878,spec2d_wide,12,chb13,335,67,102236,206.3,4,20,0.700778754694702,
0.817910447761194,0.5716741076107233,0.7683578104138852,0.5671641791044776,0.8107596346625082,1.3304033357598797,0.3372120563426955,0.8964346349745331,0.9850746268656716,0.2469135802469135,0.1492537313432835,0.1492537313432835,"[[264, 4], [57, 10]]",0.1492537313432835,0.9850746268656716,4,0.1212121212121212,late,12,chb13,335,67,102768,633.7,16,29,0.814820031078499,
0.8119402985074626,0.5270588235294118,0.7817278287461773,0.5410447761194029,0.5873802628647806,0.966034336427786,0.3531818717298876,0.8941176470588236,0.9925373134328358,0.16,0.0895522388059701,0.0895522388059701,"[[266, 2], [61, 6]]",0.0895522388059701,0.9925373134328358,2,0.0606060606060606,gated,12,chb13,335,67,102921,443.2,4,20,0.813838560715131,
0.826865671641791,0.5883474576271186,0.8361204013377926,0.5783582089552238,0.8553686789930943,0.9955276181528202,0.3093829987548879,0.9016949152542372,0.9925373134328358,0.275,0.1641791044776119,0.1641791044776119,"[[266, 2], [56, 11]]",0.1641791044776119,0.9925373134328358,2,0.0606060606060606,attention,12,chb13,335,67,102767,652.3,17,30,0.8157452348450376,
0.8059701492537313,0.5120448179271709,0.7176987767584098,0.5317164179104478,0.5375918912898197,1.3521128360473644,0.3731569170386498,0.8907563025210085,0.9888059701492538,0.1333333333333333,0.0746268656716417,0.0746268656716417,"[[265, 3], [62, 5]]",0.0746268656716417,0.9888059701492538,3,0.0909090909090909,early,12,chb13,335,67,102547,348.4,9,22,0.7012021604042047,
0.8,0.4444444444444444,0.4,0.5,0.3381076388888889,1.7224163185806731,0.3986851747089477,0.8888888888888888,1.0,0.0,0.0,0.0,"[[96, 0], [24, 0]]",0.0,1.0,0,0.0,raw1d,13,chb14,120,24,28850,307.9,8,21,0.7185402193768926,
0.7666666666666667,0.4339622641509434,0.396551724137931,0.4791666666666667,0.4053819444444444,1.953818427647105,0.4409447076302379,0.8679245283018868,0.9583333333333334,0.0,0.0,0.0,"[[92, 4], [24, 0]]",0.0,0.9583333333333334,4,0.1538461538461538,spec2d,13,chb14,120,24,34546,220.3,18,31,0.7411428139969966,
0.7833333333333333,0.5047619047619047,0.5701754385964912,0.5208333333333334,0.5920138888888888,1.0606560918690733,0.3790347317331414,0.8761904761904762,0.9583333333333334,0.1333333333333333,0.0833333333333333,0.0833333333333333,"[[92, 4], [22, 2]]",0.0833333333333333,0.9583333333333334,4,0.1538461538461538,raw1d_wide,13,chb14,120,24,103712,879.3,14,27,0.6683543538877235,
0.7833333333333333,0.4392523364485981,0.3983050847457627,0.4895833333333333,0.38671875,2.587442571986823,0.4147553446289221,0.8785046728971962,0.9791666666666666,0.0,0.0,0.0,"[[94, 2], [24, 0]]",0.0,0.9791666666666666,2,0.0769230769230769,spec2d_wide,13,chb14,120,24,102236,440.4,30,43,0.7274376015587096,
0.7416666666666667,0.4258373205741627,0.3938053097345133,0.4635416666666667,0.2756076388888888,1.9361571224971603,0.4785060284832081,0.8516746411483254,0.9270833333333334,0.0,0.0,0.0,"[[89, 7], [24, 0]]",0.0,0.9270833333333334,7,0.2692307692307692,late,13,chb14,120,24,102768,651.2,19,32,0.7516973268332872,
0.8,0.4444444444444444,0.4,0.5,0.5750868055555556,0.8172006064780509,0.3741576011566747,0.8888888888888888,1.0,0.0,0.0,0.0,"[[96, 0], [24, 0]]",0.0,1.0,0,0.0,gated,13,chb14,120,24,102921,452.0,1,20,0.7613018302828619,
0.8,0.4444444444444444,0.4,0.5,0.3927951388888888,1.1440544520065885,0.3943516246590925,0.8888888888888888,1.0,0.0,0.0,0.0,"[[96, 0], [24, 0]]",0.0,1.0,0,0.0,attention,13,chb14,120,24,102767,489.1,9,22,0.7363507500903005,
0.75,0.4285714285714285,0.3947368421052631,0.46875,0.3550347222222221,3.0778355281713305,0.4764974260063297,0.8571428571428571,0.9375,0.0,0.0,0.0,"[[90, 6], [24, 0]]",0.0,0.9375,6,0.2307692307692307,early,13,chb14,120,24,102547,575.7,25,38,0.6830435178748591,
0.874766355140187,0.8083155080213904,0.8023581344629451,0.8148364485981309,0.9055103065769936,0.3031805792618389,0.1856466889214807,0.9211764705882352,0.9147196261682244,0.6954545454545454,0.7149532710280374,0.7149532710280374,"[[783, 73], [61, 153]]",0.7149532710280374,0.9147196261682244,73,1.8247465629773645,raw1d,14,chb15,1070,214,28850,273.5,2,20,0.704334121355398,
0.7925233644859813,0.6711794019933555,0.6737403362099964,0.6688084112149533,0.6892796314088567,0.9559641004176036,0.3526880471764253,0.8709302325581395,0.875,0.4714285714285714,0.4626168224299065,0.4626168224299065,"[[749, 107], [115, 99]]",0.4626168224299065,0.875,107,2.674628523816137,spec2d,14,chb15,1070,214,34546,155.6,14,27,0.7003900452176315,
0.6523364485981309,0.6222439868804664,0.663196485041838,0.7546728971962617,0.8919337933443969,0.9110142224620832,0.5198391182504941,0.7288629737609329,0.5841121495327103,0.515625,0.9252336448598132,0.9252336448598132,"[[500, 356], [16, 198]]",0.9252336448598132,0.5841121495327103,356,8.898764060547148,raw1d_wide,14,chb15,1070,214,103712,679.3,10,23,0.7108421885181072,
0.7794392523364486,0.675283927248786,0.6670243902439025,0.6869158878504673,0.7539250152851777,0.5851455488986764,0.3310889626070112,0.8591885441527446,0.8411214953271028,0.4913793103448275,0.5327102803738317,0.5327102803738317,"[[720, 136], [100, 114]]",0.5327102803738317,0.8411214953271028,136,3.3995278433550897,spec2d_wide,14,chb15,1070,214,102236,212.2,10,23,0.7156909238323976,
0.4560747663551401,0.4538690632794165,0.6261565323829067,0.6530373831775701,0.8776639881212333,2.2862930867035245,0.9599256309082448,0.4885764499121265,0.3247663551401869,0.4191616766467065,0.9813084112149532,0.9813084112149532,"[[278, 578], [4, 210]]",0.9813084112149532,0.3247663551401869,578,14.447993334259133,late,14,chb15,1070,214,102768,499.3,13,26,0.7534656206737425,
0.7981308411214953,0.7277623079423863,0.7094792300926865,0.7704439252336448,0.8609813084112151,0.4857904838533331,0.2935987975998643,0.8661710037174721,0.8165887850467289,0.5893536121673004,0.7242990654205608,0.7242990654205608,"[[699, 157], [59, 155]]",0.7242990654205608,0.8165887850467289,157,3.924454936814332,gated,14,chb15,1070,214,102921,446.7,10,23,0.7255505350441751,
0.8850467289719626,0.8266599408107115,0.8162695884826092,0.8387850467289719,0.9308946196174338,0.2746515768259802,0.1658859216107087,0.9272619751626257,0.9158878504672896,0.7260579064587973,0.7616822429906542,0.7616822429906542,"[[784, 72], [51, 163]]",0.7616822429906542,0.9158878504672896,72,1.7997500347174005,attention,14,chb15,1070,214,102767,385.5,5,20,0.732879774092609,
0.8317757009345794,0.7189207490776631,0.7372146923968358,0.705607476635514,0.7924709581622849,0.4243202705669439,0.257257888573644,0.897025171624714,0.9158878504672896,0.5408163265306123,0.4953271028037383,0.4953271028037383,"[[784, 72], [108, 106]]",0.4953271028037383,0.9158878504672896,72,1.7997500347174005,early,14,chb15,1070,214,102547,119.6,2,20,0.6813659437009691,
0.8,0.5060483870967742,0.6544117647058824,0.5267857142857143,0.5612244897959184,0.803405968551176,0.3709887177814552,0.8870967741935484,0.9821428571428572,0.125,0.0714285714285714,0.0714285714285714,"[[55, 1], [13, 1]]",0.0714285714285714,0.9821428571428572,1,0.0526315789473684,raw1d,15,chb16,70,14,28850,253.7,5,20,0.6698260149130074,
0.8,0.6693657219973009,0.6810344827586207,0.6607142857142857,0.6760204081632653,0.5204171431138742,0.306067181336269,0.8771929824561403,0.8928571428571429,0.4615384615384615,0.4285714285714285,0.4285714285714285,"[[50, 6], [8, 6]]",0.4285714285714285,0.8928571428571429,6,0.3157894736842105,spec2d,15,chb16,70,14,34546,143.6,4,20,0.7116736990154711,
0.7857142857142857,0.5432796868203567,0.6076923076923078,0.5446428571428571,0.6173469387755102,1.7418056268342934,0.4194953846000229,0.8760330578512396,0.9464285714285714,0.2105263157894736,0.1428571428571428,0.1428571428571428,"[[53, 3], [12, 2]]",0.1428571428571428,0.9464285714285714,3,0.1578947368421052,raw1d_wide,15,chb16,70,14,103712,1256.4,23,36,0.7616841535701354,
0.8285714285714286,0.6174863387978142,0.7916666666666667,0.5982142857142857,0.8494897959183674,0.8449117485012193,0.3298227624440199,0.9016393442622952,0.9821428571428572,0.3333333333333333,0.2142857142857142,0.2142857142857142,"[[55, 1], [11, 3]]",0.2142857142857142,0.9821428571428572,1,0.0526315789473684,spec2d_wide,15,chb16,70,14,102236,272.8,12,25,0.7032120901639345,
0.8,0.5060483870967742,0.6544117647058824,0.5267857142857143,0.7857142857142857,1.7028691206678372,0.3851450754699316,0.8870967741935484,0.9821428571428572,0.125,0.0714285714285714,0.0714285714285714,"[[55, 1], [13, 1]]",0.0714285714285714,0.9821428571428572,1,0.0526315789473684,late,15,chb16,70,14,102768,767.1,22,35,0.75253714793509,
0.7857142857142857,0.44,0.3985507246376811,0.4910714285714285,0.6428571428571428,0.8192108157703781,0.3795845865254867,0.88,0.9821428571428572,0.0,0.0,0.0,"[[55, 1], [14, 0]]",0.0,0.9821428571428572,1,0.0526315789473684,gated,15,chb16,70,14,102921,495.5,6,20,0.672,
0.8,0.4444444444444444,0.4,0.5,0.788265306122449,1.861415453165873,0.3946606555451598,0.8888888888888888,1.0,0.0,0.0,0.0,"[[56, 0], [14, 0]]",0.0,1.0,0,0.0,attention,15,chb16,70,14,102767,540.4,9,22,0.76889416154944,
0.7571428571428571,0.4308943089430894,0.3955223880597014,0.4732142857142857,0.7780612244897959,1.585255918250707,0.4464212755850336,0.8617886178861789,0.9464285714285714,0.0,0.0,0.0,"[[53, 3], [14, 0]]",0.0,0.9464285714285714,3,0.1578947368421052,early,15,chb16,70,14,102547,544.3,19,32,0.6814466863575437,
0.7125,0.6491228070175439,0.6466666666666667,0.71484375,0.72509765625,1.1298373770109245,0.4878668050407269,0.7982456140350878,0.7109375,0.5,0.71875,0.71875,"[[91, 37], [9, 23]]",0.71875,0.7109375,37,1.7614387728114256,raw1d,16,chb17,160,32,28850,572.0,22,35,0.7191307288050848,
0.675,0.58656330749354,0.5866526904262753,0.62109375,0.69091796875,1.3579020421941317,0.5433944963914856,0.7777777777777778,0.7109375,0.3953488372093023,0.53125,0.53125,"[[91, 37], [15, 17]]",0.53125,0.7109375,37,1.7614387728114256,spec2d,16,chb17,160,32,34546,254.5,20,33,0.6978114478114479,
0.75625,0.7005614472863382,0.6906360127538177,0.77734375,0.855712890625,0.7032220607034704,0.3750738303921957,0.8296943231441049,0.7421875,0.5714285714285714,0.8125,0.8125,"[[95, 33], [6, 26]]",0.8125,0.7421875,33,1.5710129595345146,raw1d_wide,16,chb17,160,32,103712,861.8,14,27,0.7252372252266928,
0.75,0.5259259259259259,0.5438184663536776,0.52734375,0.564208984375,1.7763154076127978,0.433185149434547,0.8518518518518519,0.8984375,0.2,0.15625,0.15625,"[[115, 13], [27, 5]]",0.15625,0.8984375,13,0.6188838931499603,spec2d_wide,16,chb17,160,32,102236,218.5,28,41,0.7179221434556664,
0.575,0.5435475750964927,0.598051539912005,0.65234375,0.7393798828125,2.602830208739462,0.7795653505722637,0.6633663366336634,0.5234375,0.423728813559322,0.78125,0.78125,"[[67, 61], [7, 25]]",0.78125,0.5234375,61,2.9039936524728907,late,16,chb17,160,32,102768,405.1,30,43,0.7140056987657615,
0.66875,0.616619196166192,0.629956999522217,0.69921875,0.756591796875,0.9126415080338234,0.5270324311597577,0.7579908675799086,0.6484375,0.4752475247524752,0.75,0.75,"[[83, 45], [8, 24]]",0.75,0.6484375,45,2.142290399365247,gated,16,chb17,160,32,102921,190.7,6,20,0.7134678741716349,
0.7875,0.7118033481669845,0.6952707856598017,0.75,0.84619140625,0.8942373964537664,0.3170706097993589,0.859504132231405,0.8125,0.5641025641025641,0.6875,0.6875,"[[104, 24], [10, 22]]",0.6875,0.8125,24,1.142554879661465,attention,16,chb17,160,32,102767,316.5,21,34,0.7323188443383992,
0.63125,0.5858014128384011,0.6129411764705882,0.67578125,0.777099609375,1.2859007542675862,0.5990568597913599,0.7230046948356808,0.6015625,0.4485981308411215,0.75,0.75,"[[77, 51], [8, 24]]",0.75,0.6015625,51,2.4279291192806136,early,16,chb17,160,32,102547,189.0,17,30,0.6396118552607517,
0.9105263157894736,0.8382654849531821,0.9145454545454546,0.7960526315789473,0.8840027700831025,0.4082286434086421,0.1491606090265919,0.946372239747634,0.986842105263158,0.7301587301587301,0.6052631578947368,0.6052631578947368,"[[150, 2], [15, 23]]",0.6052631578947368,0.986842105263158,2,0.0561272217025257,raw1d,17,chb18,190,38,28850,210.8,19,32,0.6981523727498559,
0.8052631578947368,0.5148712994272306,0.7054054054054054,0.5328947368421052,0.7744113573407202,1.92022805057441,0.3660659991565521,0.8902077151335311,0.986842105263158,0.1395348837209302,0.0789473684210526,0.0789473684210526,"[[150, 2], [35, 3]]",0.0789473684210526,0.986842105263158,2,0.0561272217025257,spec2d,17,chb18,190,38,34546,153.5,44,57,0.7508286781531834,
0.8842105263157894,0.769620811287478,0.9111757105943152,0.7203947368421053,0.8450484764542936,0.7940273488178623,0.2251912456252795,0.9320987654320988,0.993421052631579,0.6071428571428571,0.4473684210526316,0.4473684210526316,"[[151, 1], [21, 17]]",0.4473684210526316,0.993421052631579,1,0.0280636108512628,raw1d_wide,17,chb18,190,38,103712,575.8,20,33,0.7528783191063729,
0.8210526315789474,0.5630411255411255,0.8269927536231885,0.5625,0.7553670360110802,0.7948304101925675,0.3009880754369385,0.8988095238095238,0.993421052631579,0.2272727272727272,0.131578947368421,0.131578947368421,"[[151, 1], [33, 5]]",0.131578947368421,0.993421052631579,1,0.0280636108512628,spec2d_wide,17,chb18,190,38,102236,94.3,6,20,0.6883437883048525,
0.8421052631578947,0.6545454545454545,0.8380149812734082,0.625,0.797264542936288,1.007891024313729,0.2662196718209426,0.9090909090909092,0.986842105263158,0.4,0.2631578947368421,0.2631578947368421,"[[150, 2], [28, 10]]",0.2631578947368421,0.986842105263158,2,0.0561272217025257,late,17,chb18,190,38,102768,453.4,20,33,0.7187743699246745,
0.9157894736842104,0.8458105092310814,0.9339859437751004,0.799342105263158,0.9002770083102494,0.4193556530754802,0.1439098205828551,0.949685534591195,0.993421052631579,0.7419354838709677,0.6052631578947368,0.6052631578947368,"[[151, 1], [15, 23]]",0.6052631578947368,0.993421052631579,1,0.0280636108512628,gated,17,chb18,190,38,102921,409.1,24,37,0.754207896051974,
0.8263157894736842,0.6134163635242617,0.7798374809547994,0.5953947368421053,0.7806440443213295,0.9270596992543256,0.2976840003697698,0.9003021148036254,0.9802631578947368,0.3265306122448979,0.2105263157894736,0.2105263157894736,"[[149, 3], [30, 8]]",0.2105263157894736,0.9802631578947368,3,0.0841908325537885,attention,17,chb18,190,38,102767,246.7,10,23,0.7735769341571607,
0.8947368421052632,0.8286435786435786,0.8438914027149321,0.8157894736842105,0.8298130193905817,0.7126414058323254,0.1928905393083367,0.935064935064935,0.9473684210526316,0.7222222222222222,0.6842105263157895,0.6842105263157895,"[[144, 8], [12, 26]]",0.6842105263157895,0.9473684210526316,8,0.2245088868101029,early,17,chb18,190,38,102547,327.1,17,30,0.6720822510822511,
0.8074074074074075,0.4819952774498229,0.9029850746268656,0.5185185185185185,0.808641975308642,1.4740242501101115,0.3665581404534647,0.8925619834710744,1.0,0.0714285714285714,0.037037037037037,0.037037037037037,"[[108, 0], [26, 1]]",0.037037037037037,1.0,0,0.0,raw1d,18,chb19,135,27,28850,372.0,15,28,0.7339455913997168,
0.8666666666666667,0.7115384615384616,0.9285714285714286,0.6666666666666666,0.852880658436214,0.4541041083546808,0.209425896107552,0.9230769230769232,1.0,0.5,0.3333333333333333,0.3333333333333333,"[[108, 0], [18, 9]]",0.3333333333333333,1.0,0,0.0,spec2d,18,chb19,135,27,34546,117.0,5,20,0.7188219936133389,
0.8,0.4444444444444444,0.4,0.5,0.8106995884773663,1.850483384716498,0.3834503787332104,0.8888888888888888,1.0,0.0,0.0,0.0,"[[108, 0], [27, 0]]",0.0,1.0,0,0.0,raw1d_wide,18,chb19,135,27,103712,1022.2,20,33,0.7000547251461143,
0.8814814814814815,0.7744360902255639,0.875,0.7314814814814815,0.8916323731138545,0.3060983624835222,0.1692010423324857,0.9298245614035088,0.9814814814814816,0.6190476190476191,0.4814814814814814,0.4814814814814814,"[[106, 2], [14, 13]]",0.4814814814814814,0.9814814814814816,2,0.0668275478002598,spec2d_wide,18,chb19,135,27,102236,183.8,1,20,0.6864399835277453,
0.8222222222222222,0.55,0.9090909090909092,0.5555555555555556,0.926954732510288,1.7235442155001957,0.3429050238500924,0.9,1.0,0.2,0.1111111111111111,0.1111111111111111,"[[108, 0], [24, 3]]",0.1111111111111111,1.0,0,0.0,late,18,chb19,135,27,102768,678.0,24,37,0.7557653703985713,
0.8148148148148148,0.5170982973243669,0.9060150375939848,0.537037037037037,0.9303840877914952,0.5318937657396526,0.28648354778988,0.8962655601659751,1.0,0.1379310344827586,0.074074074074074,0.074074074074074,"[[108, 0], [25, 2]]",0.074074074074074,1.0,0,0.0,gated,18,chb19,135,27,102921,373.1,4,20,0.7391025880927998,
0.8148148148148148,0.5170982973243669,0.9060150375939848,0.537037037037037,0.8912894375857339,0.9679759661653892,0.3401585898877864,0.8962655601659751,1.0,0.1379310344827586,0.074074074074074,0.074074074074074,"[[108, 0], [25, 2]]",0.074074074074074,1.0,0,0.0,attention,18,chb19,135,27,102767,360.8,7,20,0.76644680706533,
0.837037037037037,0.610031512605042,0.9153846153846156,0.5925925925925926,0.8710562414266119,1.0952448642330088,0.3079278948531028,0.907563025210084,1.0,0.3125,0.1851851851851851,0.1851851851851851,"[[108, 0], [22, 5]]",0.1851851851851851,1.0,0,0.0,early,18,chb19,135,27,102547,341.2,11,24,0.7456397501468853,
0.8611111111111112,0.7532759471462251,0.8019354838709678,0.7256944444444444,0.7775848765432098,0.5229532157921077,0.2388368359375278,0.9163879598662208,0.9513888888888888,0.5901639344262295,0.5,0.5,"[[137, 7], [18, 18]]",0.5,0.9513888888888888,7,0.2536997885835095,raw1d,19,chb20,180,36,28850,290.6,10,23,0.7322960319842302,
0.8111111111111111,0.5598388952819332,0.7223837209302326,0.5590277777777778,0.7746913580246914,1.5861809731068857,0.3537077331514274,0.8924050632911392,0.9791666666666666,0.2272727272727272,0.1388888888888889,0.1388888888888889,"[[141, 3], [31, 5]]",0.1388888888888889,0.9791666666666666,3,0.108728480821504,spec2d,19,chb20,180,36,34546,163.9,15,28,0.7151205299288992,
0.8611111111111112,0.7317436661698957,0.8295194508009154,0.6944444444444444,0.753858024691358,0.8914402184595249,0.2572063189853839,0.918032786885246,0.9722222222222222,0.5454545454545454,0.4166666666666667,0.4166666666666667,"[[140, 4], [21, 15]]",0.4166666666666667,0.9722222222222222,4,0.1449713077620054,raw1d_wide,19,chb20,180,36,103712,1003.0,19,32,0.7375275809073565,
0.8111111111111111,0.5417789757412399,0.7413793103448276,0.5486111111111112,0.7833719135802469,0.7693764903962766,0.3299536745118809,0.8930817610062893,0.9861111111111112,0.1904761904761904,0.1111111111111111,0.1111111111111111,"[[142, 2], [32, 4]]",0.1111111111111111,0.9861111111111112,2,0.0724856538810027,spec2d_wide,19,chb20,180,36,102236,190.9,6,20,0.6738374415772577,
0.8555555555555555,0.6875,0.8839285714285714,0.6493055555555556,0.8250385802469136,0.6264293001533291,0.2438596714683787,0.9166666666666666,0.9930555555555556,0.4583333333333333,0.3055555555555556,0.3055555555555556,"[[143, 1], [25, 11]]",0.3055555555555556,0.9930555555555556,1,0.0362428269405013,late,19,chb20,180,36,102768,350.1,7,20,0.7703715402534844,
0.8555555555555555,0.74,0.7932692307692308,0.7118055555555556,0.7822145061728394,0.7512198702083767,0.2395046715851768,0.9133333333333332,0.9513888888888888,0.5666666666666667,0.4722222222222222,0.4722222222222222,"[[137, 7], [19, 17]]",0.4722222222222222,0.9513888888888888,7,0.2536997885835095,gated,19,chb20,180,36,102921,615.3,18,31,0.8011763906849623,
0.8222222222222222,0.6514161220043573,0.7283950617283951,0.6284722222222222,0.5933641975308641,1.410581088505859,0.3378687087451829,0.8954248366013072,0.9513888888888888,0.4074074074074074,0.3055555555555556,0.3055555555555556,"[[137, 7], [25, 11]]",0.3055555555555556,0.9513888888888888,7,0.2536997885835095,attention,19,chb20,180,36,102767,519.4,14,27,0.749860646599777,
0.8555555555555555,0.6980645161290322,0.8562822719449226,0.6597222222222222,0.8202160493827161,1.1121541485693665,0.2609741314047767,0.9161290322580644,0.9861111111111112,0.48,0.3333333333333333,0.3333333333333333,"[[142, 2], [24, 12]]",0.3333333333333333,0.9861111111111112,2,0.0724856538810027,early,19,chb20,180,36,102547,543.3,26,39,0.6975344236141278,
0.8333333333333334,0.5956873315363882,0.9137931034482758,0.5833333333333334,0.8559027777777777,0.9088355763075124,0.3110410133431314,0.9056603773584906,1.0,0.2857142857142857,0.1666666666666666,0.1666666666666666,"[[96, 0], [20, 4]]",0.1666666666666666,1.0,0,0.0,raw1d,20,chb21,120,24,28850,637.7,32,45,0.7558374494836102,
0.7916666666666666,0.4418604651162791,0.3991596638655462,0.4947916666666667,0.6540798611111112,2.5477397516614806,0.4091800012145955,0.8837209302325582,0.9895833333333334,0.0,0.0,0.0,"[[95, 1], [24, 0]]",0.0,0.9895833333333334,1,0.0304620071078016,spec2d,20,chb21,120,24,34546,251.5,25,38,0.7191132898749623,
0.8,0.4444444444444444,0.4,0.5,0.8767361111111112,1.5062612656300256,0.400087262076404,0.8888888888888888,1.0,0.0,0.0,0.0,"[[96, 0], [24, 0]]",0.0,1.0,0,0.0,raw1d_wide,20,chb21,120,24,103712,1205.7,23,36,0.76789094071308,
0.775,0.4366197183098591,0.3974358974358974,0.484375,0.6844618055555556,1.831582192963215,0.4287709491171541,0.8732394366197183,0.96875,0.0,0.0,0.0,"[[93, 3], [24, 0]]",0.0,0.96875,3,0.0913860213234049,spec2d_wide,20,chb21,120,24,102236,358.3,22,35,0.7238836159645767,
0.8,0.4444444444444444,0.4,0.5,0.6918402777777778,2.1600864298459954,0.3985702048502309,0.8888888888888888,1.0,0.0,0.0,0.0,"[[96, 0], [24, 0]]",0.0,1.0,0,0.0,late,20,chb21,120,24,102768,702.8,22,35,0.7723567038755801,
0.8,0.4444444444444444,0.4,0.5,0.7265625,2.0260063874490988,0.3999554143503492,0.8888888888888888,1.0,0.0,0.0,0.0,"[[96, 0], [24, 0]]",0.0,1.0,0,0.0,gated,20,chb21,120,24,102921,593.6,16,29,0.7324566275054514,
0.7833333333333333,0.4392523364485981,0.3983050847457627,0.4895833333333333,0.700954861111111,1.278593310363434,0.394776237668161,0.8785046728971962,0.9791666666666666,0.0,0.0,0.0,"[[94, 2], [24, 0]]",0.0,0.9791666666666666,2,0.0609240142156033,attention,20,chb21,120,24,102767,474.2,8,21,0.7756886775399077,
0.8,0.4823867721063982,0.652542372881356,0.515625,0.6749131944444444,0.76547957448128,0.3661490461206497,0.8878504672897196,0.9895833333333334,0.0769230769230769,0.0416666666666666,0.0416666666666666,"[[95, 1], [23, 1]]",0.0416666666666666,0.9895833333333334,1,0.0304620071078016,early,20,chb21,120,24,102547,330.0,6,20,0.6738289776747407,
0.85,0.6571428571428571,0.9210526315789472,0.625,0.9292534722222222,0.8696553515397086,0.2952350568934807,0.9142857142857144,1.0,0.4,0.25,0.25,"[[96, 0], [18, 6]]",0.25,1.0,0,0.0,raw1d,21,chb22,120,24,28850,586.4,24,37,0.7669760697953973,
0.925,0.8622273249138921,0.9571428571428572,0.8125,0.9761284722222222,0.1991311289502151,0.1135852895750444,0.9552238805970148,1.0,0.7692307692307693,0.625,0.625,"[[96, 0], [9, 15]]",0.625,1.0,0,0.0,spec2d,21,chb22,120,24,34546,147.3,5,20,0.6710626518275804,
0.925,0.8622273249138921,0.9571428571428572,0.8125,0.9652777777777778,0.3059523879331973,0.1265435723886342,0.9552238805970148,1.0,0.7692307692307693,0.625,0.625,"[[96, 0], [9, 15]]",0.625,1.0,0,0.0,raw1d_wide,21,chb22,120,24,103712,1096.3,18,31,0.7438447468649796,
0.925,0.8676308371123913,0.931753283837807,0.828125,0.9561631944444444,0.270179159758746,0.1094018732442052,0.9547738693467336,0.9895833333333334,0.7804878048780488,0.6666666666666666,0.6666666666666666,"[[95, 1], [8, 16]]",0.6666666666666666,0.9895833333333334,1,0.0322551742675387,spec2d_wide,21,chb22,120,24,102236,225.9,8,21,0.6950744558991981,
0.9333333333333332,0.88,0.9615384615384616,0.8333333333333333,0.9765625,0.3104561734397723,0.1274785217903421,0.96,1.0,0.8,0.6666666666666666,0.6666666666666666,"[[96, 0], [8, 16]]",0.6666666666666666,1.0,0,0.0,late,21,chb22,120,24,102768,455.8,6,20,0.7438388882857453,
0.95,0.9134199134199136,0.9705882352941176,0.875,0.9947916666666666,0.2479594942306317,0.0859627465206738,0.9696969696969696,1.0,0.8571428571428571,0.75,0.75,"[[96, 0], [6, 18]]",0.75,1.0,0,0.0,gated,21,chb22,120,24,102921,795.0,20,33,0.8108496802086683,
0.8916666666666667,0.7825783972125435,0.9403669724770642,0.7291666666666666,0.9895833333333334,0.2826620167416255,0.1659677198613731,0.9365853658536586,1.0,0.6285714285714286,0.4583333333333333,0.4583333333333333,"[[96, 0], [13, 11]]",0.4583333333333333,1.0,0,0.0,attention,21,chb22,120,24,102767,474.9,7,20,0.7431261447646669,
0.9083333333333332,0.8242577552922381,0.9485981308411215,0.7708333333333333,0.9778645833333334,0.4980040258143657,0.1588112409359653,0.9458128078817734,1.0,0.7027027027027027,0.5416666666666666,0.5416666666666666,"[[96, 0], [11, 13]]",0.5416666666666666,1.0,0,0.0,early,21,chb22,120,24,102547,603.6,22,35,0.7209728469098784,
0.9061224489795918,0.8363108206245461,0.8874933545986178,0.8035714285714286,0.9564764681382758,0.2758279626693541,0.1467129153586696,0.94320987654321,0.9744897959183674,0.7294117647058823,0.6326530612244898,0.6326530612244898,"[[191, 5], [18, 31]]",0.6326530612244898,0.9744897959183674,5,0.1883239171374764,raw1d,22,chb23,245,49,28850,856.8,42,55,0.7218259857226927,
0.9183673469387756,0.8724489795918368,0.8724489795918368,0.8724489795918368,0.9634527280299876,0.2558694476614553,0.1412025770077629,0.9489795918367347,0.9489795918367347,0.7959183673469388,0.7959183673469388,0.7959183673469388,"[[186, 10], [10, 39]]",0.7959183673469388,0.9489795918367347,10,0.3766478342749529,spec2d,22,chb23,245,49,34546,144.6,1,20,0.6612761418832245,
0.9387755102040816,0.9050608385646748,0.902051282051282,0.9081632653061223,0.98219491878384,0.1552111421195978,0.0890748310404963,0.9616368286445012,0.9591836734693876,0.8484848484848485,0.8571428571428571,0.8571428571428571,"[[188, 8], [7, 42]]",0.8571428571428571,0.9591836734693876,8,0.3013182674199623,raw1d_wide,22,chb23,245,49,103712,786.0,9,22,0.7247224248551095,
0.8938775510204081,0.8096006695361071,0.8747141223556318,0.7729591836734694,0.9543940024989588,0.3326382263245818,0.168530812617467,0.9362745098039216,0.9744897959183674,0.6829268292682927,0.5714285714285714,0.5714285714285714,"[[191, 5], [21, 28]]",0.5714285714285714,0.9744897959183674,5,0.1883239171374764,spec2d_wide,22,chb23,245,49,102236,269.2,11,24,0.6598993390477123,
0.9551020408163264,0.9257759784075572,0.9540229885057472,0.903061224489796,0.9906289046230736,0.1170414550554978,0.0703002834918111,0.9724310776942356,0.9897959183673468,0.8791208791208791,0.8163265306122449,0.8163265306122449,"[[194, 2], [9, 40]]",0.8163265306122449,0.9897959183673468,2,0.0753295668549905,late,22,chb23,245,49,102768,495.9,8,21,0.742351877469146,
0.9428571428571428,0.9078551472168492,0.9219444444444445,0.8954081632653061,0.9830279050395668,0.1579725098694756,0.0888603117699587,0.9646464646464646,0.9744897959183674,0.851063829787234,0.8163265306122449,0.8163265306122449,"[[191, 5], [9, 40]]",0.8163265306122449,0.9744897959183674,5,0.1883239171374764,gated,22,chb23,245,49,102921,672.8,15,28,0.7585149972790421,
0.946938775510204,0.9189340527883124,0.9101235552012754,0.9285714285714286,0.9826114119117034,0.1454008024483798,0.0782194567592423,0.9665809768637532,0.9591836734693876,0.8712871287128713,0.8979591836734694,0.8979591836734694,"[[188, 8], [5, 44]]",0.8979591836734694,0.9591836734693876,8,0.3013182674199623,attention,22,chb23,245,49,102767,619.3,13,26,0.7828706170420654,
0.8857142857142857,0.7865322379885487,0.8754789272030651,0.7448979591836735,0.9417950853810912,0.5765265694314717,0.1978248634717943,0.9320388349514565,0.979591836734694,0.6410256410256411,0.5102040816326531,0.5102040816326531,"[[192, 4], [24, 25]]",0.5102040816326531,0.979591836734694,4,0.1506591337099811,early,22,chb23,245,49,102547,573.7,20,33,0.7111864406779661,
0.9046153846153846,0.8316034030319744,0.8899797413121396,0.7961538461538462,0.8751479289940829,0.3346696757307477,0.1646691542832361,0.9424860853432282,0.9769230769230768,0.7207207207207207,0.6153846153846154,0.6153846153846154,"[[254, 6], [25, 40]]",0.6153846153846154,0.9769230769230768,6,0.2817636316201409,raw1d,23,chb24,325,65,28850,499.5,18,31,0.8174275347614939,
0.9046153846153846,0.8183015022813757,0.9342079969242598,0.7673076923076922,0.8907692307692309,0.81951568486966,0.1768791289583275,0.9435336976320584,0.9961538461538462,0.693069306930693,0.5384615384615384,0.5384615384615384,"[[259, 1], [30, 35]]",0.5384615384615384,0.9961538461538462,1,0.0469606052700234,spec2d,23,chb24,325,65,34546,229.3,18,31,0.6772849462365591,
0.8307692307692308,0.6549294415165731,0.7618446368446369,0.6288461538461538,0.793905325443787,0.4304049990107377,0.2526339706900447,0.9012567324955116,0.9653846153846154,0.4086021505376344,0.2923076923076923,0.2923076923076923,"[[251, 9], [46, 19]]",0.2923076923076923,0.9653846153846154,9,0.4226454474302113,raw1d_wide,23,chb24,325,65,103712,731.7,3,20,0.7997222222222222,
0.913846153846154,0.8371976527837413,0.9513888888888888,0.7846153846153846,0.8344378698224854,0.9021268141492534,0.1611973748739385,0.948905109489051,1.0,0.7254901960784313,0.5692307692307692,0.5692307692307692,"[[260, 0], [28, 37]]",0.5692307692307692,1.0,0,0.0,spec2d_wide,23,chb24,325,65,102236,358.4,19,32,0.6884455722558396,
0.9107692307692308,0.8327150742798317,0.93806161745828,0.7826923076923077,0.87301775147929,0.698292762293052,0.1580840008236793,0.946983546617916,0.9961538461538462,0.7184466019417476,0.5692307692307692,0.5692307692307692,"[[259, 1], [28, 37]]",0.5692307692307692,0.9961538461538462,1,0.0469606052700234,late,23,chb24,325,65,102768,748.6,19,32,0.8377431026684758,
0.8338461538461538,0.7204345609787179,0.7412250277469479,0.7057692307692307,0.7902366863905325,0.4756664603785152,0.2518049798422213,0.8984962406015038,0.9192307692307692,0.5423728813559322,0.4923076923076923,0.4923076923076923,"[[239, 21], [33, 32]]",0.4923076923076923,0.9192307692307692,21,0.9861727106704932,gated,23,chb24,325,65,102921,474.7,4,20,0.8062961023826514,
0.8892307692307693,0.7971004439511653,0.8740123668842322,0.7576923076923077,0.8697041420118343,0.3475388103064523,0.1798719809919346,0.9338235294117648,0.9769230769230768,0.660377358490566,0.5384615384615384,0.5384615384615384,"[[254, 6], [30, 35]]",0.5384615384615384,0.9769230769230768,6,0.2817636316201409,attention,23,chb24,325,65,102767,480.0,6,20,0.8271999554092062,
0.8769230769230769,0.7512628195316088,0.9013280521901212,0.7038461538461539,0.8320710059171598,0.573928278245946,0.2205016595295851,0.9280575539568344,0.9923076923076924,0.574468085106383,0.4153846153846154,0.4153846153846154,"[[258, 2], [38, 27]]",0.4153846153846154,0.9923076923076924,2,0.0939212105400469,early,23,chb24,325,65,102547,381.8,10,23,0.8080619629127092,
0.908,0.8613622664255576,0.8496503496503497,0.875,0.956,0.32864467532089,0.1831591889712253,0.9417721518987342,0.93,0.780952380952381,0.82,0.82,"[[186, 14], [9, 41]]",0.82,0.93,14,0.345252774352651,logvar,0,chb01,250,50,18,0.33,-1,0,,
0.888,0.832391533378029,0.8198637702503682,0.8475,0.9225,0.2869225870169357,0.1745851263290302,0.9289340101522844,0.915,0.7358490566037735,0.78,0.78,"[[183, 17], [11, 39]]",0.78,0.915,17,0.4192355117139334,shallow,0,chb01,250,50,126,0.59,-1,0,,
0.7,0.66078697421981,0.677133655394525,0.775,0.804375,0.6634974594177376,0.4544244760203551,0.7761194029850746,0.65,0.5454545454545454,0.9,0.9,"[[52, 28], [2, 18]]",0.9,0.65,28,0.7940133910988579,logvar,1,chb02,100,20,18,0.08,-1,0,,
0.93,0.8996415770609318,0.8733333333333333,0.9375,0.966875,0.2475058102315658,0.1319551941890457,0.9548387096774194,0.925,0.8444444444444444,0.95,0.95,"[[74, 6], [1, 19]]",0.95,0.925,6,0.1701457266640409,shallow,1,chb02,100,20,126,0.59,-1,0,,
0.7955555555555556,0.7413534586165533,0.7231045981045982,0.8138888888888889,0.8864197530864197,0.5058514243987791,0.3001658081477855,0.8597560975609756,0.7833333333333333,0.6229508196721312,0.8444444444444444,0.8444444444444444,"[[141, 39], [7, 38]]",0.8444444444444444,0.7833333333333333,39,1.0263157894736843,logvar,2,chb03,225,45,18,0.13,-1,0,,
0.9155555555555556,0.8819875776397516,0.8522727272727273,0.9305555555555556,0.957037037037037,0.2838984793092579,0.1436858372900918,0.944927536231884,0.9055555555555556,0.819047619047619,0.9555555555555556,0.9555555555555556,"[[163, 17], [2, 43]]",0.9555555555555556,0.9055555555555556,17,0.4473684210526316,shallow,2,chb03,225,45,126,0.7,-1,0,,
0.7666666666666667,0.6964512227499337,0.6819225550568834,0.7470238095238095,0.8022959183673469,0.5644056273879333,0.3510130819761369,0.842443729903537,0.7797619047619048,0.5504587155963303,0.7142857142857143,0.7142857142857143,"[[131, 37], [12, 30]]",0.7142857142857143,0.7797619047619048,37,0.2371119339219595,logvar,3,chb04,210,42,18,0.1,-1,0,,
0.8428571428571429,0.7755465587044534,0.7574209830549212,0.8035714285714286,0.8646541950113379,0.4865426862538673,0.2511320168927921,0.8984615384615384,0.8690476190476191,0.6526315789473685,0.7380952380952381,0.7380952380952381,"[[146, 22], [11, 31]]",0.7380952380952381,0.8690476190476191,22,0.1409854742238678,shallow,3,chb04,210,42,126,0.76,-1,0,,
0.3,0.2929292929292929,0.6111111111111112,0.5625,0.8590010405827263,1.0063249872745967,0.7657531184300905,0.2222222222222222,0.125,0.3636363636363636,1.0,1.0,"[[31, 217], [0, 62]]",1.0,0.125,217,5.563706288725874,logvar,4,chb05,310,62,18,0.12,-1,0,,
0.4709677419354838,0.4672199865861837,0.6237714987714988,0.657258064516129,0.9567507804370446,1.0570763923890412,0.7141413015613896,0.5119047619047619,0.3467741935483871,0.4225352112676056,0.967741935483871,0.967741935483871,"[[86, 162], [2, 60]]",0.967741935483871,0.3467741935483871,162,4.153550316928993,shallow,4,chb05,310,62,126,0.64,-1,0,,
0.5166666666666667,0.4965277777777778,0.5798611111111112,0.6197916666666666,0.6124131944444444,0.7603678037805934,0.5500496238930811,0.5972222222222222,0.4479166666666667,0.3958333333333333,0.7916666666666666,0.7916666666666666,"[[43, 53], [5, 19]]",0.7916666666666666,0.4479166666666667,53,0.7942388544311701,logvar,5,chb06,120,24,18,0.08,-1,0,,
0.4,0.4,0.625,0.625,0.6267361111111112,1.5025315106893755,0.9318141118618378,0.4,0.25,0.4,1.0,1.0,"[[24, 72], [0, 24]]",1.0,0.25,72,1.0789659909253633,shallow,5,chb06,120,24,126,0.72,-1,0,,
0.7666666666666667,0.7278225806451613,0.7254554655870445,0.84375,0.9556327160493826,0.5928784983012303,0.3916164573614569,0.8306451612903226,0.7152777777777778,0.625,0.9722222222222222,0.9722222222222222,"[[103, 41], [1, 35]]",0.9722222222222222,0.7152777777777778,41,0.6114839671886652,logvar,6,chb07,180,36,18,0.1,-1,0,,
0.8722222222222222,0.8283510924996891,0.799509731094934,0.8888888888888888,0.9527391975308642,0.3282995956630506,0.1887562062515189,0.915129151291513,0.8611111111111112,0.7415730337078652,0.9166666666666666,0.9166666666666666,"[[124, 20], [3, 33]]",0.9166666666666666,0.8611111111111112,20,0.2982848620432513,shallow,6,chb07,180,36,126,0.78,-1,0,,
0.4061855670103093,0.405070192176639,0.5817554149540479,0.5940721649484536,0.7030237007120841,0.9331872507710296,0.6985410882913624,0.4308300395256917,0.2809278350515464,0.3793103448275862,0.9072164948453608,0.9072164948453608,"[[109, 279], [9, 88]]",0.9072164948453608,0.2809278350515464,279,13.946126076089977,logvar,7,chb08,485,97,18,0.18,-1,0,,
0.6041237113402061,0.5117040020135918,0.5249101181304572,0.5360824742268041,0.5316452332872782,0.858163632433211,0.5613183983225458,0.7241379310344828,0.6494845360824743,0.2992700729927007,0.422680412371134,0.422680412371134,"[[252, 136], [56, 41]]",0.422680412371134,0.6494845360824743,136,6.7981116356567615,shallow,7,chb08,485,97,126,0.6,-1,0,,
0.6451612903225806,0.6224702183251406,0.6802325581395349,0.7782258064516129,0.9638397502601456,0.6919212286653248,0.4747023707118851,0.7150259067357513,0.5564516129032258,0.5299145299145299,1.0,1.0,"[[69, 55], [0, 31]]",1.0,0.5564516129032258,55,0.8104789193614408,logvar,8,chb09,155,31,18,0.12,-1,0,,
0.6258064516129033,0.605701754385965,0.6741573033707865,0.7661290322580645,0.9945369406867848,0.7419679462208478,0.482017314041781,0.6947368421052632,0.532258064516129,0.5166666666666667,1.0,1.0,"[[66, 58], [0, 31]]",1.0,0.532258064516129,58,0.8546868604175194,shallow,8,chb09,155,31,126,0.67,-1,0,,
0.6612244897959184,0.6364140249244578,0.6856060606060606,0.7882653061224489,0.984902124114952,0.5735259995109979,0.401628773183062,0.7313915857605178,0.576530612244898,0.5414364640883977,1.0,1.0,"[[113, 83], [0, 49]]",1.0,0.576530612244898,83,1.6593546953962348,logvar,9,chb10,245,49,18,0.12,-1,0,,
0.889795918367347,0.8534591612946103,0.8214003477161371,0.923469387755102,0.991774260724698,0.2410664811885544,0.1526035569783757,0.9264305177111716,0.8673469387755102,0.7804878048780488,0.979591836734694,0.979591836734694,"[[170, 26], [1, 48]]",0.979591836734694,0.8673469387755102,26,0.519797856389182,shallow,9,chb10,245,49,126,0.83,-1,0,,
0.8506024096385543,0.8082712369597616,0.7811269232788951,0.8885542168674698,0.9558716794890404,0.4339936123697333,0.2592828469612065,0.898360655737705,0.8253012048192772,0.7181818181818181,0.9518072289156626,0.9518072289156626,"[[274, 58], [4, 79]]",0.9518072289156626,0.8253012048192772,58,1.6671989779623122,logvar,10,chb11,415,83,18,0.13,-1,0,,
0.8385542168674699,0.7979713577807003,0.7736797881550135,0.8900602409638554,0.9594643634780085,0.4300942526606067,0.2517050483720092,0.8885191347753744,0.8042168674698795,0.7074235807860262,0.9759036144578314,0.9759036144578314,"[[267, 65], [2, 81]]",0.9759036144578314,0.8042168674698795,65,1.8684126477163845,shallow,10,chb11,415,83,126,0.66,-1,0,,
0.6894308943089431,0.4617252835376332,0.4590988444592235,0.4674796747967479,0.4020259105030075,0.7282070467893655,0.4768598171750763,0.8118226600985222,0.8373983739837398,0.1116279069767441,0.0975609756097561,0.0975609756097561,"[[412, 80], [111, 12]]",0.0975609756097561,0.8373983739837398,80,3.86784850926672,logvar,11,chb12,615,123,18,0.11,-1,0,,
0.7577235772357723,0.5459680416202155,0.5676411909146716,0.5436991869918699,0.6002875272655166,0.6046080947188485,0.3745645410765029,0.8560386473429952,0.9004065040650406,0.2358974358974359,0.1869918699186991,0.1869918699186991,"[[443, 49], [100, 23]]",0.1869918699186991,0.9004065040650406,49,2.3690572119258664,shallow,11,chb12,615,123,126,0.58,-1,0,,
0.4626865671641791,0.4257142857142857,0.4903652574058096,0.4850746268656716,0.4696480285141456,0.8947251759779713,0.653207833370171,0.5714285714285714,0.4477611940298507,0.28,0.5223880597014925,0.5223880597014925,"[[120, 148], [32, 35]]",0.5223880597014925,0.4477611940298507,148,4.484848484848484,logvar,12,chb13,335,67,18,0.13,-1,0,,
0.4716417910447761,0.3636578272394586,0.399437148217636,0.3507462686567164,0.3059701492537313,1.5803910732032385,0.833020441076159,0.6257928118393234,0.5522388059701493,0.1015228426395939,0.1492537313432835,0.1492537313432835,"[[148, 120], [57, 10]]",0.1492537313432835,0.5522388059701493,120,3.636363636363636,shallow,12,chb13,335,67,126,0.58,-1,0,,
0.5583333333333333,0.4609712687515891,0.4822222222222222,0.4739583333333333,0.4036458333333333,0.7467969440010028,0.5357865114479984,0.6900584795321637,0.6145833333333334,0.2318840579710145,0.3333333333333333,0.3333333333333333,"[[59, 37], [16, 8]]",0.3333333333333333,0.6145833333333334,37,1.4230769230769231,logvar,13,chb14,120,24,18,0.1,-1,0,,
0.6083333333333333,0.4718606611105909,0.4798319327731092,0.4739583333333333,0.3693576388888889,0.8928479148458168,0.5631448175592421,0.7403314917127072,0.6979166666666666,0.2033898305084746,0.25,0.25,"[[67, 29], [18, 6]]",0.25,0.6979166666666666,29,1.1153846153846154,shallow,13,chb14,120,24,126,0.68,-1,0,,
0.7906542056074767,0.4501945239668208,0.4710497835497835,0.4976635514018692,0.7624683378461,0.5752589391952149,0.3515344682161885,0.8828451882845189,0.985981308411215,0.0175438596491228,0.0093457943925233,0.0093457943925233,"[[844, 12], [212, 2]]",0.0093457943925233,0.985981308411215,12,0.2999583391195667,logvar,14,chb15,1070,214,18,0.14,-1,0,,
0.788785046728972,0.4495333485089915,0.4619307400379506,0.4964953271028037,0.6115872565289546,0.8795614315778514,0.3915445944712757,0.881675392670157,0.983644859813084,0.017391304347826,0.0093457943925233,0.0093457943925233,"[[842, 14], [212, 2]]",0.0093457943925233,0.983644859813084,14,0.3499513956394945,shallow,14,chb15,1070,214,126,0.61,-1,0,,
0.5428571428571428,0.5104895104895105,0.569078947368421,0.6071428571428572,0.5663265306122449,0.8056940410986311,0.5661309183232941,0.6363636363636364,0.5,0.3846153846153846,0.7142857142857143,0.7142857142857143,"[[28, 28], [4, 10]]",0.7142857142857143,0.5,28,1.4736842105263157,logvar,15,chb16,70,14,18,0.09,-1,0,,
0.7428571428571429,0.685,0.6774475524475524,0.7589285714285714,0.8099489795918368,0.8258188973468945,0.4083137211040402,0.82,0.7321428571428571,0.55,0.7857142857142857,0.7857142857142857,"[[41, 15], [3, 11]]",0.7857142857142857,0.7321428571428571,15,0.7894736842105263,shallow,15,chb16,70,14,126,0.56,-1,0,,
0.8125,0.6658312447786132,0.7002635046113307,0.6484375,0.781982421875,0.4392156536188301,0.2858517644154746,0.8872180451127819,0.921875,0.4444444444444444,0.375,0.375,"[[118, 10], [20, 12]]",0.375,0.921875,10,0.4760645331922771,logvar,16,chb17,160,32,18,0.14,-1,0,,
0.84375,0.7084335592973249,0.7747293766330721,0.6796875,0.777587890625,0.4919326649069137,0.2397142542130446,0.9070631970260224,0.953125,0.5098039215686274,0.40625,0.40625,"[[122, 6], [19, 13]]",0.40625,0.953125,6,0.2856387199153662,shallow,16,chb17,160,32,126,0.67,-1,0,,
0.7263157894736842,0.6092390444549913,0.6031396713615024,0.6217105263157895,0.7345914127423823,0.5184482844972226,0.3438619643483424,0.8231292517006803,0.7960526315789473,0.3953488372093023,0.4473684210526316,0.4473684210526316,"[[121, 31], [21, 17]]",0.4473684210526316,0.7960526315789473,31,0.8699719363891487,logvar,17,chb18,190,38,18,0.12,-1,0,,
0.8473684210526315,0.7432312782515496,0.7659768715763846,0.7269736842105263,0.7686980609418281,0.437073971807225,0.243262572083912,0.9067524115755627,0.9276315789473684,0.5797101449275363,0.5263157894736842,0.5263157894736842,"[[141, 11], [18, 20]]",0.5263157894736842,0.9276315789473684,11,0.3086997193638915,shallow,17,chb18,190,38,126,0.66,-1,0,,
0.9555555555555556,0.928546224417784,0.941818181818182,0.9166666666666669,0.9670781893004116,0.2039154911218669,0.1003922885342832,0.9724770642201837,0.9814814814814816,0.8846153846153846,0.8518518518518519,0.8518518518518519,"[[106, 2], [4, 23]]",0.8518518518518519,0.9814814814814816,2,0.0668275478002598,logvar,18,chb19,135,27,18,0.13,-1,0,,
0.8814814814814815,0.8036363636363637,0.8249223602484472,0.787037037037037,0.9458161865569272,0.2607742230662546,0.1612403259602264,0.9272727272727272,0.9444444444444444,0.68,0.6296296296296297,0.6296296296296297,"[[102, 6], [10, 17]]",0.6296296296296297,0.9444444444444444,6,0.2004826434007796,shallow,18,chb19,135,27,126,0.73,-1,0,,
0.8277777777777777,0.748637326005676,0.7352741470039043,0.7673611111111112,0.7411265432098766,0.5005684141987435,0.3118208192885718,0.8896797153024911,0.8680555555555556,0.6075949367088608,0.6666666666666666,0.6666666666666666,"[[125, 19], [12, 24]]",0.6666666666666666,0.8680555555555556,19,0.6886137118695259,logvar,19,chb20,180,36,18,0.1,-1,0,,
0.4722222222222222,0.4299809993666456,0.4888544891640867,0.4826388888888889,0.4988425925925926,1.032150524260205,0.6818189458376078,0.5851528384279476,0.4652777777777778,0.2748091603053435,0.5,0.5,"[[67, 77], [18, 18]]",0.5,0.4652777777777778,77,2.7906976744186047,shallow,19,chb20,180,36,126,0.59,-1,0,,
0.7833333333333333,0.6972049689440993,0.6832386363636364,0.7239583333333333,0.787326388888889,0.5347358925023703,0.3519067725032304,0.8586956521739131,0.8229166666666666,0.5357142857142857,0.625,0.625,"[[79, 17], [9, 15]]",0.625,0.8229166666666666,17,0.5178541208326283,logvar,20,chb21,120,24,18,0.1,-1,0,,
0.8916666666666667,0.8009950248756219,0.8809523809523809,0.7604166666666666,0.9123263888888888,0.3045637594769243,0.1890528254361831,0.9353233830845772,0.9791666666666666,0.6666666666666666,0.5416666666666666,0.5416666666666666,"[[94, 2], [11, 13]]",0.5416666666666666,0.9791666666666666,2,0.0609240142156033,shallow,20,chb21,120,24,126,0.59,-1,0,,
0.7833333333333333,0.7378151260504202,0.7256169212690953,0.8333333333333333,0.9227430555555556,0.4917921067247501,0.3225786156842175,0.8470588235294118,0.75,0.6285714285714286,0.9166666666666666,0.9166666666666666,"[[72, 24], [2, 22]]",0.9166666666666666,0.75,24,0.7741241824209301,logvar,21,chb22,120,24,18,0.1,-1,0,,
0.9583333333333334,0.9316239316239316,0.955988455988456,0.9114583333333334,0.9930555555555556,0.1144396776612342,0.0618572815878824,0.9743589743589745,0.9895833333333334,0.8888888888888888,0.8333333333333334,0.8333333333333334,"[[95, 1], [4, 20]]",0.8333333333333334,0.9895833333333334,1,0.0322551742675387,shallow,21,chb22,120,24,126,0.58,-1,0,,
0.8734693877551021,0.8369086731516675,0.80625,0.9209183673469388,0.9587671803415244,0.4316909422446061,0.256128998750102,0.9141274238227148,0.8418367346938775,0.7596899224806202,1.0,1.0,"[[165, 31], [0, 49]]",1.0,0.8418367346938775,31,1.167608286252354,logvar,22,chb23,245,49,18,0.12,-1,0,,
0.7877551020408163,0.7463364128703409,0.7355112844803566,0.8520408163265306,0.9394002498958768,0.5036537652345012,0.3082278164793841,0.8488372093023255,0.7448979591836735,0.6438356164383562,0.9591836734693876,0.9591836734693876,"[[146, 50], [2, 47]]",0.9591836734693876,0.7448979591836735,50,1.8832391713747645,shallow,22,chb23,245,49,126,0.49,-1,0,,
0.6092307692307692,0.576775185849782,0.6233396584440227,0.6923076923076923,0.8256213017751479,0.6949317760629654,0.48676602058151,0.6939759036144578,0.5538461538461539,0.4595744680851064,0.8307692307692308,0.8307692307692308,"[[144, 116], [11, 54]]",0.8307692307692308,0.5538461538461539,116,5.447430211322724,logvar,23,chb24,325,65,18,0.13,-1,0,,
0.7723076923076924,0.7052696078431373,0.689935064935065,0.7596153846153846,0.8623076923076923,0.4985313344556392,0.3311163107940559,0.8458333333333333,0.7807692307692308,0.5647058823529412,0.7384615384615385,0.7384615384615385,"[[203, 57], [17, 48]]",0.7384615384615385,0.7807692307692308,57,2.6767545003913384,shallow,23,chb24,325,65,126,0.69,-1,0,,
0.916,0.8421479900177395,0.9524886877828054,0.79,0.976,0.23438116907302695,0.1316086441753414,0.9501187648456056,1.0,0.7341772151898734,0.58,0.58,"[[200, 0], [21, 29]]",0.58,1.0,0,0.0,score,0,chb01,250,50,63396,0.0,-1,0,,0.65
0.96,0.9322493224932249,0.9761904761904762,0.9,0.9575,0.22191737566626338,0.12179934314796767,0.975609756097561,1.0,0.8888888888888888,0.8,0.8,"[[80, 0], [4, 16]]",0.8,1.0,0,0.0,score,1,chb02,100,20,63396,0.0,-1,0,,0.4
0.8755555555555555,0.7449805699481865,0.9081502299437915,0.6972222222222222,0.9182716049382716,0.3030440248662579,0.1792370215363065,0.927461139896373,0.9944444444444445,0.5625,0.4,0.4,"[[179, 1], [27, 18]]",0.4,0.9944444444444445,1,0.02631578947368421,score,2,chb03,225,45,63396,0.0,-1,0,,0.6000000000000001
0.8857142857142857,0.8031557569129824,0.842872191011236,0.7767857142857143,0.937358276643991,0.26771524170519023,0.16068258775769703,0.930635838150289,0.9583333333333334,0.6756756756756757,0.5952380952380952,0.5952380952380952,"[[161, 7], [17, 25]]",0.5952380952380952,0.9583333333333334,7,0.044859014525776134,score,3,chb04,210,42,63396,0.0,-1,0,,0.375
0.4612903225806452,0.4496943927717246,0.5599419916210119,0.5846774193548387,0.6819068678459937,0.9046214751939015,0.66156501682941,0.5295774647887324,0.3790322580645161,0.36981132075471695,0.7903225806451613,0.7903225806451613,"[[94, 154], [13, 49]]",0.7903225806451613,0.3790322580645161,154,3.9484367210312654,score,4,chb05,310,62,63396,0.0,-1,0,,0.8500000000000001
0.7916666666666666,0.5097238110802419,0.6043478260869566,0.5260416666666666,0.890625,0.4274454611359635,0.2677507249880416,0.8815165876777251,0.96875,0.13793103448275862,0.08333333333333333,0.08333333333333333,"[[93, 3], [22, 2]]",0.08333333333333333,0.96875,3,0.0449569162885568,score,5,chb06,120,24,63396,0.0,-1,0,,0.625
0.8777777777777778,0.8090277777777778,0.8090277777777778,0.8090277777777778,0.8811728395061729,0.3557502998288645,0.20882817334014356,0.9236111111111112,0.9236111111111112,0.6944444444444444,0.6944444444444444,0.6944444444444444,"[[133, 11], [11, 25]]",0.6944444444444444,0.9236111111111112,11,0.16405667412378822,score,6,chb07,180,36,63396,0.0,-1,0,,0.4
0.8082474226804124,0.49491047132730875,0.8206332637439109,0.5244845360824743,0.7788553512594324,0.5860021317522907,0.32556407551997996,0.8927335640138409,0.9974226804123711,0.0970873786407767,0.05154639175257732,0.05154639175257732,"[[387, 1], [92, 5]]",0.05154639175257732,0.9974226804123711,1,0.049986114968064425,score,7,chb08,485,97,63396,0.0,-1,0,,0.775
0.896774193548387,0.8346666666666667,0.8435960591133005,0.8266129032258065,0.8811134235171696,0.322873396929169,0.18408005279300743,0.936,0.9435483870967742,0.7333333333333333,0.7096774193548387,0.7096774193548387,"[[117, 7], [9, 22]]",0.7096774193548387,0.9435483870967742,7,0.10315186246418338,score,8,chb09,155,31,63396,0.0,-1,0,,0.45
0.6163265306122448,0.5718057414844564,0.6030649038461539,0.6607142857142858,0.8157017909204498,0.651478359663623,0.4693970941589086,0.7098765432098766,0.5867346938775511,0.43373493975903615,0.7346938775510204,0.7346938775510204,"[[115, 81], [13, 36]]",0.7346938775510204,0.5867346938775511,81,1.6193702449047591,score,9,chb10,245,49,63396,0.0,-1,0,,0.375
0.9036144578313253,0.8281573498964803,0.8925071057532098,0.7906626506024097,0.9127957613586878,0.27157087094322535,0.15355627075902925,0.9420289855072463,0.9789156626506024,0.7142857142857143,0.6024096385542169,0.6024096385542169,"[[325, 7], [33, 50]]",0.6024096385542169,0.9789156626506024,7,0.20121366975407218,score,10,chb11,415,83,63396,0.0,-1,0,,0.925
0.8048780487804879,0.497494280422704,0.722155328115593,0.524390243902439,0.7133650604798731,0.5135549159031483,0.3072887000445117,0.8905109489051095,0.991869918699187,0.1044776119402985,0.056910569105691054,0.056910569105691054,"[[488, 4], [116, 7]]",0.056910569105691054,0.991869918699187,4,0.19339242546333602,score,11,chb12,615,123,63396,0.0,-1,0,,0.775
0.8149253731343283,0.5290676582622891,0.8355836236933798,0.542910447761194,0.8185564713744709,0.6277092211422727,0.29844115601654553,0.8959731543624161,0.996268656716418,0.16216216216216217,0.08955223880597014,0.08955223880597014,"[[267, 1], [61, 6]]",0.08955223880597014,0.996268656716418,1,0.030303030303030304,score,12,chb13,335,67,63396,0.0,-1,0,,0.7000000000000001
0.8,0.4444444444444444,0.4,0.5,0.38498263888888895,1.5440518369160574,0.4020299525549971,0.8888888888888888,1.0,0.0,0.0,0.0,"[[96, 0], [24, 0]]",0.0,1.0,0,0.0,score,13,chb14,120,24,63396,0.0,-1,0,,0.6000000000000001
0.8962616822429906,0.8334807802582822,0.8432316577145198,0.8247663551401869,0.916630273386322,0.2948800777148749,0.1730489637707952,0.9357266936884772,0.9439252336448598,0.7312348668280871,0.705607476635514,0.705607476635514,"[[808, 48], [63, 151]]",0.705607476635514,0.9439252336448598,48,1.199833356478267,score,14,chb15,1070,214,63396,0.0,-1,0,,0.675
0.8428571428571429,0.6650717703349283,0.823076923076923,0.6339285714285714,0.6556122448979592,0.5309842917118084,0.2959192989450198,0.9090909090909091,0.9821428571428571,0.42105263157894735,0.2857142857142857,0.2857142857142857,"[[55, 1], [10, 4]]",0.2857142857142857,0.9821428571428571,1,0.05263157894736842,score,15,chb16,70,14,63396,0.0,-1,0,,0.42500000000000004
0.7375,0.6660703637447823,0.656533892382949,0.71875,0.744384765625,0.6450347828269127,0.37010414366379973,0.8205128205128205,0.75,0.5116279069767442,0.6875,0.6875,"[[96, 32], [10, 22]]",0.6875,0.75,32,1.5234065062152868,score,16,chb17,160,32,63396,0.0,-1,0,,0.525
0.8263157894736842,0.5993866206632164,0.8032535297728668,0.5855263157894737,0.8767313019390581,0.5173433920297517,0.2193093793618094,0.9009009009009009,0.9868421052631579,0.2978723404255319,0.18421052631578946,0.18421052631578946,"[[150, 2], [31, 7]]",0.18421052631578946,0.9868421052631579,2,0.05612722170252572,score,17,chb18,190,38,63396,0.0,-1,0,,0.45
0.8074074074074075,0.4819952774498229,0.9029850746268657,0.5185185185185185,0.9125514403292181,0.487998758916139,0.2578357928171552,0.8925619834710744,1.0,0.07142857142857142,0.037037037037037035,0.037037037037037035,"[[108, 0], [26, 1]]",0.037037037037037035,1.0,0,0.0,score,18,chb19,135,27,63396,0.0,-1,0,,0.5
0.8666666666666667,0.738562091503268,0.8518518518518519,0.6979166666666666,0.8125,0.4931381203995011,0.24337122939724343,0.9215686274509803,0.9791666666666666,0.5555555555555556,0.4166666666666667,0.4166666666666667,"[[141, 3], [21, 15]]",0.4166666666666667,0.9791666666666666,3,0.10872848082150409,score,19,chb20,180,36,63396,0.0,-1,0,,0.5750000000000001
0.825,0.5618153364632238,0.9102564102564102,0.5625,0.8480902777777778,0.9857517355034583,0.3343832446451763,0.9014084507042254,1.0,0.2222222222222222,0.125,0.125,"[[96, 0], [21, 3]]",0.125,1.0,0,0.0,score,20,chb21,120,24,63396,0.0,-1,0,,0.6000000000000001
0.8583333333333333,0.6851365951535731,0.9247787610619469,0.6458333333333334,0.9839409722222222,0.3381750902827994,0.21008765025057408,0.9186602870813397,1.0,0.45161290322580644,0.2916666666666667,0.2916666666666667,"[[96, 0], [17, 7]]",0.2916666666666667,1.0,0,0.0,score,21,chb22,120,24,63396,0.0,-1,0,,0.675
0.9306122448979591,0.8812070391603206,0.9267098906687008,0.8494897959183674,0.9759475218658892,0.2026721952502659,0.11188786485068687,0.9578163771712159,0.9846938775510204,0.8045977011494253,0.7142857142857143,0.7142857142857143,"[[193, 3], [14, 35]]",0.7142857142857143,0.9846938775510204,3,0.11299435028248588,score,22,chb23,245,49,63396,0.0,-1,0,,0.5
0.9076923076923077,0.8334358343583436,0.9073890813128813,0.7923076923076924,0.9007692307692309,0.2970966973044681,0.1448216368937585,0.9446494464944649,0.9846153846153847,0.7222222222222222,0.6,0.6,"[[256, 4], [26, 39]]",0.6,0.9846153846153847,4,0.1878424210800939,score,23,chb24,325,65,63396,0.0,-1,0,,0.775
